title,abstract,publish_time
Existing Drugs Considered as Promising in COVID-19 Therapy.,"COVID-19 is a respiratory disease caused by newly discovered severe acute respiratory syndrome coronavirus 2 (SARS-CoV-2). The disease at first was identified in the city of Wuhan, China in December 2019. Being a human infectious disease, it causes high fever, cough, breathing problems. In some cases it can be fatal, especially in people with comorbidities like heart or kidney problems and diabetes. The current COVID-19 treatment is based on symptomatic therapy, so finding an appropriate drug against COVID-19 remains an immediate and crucial target for the global scientific community. Two main processes are thought to be responsible for the COVID-19 pathogenesis. In the early stages of infection, disease is determined mainly by virus replication. In the later stages of infection, by an excessive immune/inflammatory response, leading to tissue damage. Therefore, the main treatment options are antiviral and immunomodulatory/anti-inflammatory agents. Many clinical trials have been conducted concerning the use of various drugs in COVID-19 therapy, and many are still ongoing. The majority of trials examine drug reposition (repurposing), which seems to be a good and effective option. Many drugs have been repurposed in COVID-19 therapy including remdesivir, favipiravir, tocilizumab and baricitinib. The aim of this review is to highlight (based on existing and accessible clinical evidence on ongoing trials) the current and available promising drugs for COVID-19 and outline their characteristics.",2021-05-21
Management of COVID-19 in patients with seizures: Mechanisms of action of potential COVID-19 drug treatments and consideration for potential drug-drug interactions with anti-seizure medications.,"In regard to the global pandemic of COVID-19, it seems that persons with epilepsy (PWE) are not more vulnerable to get infected by SARS-CoV-2, nor are they more susceptible to a critical course of the disease. However, management of acute seizures in patients with COVID-19 as well as management of PWE and COVID-19 needs to consider potential drug-drug interactions between antiseizure drugs and candidate drugs currently assessed as therapeutic options for COVID-19. Repurposing of several licensed and investigational drugs is discussed for therapeutic management of COVID-19. While for none of these approaches, efficacy and tolerability has been confirmed yet in sufficiently powered and controlled clinical studies, testing is ongoing with multiple clinical trials worldwide. Here, we have summarized the possible mechanisms of action of drugs currently considered as potential therapeutic options for COVID-19 management along with possible and confirmed drug-drug interactions that should be considered for a combination of antiseizure drugs and COVID-19 candidate drugs. Our review suggests that potential drug-drug interactions should be taken into account with drugs such as chloroquine/hydroxychloroquine and lopinavir/ritonavir while remdesivir and tocilizumab may be less prone to clinically relevant interactions with ASMs.",2021-05-19
Common anti-COVID-19 drugs and their anticipated interaction with anesthetic agents.,"The corona virus disease 2019 (COVID-19) pandemic has till date (26/7/20) affected 1crore 62 lac 73 thousand 638 people globally with almost 6.5 lakh mortalities. COVID-19 has invaded the operation theatre and intensive care unit (ICU) in a short span of 6 months. It appears inevitable that all of us, as anesthesiologists, have to treat COVID-positive patients, either in the ICU or the operation theatre. Many asymptomatic, presumably noninfected people including frontline health care workers are also consuming potential anticorona viral drugs (such as hydroxychloroquine) prophylactically and may present for surgery. Detailed knowledge of which anesthetic and perioperative care drugs can interact with anti-COVID drugs would be very valuable for pre, intra-, and postoperative management of such patients and COVID-19 positive patients requiring intubation, mechanical ventilation, and ICU-sedation. Powered with this knowledge, anesthesiologists and intensivists can minimize the adverse effects of drug interactions. An extensive literature search using different search engines including Cochrane, Embase, Google Scholar, Scopus, and PubMed for all indexed review articles, original articles, case reports, and referenced webpages was performed to extract the most current and relevant literature on drug-drug interactions for clinicians.",2021-04-01
Experimental therapies under investigation for COVID-19.,"Coronavirus Disease 2019, caused by the virus, Severe Acute Respiratory Syndrome Coronavirus-2 (SARS-CoV-2), is a pandemic first discovered in Wuhan, China which has claimed over 1.7 million lives to date across the globe as of 24 December 2020. As the virus spreads across the world affecting millions of patients, there has been a massive movement to discover readily available and effective treatment options including vaccines. One of the limiting factors in treating the disease is its varied presentation and effect in patients, ranging from asymptomatic patients to those left in intensive care units, intubated and fighting for their lives. There are numerous clinical trials and small-scale studies underway to investigate potential treatment options. However, very few studies and drugs demonstrated efficacy while many more are under investigation, leaving care teams dependent on supportive care coupled with experimental treatment options. In this review, we summarize the various treatment options explored to treat COVID-19, discussing possible the mechanisms of fighting the virus.",2021-03-23
"Drug-drug Interactions between COVID-19 Treatments and Antidepressants, Mood Stabilizers/Anticonvulsants, and Benzodiazepines: Integrated Evidence from 3 Databases.","<h4>Introduction</h4>The SARS-CoV-2 pandemic with psychiatric comorbidities leads to a scenario in which the use of psychotropic drugs may be required. This requires the support of evidence-based medicine to take into account possible interactions between antidepressants, mood stabilizers, benzodiazepines, and coronavirus infection treatments.<h4>Methods</h4>Three databases were consulted: (a) Lexicomp Drug Interactions, (b) Micromedex Solutions Drugs Interactions, (c)Liverpool Drug Interaction Group for COVID-19 therapies. The CredibleMeds QTDrugs List was also queried. Hydroxychloroquine, chloroquine, azithromycin, lopinavir-ritonavir, remdesivir, favipiravir, tocilizumab, baricitinib, anakinra, and dexamethasone - drugs used for SARS-CoV-2 - were analyzed, and consensus recommendations are made.<h4>Results</h4>The potential interactions of agomelatine, desvenlafaxine, duloxetine, milnacipran, and vortioxetine with COVID-19 treatments shall be considered less risky. Antidepressant interactions with hydroxychloroquine, chloroquine, and azithromycin enhance the risk of QT prolongation, and ECG monitoring is advised for most antidepressants. Antidepressants with lopinavir/ritonavir involve multiple CYP enzyme interactions (except with milnacipran). Gabapentin, oxcarbazepine, pregabalin, topiramate, and zonisamide are safe treatment options that have no significant interactions with COVID-19 treatments. Lithium is contraindicated with hydroxychloroquine, chloroquine, and azithromycin. Precaution should be taken in using valproic acid with lopinavir-ritonavir. The use of benzodiazepines does not present a risk of drug interaction with COVID-19 treatments, except lopinavir/ritonavir.<h4>Conclusions</h4>Clinicians prescribing antidepressants, mood stabilizers/anticonvulsants, and benzodiazepines, should be aware of the probable risk of drug-drug interaction with COVID-19 medications and may benefit from heeding these recommendations for use to ensure patient safety.",2021-06-25
"COVID-19: Failure of the DisCoVeRy Clinical Trial, and Now-New Hopes?","The DisCoVeRy clinical trial aimed at the evaluation of four treatments for patients suffering from severe to critical COVID-19: Hydroxychloroquine, eventually associated with azithromycin; the combination lopinavir/ritonavir; the combination with the addition of interferon β-1a; remdesivir. The trial was discontinued due to the lack of positive results. Meanwhile, many other potential options have been considered either to target the virus itself, the interactions with the host cells, or the cytokine storm frequently observed during the infection. Several of those options are briefly reviewed. They include vaccines, small molecules, antibodies, and stem cells.",2021-07-11
The Saudi Critical Care Society Practice Guidelines on the Management of COVID-19 in the ICU: Therapy Section,"<title>Abstract</title>  <p><bold>Background</bold>The rapid increase in coronavirus disease 2019 (COVID-19) cases during the subsequent waves in Saudi Arabia and other countries prompted the Saudi Critical Care Society (SCCS) to put together a panel of experts to issue evidence-based recommendations for the management of COVID-19 in the intensive care unit (ICU).<bold>Methods</bold>The SCCS COVID-19 panel included 51 experts with expertise in critical care, respirology, infectious disease, epidemiology, emergency medicine, clinical pharmacy, nursing, respiratory therapy, methodology, and health policy. All members completed an electronic conflict of interest disclosure form. The panel addressed 9 questions that are related to the therapy of COVID-19 in the ICU. We identified relevant systematic reviews and clinical trials, then used the Grading of Recommendations, Assessment, Development and Evaluation (GRADE) approach as well as the evidence-to-decision framework (EtD) to assess the quality of evidence and generate recommendations.<bold>Results</bold>The SCCS COVID-19 panel issued 12 recommendations on pharmacotherapeutic interventions (immunomodulators, antiviral agents, and anticoagulants) for severe and critical COVID-19, of which 3 were strong recommendations and 9 were weak recommendations. <bold>Conclusion</bold>The SCCS COVID-19 panel used the GRADE approach to formulate recommendations on therapy for COVID-19 in the ICU. The EtD framework allows adaptation of these recommendations in different contexts. The SCCS guideline committee will update recommendations as new evidence becomes available.</p>",2021-06-07
Systematic and Statistical Review of Coronavirus Disease 19 Treatment Trials.,"The following systematic review and meta-analysis compile the current data regarding human controlled COVID-19 treatment trials. An electronic search of the literature compiled studies pertaining to human controlled treatment trials with COVID-19. Medications assessed included lopinavir/ritonavir, arbidol, hydroxychloroquine, tocilizumab, favipiravir, heparin, and dexamethasone. Statistical analyses were performed for common viral clearance endpoints whenever possible. Lopinavir/ritonavir showed no significant effect on viral clearance for COVID-19 cases (OR 0.95 [95% CI 0.50-1.83]). Hydroxychloroquine also showed no significant effect on COVID-19 viral clearance rates (OR 2.16 [95% CI 0.80-5.84]). Arbidol showed no 7-day (OR 1.63 [95% CI 0.76-3.50]) or 14-day viral (OR 5.37 [95% CI 0.35-83.30]) clearance difference compared to lopinavir/ritonavir. Review of literature showed no significant clinical improvement with lopinavir/ritonavir, arbidol, hydroxychloroquine, or remdesivir. Tocilizumab showed mixed results regarding survival. Favipiravir showed quicker symptom improvement compared to lopinavir/ritonavir and arbidol. Heparin and dexamethasone showed improvement with severe COVID-19 cases requiring supplemental oxygenation. Current medications do not show significant effect on COVID-19 viral clearance rates. Tocilizumab showed mixed results regarding survival. Favipiravir shows favorable results compared to other tested medications. Heparin and dexamethasone show benefit especially for severe COVID-19 cases.",2020-07-15
"Immune Therapy, or Antiviral Therapy, or Both for COVID-19: A Systematic Review.","<h4>Background</h4>Based on current evidence, recent guidelines of the National Institute of Health, USA indicated the use of remdesivir and dexamethasone for the treatment of COVID-19 patients with mild-moderate disease, not requiring high-flow oxygen. No therapeutic agent directed against the immunologic pathogenic mechanisms related to the cytokine release syndrome complicating the disease was indicated.<h4>Objectives</h4>The purpose of this review was to assess the clinical impact of different therapies for COVID-19; thus, helping to identify the optimal management of the disease. To explain the rationale for the different therapeutic approaches, the characteristics of SARS-CoV-2, the pathogenesis of COVID-19, and the immune response triggered by SARS-CoV-2 infection were reported.<h4>Methods</h4>The efficacy assessment of the different treatments was performed by a systematic review in accordance with Preferred Reporting Items for Systematic Reviews and Meta-Analyses (PRISMA). Available English language published articles including randomised controlled trials, open-label trials of antivirals and immune therapies extracted from Medline, Google Scholar, and MedRxiv databases were analysed. For inclusion, the primary end point of the trials had to be the efficacy as measured by the improvement of clinical features, or mortality, or the Intensive Care Unit Admission rate, or the discharge number. Case reports, paediatric studies, and studies without control group were excluded. The literature search was extended up to August 15, 2020.<h4>Results</h4>After the removal of duplicate articles, and the exclusion of studies not meeting the eligibility criteria, 2 trials of lopinavir/ritonavir, 1 of favipiravir, 3 of remdesivir, 1 of dexamethasone, 3 of hydroxychloroquine, 2 of colchicine, 6 of tocilizumab, 1 of sarilumab, 1 of siltuximab, 2 of anakinra, 3 of baricitinib, 1 of ruxolitinib, 1 of mavrilimumab, and 1 of itolizumab were suitable for the review. Among antivirals, only remdesivir significantly reduced the time to recovery, and mortality. Data for chloroquine and hydroxychloroquine were largely inconclusive. In a large trial, dexamethasone 6 mg/day reduced mortality by one-third. Trials of tocilizumab and sarilumab did not definitively demonstrate efficacy. Anakinra significantly reduced the mortality in 2 trials. Three retrospective trials on a cumulative number of 145 patients, reported the efficacy of baricitinib, with significant reduction of intensive care unit admission, and deaths. These results were recently confirmed by the ACTT-2 trial. Due to paucity of studies and to the small size clinical series, the results of other immune therapies were not conclusive.<h4>Conclusions</h4>Beyond the supportive therapy, up to now the best therapeutic approach for COVID-19 may be a three-step combination therapy, including remdesivir 100 mg/day (200 mg loading dose on first day) in the first stage of the disease, and combined dexamethasone 6 mg/day plus baricitinib 4 mg/day to target the immune dysregulation triggered by the SARS-CoV-2 infection. The promising results of anakinra should be confirmed by the ongoing RCTs.",2020-12-01
Case Management of COVID-19 (Secondary Version).,"Case management of COVID-19 is critically important to save lives and reduce the fear and anxiety evoked by this disease in communities. However, most healthcare systems have been overwhelmed in many parts of the world. It is also essential to screen patients to be able to identify those who are likely to suffer from severe disease, to ensure more effective use of medical resources. Disease severity can be determined based on simple vital signs; some laboratory markers are useful adjuncts. Treatment for COVID-19 is largely supportive although a number of repurposed drugs have been evaluated for its efficacy in clinical trials. For example, dexamethasone has now been considered as a standard therapy for severe cases, while remdesivir and tocilizumab are promising agents in selected patient groups.",2021-07-09
A Minireview of the Promising Drugs and Vaccines in Pipeline for the Treatment of COVID-19 and Current Update on Clinical Trials.,"The COVID-19 is affecting thousands of peoples day by day and continues to spread across the world. The present review has focused on promising repurposing drugs, including remdesivir, lopinvar/retinovar, favipiravir, hydroxychloroquine, monoclonal antibodies and vaccines against the SARS-CoV-2 infection. Besides, our review has also focused on many organizations that are in the race to develop vaccines using various approaches including DNA, RNA, viral vectors and subunit proteins against this highly contagious respiratory disease. The spike protein is being studied by scientists all over the world to develop potential vaccines. The antiviral drugs, antibodies and vaccines developed by various researchers around the world have entered clinical trials in humans. The current clinical trials for antiviral agents and vaccines with promising outcomes are being discussed. So far, four vaccines developed by the Pfizer-BioNTech vaccine, the Johnson and Johnson vaccine and two AstraZeneca vaccines (produced by SKBio in the Republic of Korea and Serum Institute of India) are approved by the World Health Organization for public use.",2021-06-09
Recommendations for Dosing of Repurposed COVID-19 Medications in Patients with Renal and Hepatic Impairment.,"<h4>Introduction</h4>In December 2019, an outbreak of a novel severe acute respiratory syndrome coronavirus 2 (SARS-CoV-2) began, resulting in a number of antivirals and immune modulators being repurposed to treat the associated coronavirus disease 2019 (COVID-19). Many patients requiring treatment for COVID-19 may have either pre-existing renal or hepatic disease or experience acute renal/hepatic injury as a result of the acute infection. Altered renal or hepatic function can significantly affect drug concentrations of medications due to impaired drug metabolism and excretion, resulting in toxicity or reduced efficacy. The aim of this paper is to review the pharmacokinetics and available study data for the experimental COVID-19 therapies in patients with any degree of renal or hepatic impairment to make recommendations for dosing.<h4>Methods</h4>COVID-19 agents included in these recommendations were listed as primaries on the University of Liverpool COVID-19 drug interaction website ( www.covid19-druginteractions.org ), initially identified from Clinicialtrials.gov and ChicCTR.org.cn. A literature search was performed using PubMed and EMBASE as well as product licences and pharmacokinetic databases.<h4>Findings</h4>Remdesivir, dexamethasone, azithromycin, favipiravir, lopinavir/ritonavir, atazanavir, hydroxychloroquine, interferon beta, ribavirin, tocilizumab, anakinra and sarilumab were identified as experimental drugs being used in COVID-19 trials as of November 2020. Limited study data was found for these drugs in patients with renal or hepatic impairment for COVID-19 or other indications. Recommendations were made based on available data, consideration of pharmacokinetic properties (including variability), the dosing and anticipated treatment duration of each regimen in COVID-19 and known toxicities.<h4>Conclusion</h4>Dosing of drugs used to treat COVID-19 in patients with renal or hepatic impairment is complex. These recommendations were produced to provide guidance to clinicians worldwide who are treating patients with COVID-19, many of whom will have some degree of acute or chronic renal or hepatic impairment.",2020-12-17
Therapeutic strategies to fight COVID-19: Which is the status artis?,"COVID-19 is a complex disease, and many difficulties are faced today especially in the proper choice of pharmacological treatments. The role of antiviral agents for COVID-19 is still being investigated and evidence for immunomodulatory and anti-inflammatory drugs is quite conflicting, whereas the use of corticosteroids is supported by robust evidence. The use of heparins in hospitalized critically ill patients is preferred over other anticoagulants. There are conflicting data on the use of convalescent plasma and vitamin D. According to the World Health Organization (WHO), many vaccines are in Phase III clinical trials, and some of them have already received marketing approval in European countries and in the United States. In conclusion, drug repurposing has represented the main approach recently used in the treatment of patients with COVID-19. At this moment, analysis of efficacy and safety data of drugs and vaccines used in real-life context is strongly needed. LINKED ARTICLES: This article is part of a themed issue on The second wave: are we any closer to efficacious pharmacotherapy for COVID 19? (BJP 75th Anniversary). To view the other articles in this section visit http://onlinelibrary.wiley.com/doi/10.1111/bph.v179.10/issuetoc.",2021-05-07
Possible treatment and strategies for COVID-19: review and assessment.,"The coronavirus disease 2019 (COVID-19) is declared as an international emergency in 2020. Its prevalence and fatality rate are rapidly increasing but the medication options are still limited for this perilous disease. The emergent outbreak of COVID-19 triggered by severe acute respiratory syndrome coronavirus 2 (SARS-CoV-2) keeps propagating globally. The present scenario has emphasized the requirement for therapeutic opportunities to relive and overcome this latest pandemic. Despite the fact, the deteriorating developments of COVID-19, there is no drug certified to have considerable effects in the medical treatment for COVID-19 patients. The COVID-19 pandemic requests for the rapid testing of new treatment approaches. Based on the evidence, hydroxychloroquine is the first medicine opted for the treatment of disease. Umifenovir, remdesivir, and fevipiravir are deemed the most hopeful antiviral agent by improving the health of infected patients. The dexamethasone is a first known steroid medicine that can save the lives of seriously ill patients, and it is shown in a randomized clinical trial by the United Kingdom that it reduced the death rate in COVID-19 patients. The current review recapitulates the existing evidence of possible therapeutic drugs, peptides, humanized antibodies, convulsant plasma, and vaccination that has revealed potential in fighting COVID-19 infections. Many randomized and controlled clinical trials are taking place to further validate these agent's safety and effectiveness in curing COVID-19.",2020-12-01
A Systematic Review and Network Meta-Analysis for COVID-19 Treatments,"<h4>Background</h4> Numerous interventions for coronavirus disease 2019 (COVID-19) have been investigated by randomized controlled trials (RCTs). This systematic review and Bayesian network meta-analysis (NMA) aim to provide a comprehensive evaluation of efficacy of available treatments for COVID-19. <h4>Methods</h4> We searched for candidate COVID-19 studies in WHO COVID-19 Global Research Database, PubMed, PubMed Central, LitCovid, Proquest Central and Ovid up to December 19, 2020. RCTs for suspected or confirmed COVID-19 patients were included, regardless of publication status or demographic characteristics. Bayesian NMA with fixed effects was conducted to estimate the effect sizes using posterior means and 95% equal-tailed credible intervals (CrIs), while that with random effects was carried out as well for sensitivity analysis. Bayesian hierarchical models were used to estimate effect sizes of treatments grouped by their drug classifications. <h4>Results</h4> We identified 96 eligible RCTs with a total of 51187 patients. Compared with the standard of care (SOC), this NMA showed that dexamethasone led to lower risk of mortality with an odds ratio (OR) of 0.85 (95% CrI [0.76, 0.95]; moderate certainty) and lower risk of mechanical ventilation (MV) with an OR of 0.68 (95% CrI [0.56, 0.83]; low certainty). For hospital discharge, remdesivir (OR 1.37, 95% CrI [1.15, 1.64]; moderate certainty), dexamethasone (OR 1.20, 95% CrI [1.08, 1.34]; low certainty), interferon beta (OR 2.15, 95% CrI [1.26, 3.74]; moderate certainty), tocilizumab (OR 1.40, 95% CrI [1.05, 1.89]; moderate certainty) and baricitinib plus remdesivir (OR 1.75, 95% CrI [1.28, 2.39]; moderate certainty) could all increase the discharge rate respectively. Recombinant human granulocyte colony-stimulating factor indicated lower risk of MV (OR 0.20, 95% CrI [0.10, 0.40]; moderate certainty); and patients receiving convalescent plasma resulted in better viral clearance (OR 2.28, 95% CrI [1.57, 3.34]; low certainty). About two-thirds of the studies included in this NMA were rated as high risk of bias, and the certainty of evidence was either low or very low for most of the comparisons. <h4>Conclusion</h4> The Bayesian NMA identified superiority of several COVID-19 treatments over SOC in terms of mortality, requirement of MV, hospital discharge and viral clearance. These results provide a comprehensive comparison of current COVID-19 treatments and shed new light on further research and discovery of potential COVID-19 treatments.",2020-12-22
Disease-drug and drug-drug interaction in COVID-19: Risk and assessment.,"COVID-19 is announced as a global pandemic in 2020. Its mortality and morbidity rate are rapidly increasing, with limited medications. The emergent outbreak of COVID-19 prompted by severe acute respiratory syndrome coronavirus 2 (SARS-CoV-2) keeps spreading. In this infection, a patient's immune response plays pivotal role in the pathogenesis. This inflammatory factor was shown by its mediators that, in severe cases, reach the cytokine at peaks. Hyperinflammatory state may sparks significant imbalances in transporters and drug metabolic machinery, and subsequent alteration of drug pharmacokinetics may result in unexpected therapeutic response. The present scenario has accounted for the requirement for therapeutic opportunities to relive and overcome this pandemic. Despite the diminishing developments of COVID-19, there is no drug still approved to have significant effects with no side effect on the treatment for COVID-19 patients. Based on the evidence, many antiviral and anti-inflammatory drugs have been authorized by the Food and Drug Administration (FDA) to treat the COVID-19 patients even though not knowing the possible drug-drug interactions (DDI). Remdesivir, favipiravir, and molnupiravir are deemed the most hopeful antiviral agents by improving infected patient's health. Dexamethasone is the first known steroid medicine that saved the lives of seriously ill patients. Some oligopeptides and proteins have also been using. The current review summarizes medication updates to treat COVID-19 patients in an inflammatory state and their interaction with drug transporters and drug-metabolizing enzymes. It gives an opinion on the potential DDI that may permit the individualization of these drugs, thereby enhancing the safety and efficacy.",2021-04-27
Potential Drug Interactions of Repurposed COVID-19 Drugs with Lung Cancer Pharmacotherapies.,"Lung cancer patients are at heightened risk for developing COVID-19 infection as well as complications due to multiple risk factors such as underlying malignancy, anti-cancer treatment induced immunosuppression, additional comorbidities and history of smoking. Recent literatures have reported a significant proportion of lung cancer patients coinfected with COVID-19. Chloroquine, hydroxychloroquine, lopinavir/ritonavir, ribavirin, oseltamivir, remdesivir, favipiravir, and umifenovir represent the major repurposed drugs used as potential experimental agents for COVID-19 whereas azithromycin, dexamethasone, tocilizumab, sarilumab, famotidine and ceftriaxone are some of the supporting agents that are under investigation for COVID-19 management. The rationale of this review is to identify potential drug-drug interactions (DDIs) occurring in lung cancer patients receiving lung cancer medications and repurposed COVID-19 drugs using Micromedex and additional literatures. This review has identified several potential DDIs that could occur with the concomitant treatments of COVID-19 repurposed drugs and lung cancer medications. This information may be utilized by the healthcare professionals for screening and identifying potential DDIs with adverse outcomes, based on their severity and documentation levels and consequently design prophylactic and management strategies for their prevention. Identification, reporting and management of DDIs and dissemination of related information should be a major consideration in the delivery of lung cancer care during this ongoing COVID-19 pandemic for better patient outcomes and updating guidelines for safer prescribing practices in this coinfected condition.",2020-11-17
Anti-viral treatment for SARS-CoV-2 infection: A race against time amidst the ongoing pandemic.,"Remdesivir (GS-5734), a drug initially developed to treat hepatitis C and Ebola virus disease, was the first approved treatment for severe coronavirus disease 2019 (COVID-19). However, apart from remdesivir, there is a paucity of other specific anti-viral agents against SARS-CoV-2 infection. In 2017, researchers had documented the anti-coronavirus potential of remdesivir in animal models. At the same time, trials performed during two Ebola outbreaks in Africa showed that the drug was safe. Although vaccines against SARS-CoV-2 infection have emerged at an enormously high speed, equivalent results from efforts towards the development of anti-viral drugs, which could have played a truly life-saving role in the current stage of the pandemic, have been stagnating. In this review, we will focus on the current treatment options for COVID-19 which mainly consist of repurposed agents or treatments conferring passive immunity (convalescent plasma or monoclonal antibodies). Additionally, potential specific anti-viral therapies under development will be reviewed, such as the decoy miniprotein CTC-445.2d, protease inhibitors, mainly against the Main protein Mpro, nucleoside analogs, such as molnupiravir and compounds blocking the replication transcription complex proteins, such as zotatifin and plitidepsin. These anti-viral agents seem to be very promising but still require meticulous clinical trial testing in order to establish their efficacy and safety. The continuous emergence of viral variants may pose a real challenge to the scientific community towards that end. In this context, the advent of nanobodies together with the potential administration of a combination of anti-viral drugs could serve as useful tools in the armamentarium against COVID-19.",2021-05-25
Diagnostic approaches and potential therapeutic options for coronavirus disease 2019.,"Severe acute respiratory syndrome coronavirus 2 (SARS-CoV-2) emerged in Wuhan city of China in late December 2019 and identified as a novel coronavirus. Due to its contagious nature, the virus spreads rapidly and causes coronavirus disease 2019 (COVID-19). The global tally of COVID-19 was 28 million in early September 2020. The fears and stress associated with SARS-CoV-2 has demolished the socio-economic status worldwide. Researchers are trying to identify treatments, especially antiviral drugs and/or vaccines, that could potentially control the viral spread and manage the ongoing unprecedented global crisis. To date, more than 300 clinical trials have been conducted on various antiviral drugs, and immunomodulators are being evaluated at various stages of COVID-19. This review aims to collect and summarize a list of drugs used to treat COVID-19, including dexamethasone, chloroquine, hydroxychloroquine, lopinavir/ritonavir, favipiravir, remdesivir, tociluzimab, nitazoxanide and ivermectin. However, some of these drugs are not effective and their use has been suspended by WHO.",2020-09-30
"The History, Efficacy, and Safety of Potential Therapeutics: A Narrative Overview of the Complex Life of COVID-19.","The severe acute respiratory syndrome coronavirus 2 (SARS-CoV-2) pandemic posed a serious public health concern and started a race against time for researchers to discover an effective and safe therapy for coronavirus disease 2019 (COVID-19), the disease caused by SARS-CoV-2. This review aims to describe the history, efficacy, and safety of five potential therapeutics for COVID-19, remdesivir, favipiravir, hydroxychloroquine, tocilizumab, and convalescent plasma. A literature review was conducted through October 2020 to identify published studies evaluating the efficacy and safety of these five potential therapeutics. Clinical improvement was used to assess the efficacy, while reported withdrawals from study participation and adverse events were used to evaluate the safety. In total, 95 clinical studies (6 interventional and 89 observational studies) were obtained, of which 42 were included in this review. The evaluation of the efficacy and safety profiles is challenging due to the limitations of the clinical studies on one hand, and the limited number of randomized controlled trials (RCTs) on the other. Moreover, there was insufficient evidence to support repurposing remdesivir, favipiravir, and tocilizumab for COVID-19.",2021-01-22
COVID-19 Infection: Targeting Possibilities for Treatment.,"The outbreak of novel coronavirus (nCoV) or severe acute respiratory syndrome coronavirus-2 (SARS-CoV-2) in December 2019 in Wuhan, China, has posed an international public health emergency worldwide and forced people to be confined in their homes. This virus is of high-risk category and is declared a pandemic by the World Health Organization (WHO). The worldwide researchers and various health professionals are working together to determine the best way to stop its spread or halt this virus's spread and circumvent this pandemic condition threatening millions of human lives. The absence of definitive treatment is possible to explore to reduce virus infection and enhance patient recovery. Along with off-label medicines, plasma therapy, vaccines, the researchers exploit the various plants/herbs and their constituents to effectively treat nCoV infection. The present study aimed to present brief and most informative salient features of the numerous facts regarding the SARS-CoV-2, including the structure, genomic sequence, recent mutation, targeting possibility, and various hurdles in research progress, and off-labeled drugs, convalescent plasma therapy, vaccine and plants/herbs for the treatment of coronavirus disease-2019 (COVID-19). Results showed that off-labeled drugs such as hydroxychloroquine, dexamethasone, tocilizumab, antiviral drug (remdesivir, favipiravir), etc., give positive results and approved for use or approved for restricted use in some countries like India. Future research should focus on these possibilities that may allow the development of an effective treatment for COVID-19.",2021-01-01
"Kidney injury in COVID-19 patients, drug development and their renal complications: Review study.","Since December 2019, the world was encountered a new disease called coronavirus disease 2019 (COVID-19), caused by severe acute respiratory syndrome coronavirus 2 (SARS-CoV-2). Although SARS-CoV-2 initially causes lung damage, it also affects many other organs, including the kidneys, and on average, 5-23% of people with COVID-19 develop the symptoms of acute kidney injury (AKI), including elevated blood creatinine and urea, hematuria, proteinuria, and histopathological damages. The exact mechanism is unknown, but the researchers believe that SARS-CoV-2 directly and indirectly affects the kidneys. The direct pathway is by binding the virus to ACE2 receptor in the kidney, damage to cells, the renin-angiotensin system disturbances, activating coagulation pathways, and damaging the renal vascular endothelium. The initial evidence from studying the kidney tissue in postmortem patients is more in favor of the direct pathway. The indirect pathway is created by increased cytokines and cytokine storm, sepsis, circulatory disturbances, hypoxemia, as well as using the nephrotoxic drugs. Using renal tissue biopsy and autopsy in the patients with COVID-19, recent studies found evidence for a predominant indirect pathway in AKI induction by SARS-CoV-2. Besides, some studies showed that the degree of acute tubular injury (ATI) in autopsies from COVID-19 victims is milder compared to AKI degree. We review the mechanism of AKI induction and the renal side effects of the most common drugs used to treat COVID-19 after the overview of the latest findings on SARS-CoV-2 pathogenicity.",2021-07-27
Potential COVID-19 Therapeutic Agents and Vaccines: An Evidence-Based Review.,"Since the early days of 2020, the severe acute respiratory syndrome coronavirus 2 pandemic has become a global health concern. Currently, some therapies and vaccines have received US Food and Drug Administration approval or emergency use authorization for the management of coronavirus disease 2019. According to the pathophysiology of the disease, several medications have been evaluated in different clinical conditions of the disease. Evidence-based reviewing and categorizing these medications can guide the clinicians to select the proper medications according to each patient's condition. Therefore, we performed this review to categorize the coronavirus disease 2019 potential therapeutics and vaccines.",2021-03-05
Treatment Options for Coronavirus Disease 2019 in Patients With Reduced or Absent Kidney Function.,"Coronavirus disease 2019, the disease caused by the severe acute respiratory syndrome coronavirus 2 virus, was first identified in the Hubei Province of China in late 2019. Currently, the only role for therapy is treatment of the disease, as opposed to postexposure prophylaxis, however multiple clinical trials are currently ongoing for both treatment and prophylaxis. Treating coronavirus disease 2019 relies on two components; the first is inhibition of the viral entrance and replication within the body and the second is inhibition of an exacerbated immune response which can be seen in patients with severe disease. Many drugs have shown in vitro antiviral activity; however, clinical trials have not been as promising. This review summarizes the current data for the most commonly used drugs for coronavirus disease 2019 and will cover the unique factors that may affect the dosing of these medications in patients with CKD. While clinical trials are ongoing, most are in patients with normal kidney function. During a pandemic, when patients with CKD are at higher risk of both infection and death, it is imperative to include patients these patients in the clinical trials.",2020-09-17
"Tocilizumab, Remdesivir, Favipiravir, and Dexamethasone Repurposed for COVID-19: a Comprehensive Clinical and Pharmacovigilant Reassessment.","In this manuscript, we discuss the expectations versus the real-world results of four repurposed COVID-19 drugs: tocilizumab, remdesivir, favipiravir, and dexamethasone from a clinical and pharmacovigilant point of view. We suggest that though the results of two-phase III double-blind clinical trials have been less than expected, tocilizumab has a real remaining potential to treat selected critical cases of COVID-19 beyond clinical trials until more data are revealed. On the contrary, remdesivir, though its FDA approval, and favipiravir are least likely to benefit COVID-19 patients. Moreover, we recommend that the RECOVERY dexamethasone should only be considered for critical hospitalized COVID-19 patients and we urge physicians in developing countries to avoid using it in mild-moderate COVID-19 cases. Finally, we recommend considering a personalized risk-benefit ratio before a decision is made using any of these drugs.",2021-02-19
Acute severe respiratory syndrome coronavirus-2 treatment overview for pediatrics.,"<h4>Purpose of review</h4>The novel severe respiratory syndrome coronavirus-2 (SARS-CoV-2) virus has caused a world-wide pandemic with devastating effects. Fortunately, most children display only mild-to-moderate symptoms, but there are a subset that will have severe symptoms warranting treatment. This review evaluates the current evidence for antiviral and anti-inflammatory treatment of acute SARS-COV-2 infections, including coronavirus disease 2019 in pediatrics.<h4>Recent findings</h4>Treatment recommendations continue to evolve with emerging results from clinical trials. Initial therapies were tailored to repurposed medications, and have now transitioned toward more specific antiviral therapy. In addition to specific antiviral therapy, there is also support to modulate the immune system and reduce inflammatory damage seen in coronavirus disease 2019. Much of the data result from adult studies with subsequent extrapolation to pediatrics.<h4>Summary</h4>Recommended therapy will continue to adapt as results return from clinical trials. A continued commitment from the National Institutes of Health and research community to assist in determining optimal therapies for pediatric patients is essential. Until then, most recommendations will likely be informed from the results seen in adult populations.",2021-02-01
Experimental Pharmacotherapy for COVID-19: The Latest Advances.,"The coronavirus infectious disease-2019 (COVID-19) has overwhelmed like a shock wave in a completely unprepared world. Despite coronavirus infections were involved in previous epidemic outbreaks, no antiviral agent was developed for specific treatment. As a consequence, since the beginning of this pandemic, both repositioned and experimental drugs were used to treat the infected patients without evidence of clinical efficacy. Just based on experience coming from the use of antiviral agents to treat other viruses (eg, lopinavir/ritonavir, remdesivir) and supposed antiviral or immunomodulatory activities of drugs with no approved antiviral indications (eg hydroxychloroquine, tocilizumab), clinicians have faced the ongoing pandemic. Currently, after about 9 months from the COVID-19 spread, there is still no antiviral agent capable of ensuring the cure of this syndrome. Clinical trials are beginning to confirm the benefits of some drugs, while for other compounds, efficacy and safety have not yet been confirmed. Randomized clinical trials (RCT) have denied or downsized the beneficial effects attributed to certain molecules, such as aminoquinolines, largely used in clinical practice at the beginning of COVID-19 spread. Conversely, at the same time, they have provided evidence for unexpected effectiveness of other agents that have been underutilized, such as steroids, which were not used in SARS treatment because of the threatened effect on viral replication. Evidence deriving from pathologic studies have demonstrated that the prothrombotic effects of SARS-CoV-2 can be prevented by heparin prophylaxis, underlining the need for personalized treatment for patients with severe disease. The main aim of this review is to synthesize the available information and evidence on both repositioned and experimental drugs for the treatment of COVID-19, focusing on the need to exercise caution on the use of unproven medical therapies.",2021-01-07
Favipiravir Use in Kidney Transplant Recipients with Covid 19: A Single Center Experience,"<h4>Aim: </h4> Kidney transplant patients are amongst the high-risk groups for severe Covid 19. To date, no specific antiviral agent has been found uniformly effective against severe acute respiratory syndrome coronavirus 2 (SARS-CoV2). Favipiravir, the recommended drug by The Turkish Ministry of Health, was uniformly supplied to all patients diagnosed to have COVID 19 with a positive nasopharyngeal swap PCR test. The aim of our study was to retrospectively compare our kidney transplant recipients who developed COVID-19 infection started on Favipiravir to those who did not use Favipiravir for the clinical course of the disease with a special emphasis on the occurrence of side effects/adverse events. <h4>Methods:</h4> Thirty-seven consecutive KT recipients with a median age of 46 years and of whom 62.2% were women; 8 deceased /29 living related donor, with a 8.0 (5.5-12.5) years median duration of transplantation were included in the study. <h4>Results:</h4> Twenty-six (70.3%) patients received Favipiravir, 11(29.7%) did not. There was no statistical significance in baseline demographic, clinical and laboratory findings between the groups except that the Favipiravir group was older and had a higher requirement of oxygen treatment. There was no statistically significant difference in the course and outcome of COVID-19 infection, in the occurrence of side effects/adverse events related to Favipiravir between the two groups. Laboratory data at baseline, day7 and 30 were also comparable between the groups. <h4>Conclusion:</h4> Although the efficacy of Favipiravir in the treatment of COVID-19 infection is currently controversial, Favipiravir can safely be used in kidney transplant patients.",2021-06-07
Clinical Management of COVID-19: A Review of Pharmacological Treatment Options.,"Since the outbreak and subsequent declaration of COVID-19 as a global pandemic in March 2020, concerted efforts have been applied by the scientific community to curtail the spread of the disease and find a cure. While vaccines constitute a vital part of the public health strategy to reduce the burden of COVID-19, the management of this disease will continue to rely heavily on pharmacotherapy. This study aims to provide an updated review of pharmacological agents that have been developed and/or repurposed for the treatment of COVID-19. To this end, a comprehensive literature search was conducted using the PubMed, Google Scholar, and LitCovid databases. Relevant clinical studies on drugs used in the management of COVID-19 were identified and evaluated in terms of evidence of efficacy and safety. To date, the FDA has approved three therapies for the treatment of COVID-19 Emergency Use Authorization: convalescent plasma, remdesivir, and casirivimab/imdevimab (REGN-COV2). Drugs such as lopinavir/ritonavir, umifenovir, favipiravir, anakinra, chloroquine, hydroxychloroquine, tocilizumab, interferons, tissue plasminogen activator, intravenous immunoglobulins, and nafamosat have been used off-label with mixed therapeutic results. Adjunctive administration of corticosteroids is also very common. The clinical experience with these approved and repurposed drugs is limited, and data on efficacy for the new indication are not strong. Overall, the response of the global scientific community to the COVID-19 pandemic has been impressive, as evident from the volume of scientific literature elucidating the molecular biology and pathophysiology of SARS-CoV-2 and the approval of three new drugs for clinical management. Reviewed studies have shown mixed data on efficacy and safety of the currently utilized drugs. The lack of standard treatment for COVID-19 has made it difficult to interpret results from most of the published studies due to the risk of attribution error. The long-term effects of drugs can only be assessed after several years of clinical experience; therefore, the efficacy and safety of current COVID-19 therapeutics should continue to be rigorously monitored as part of post-marketing studies.",2021-05-28
"Combination Therapy With Remdesivir, Dexamethasone, and Tocilizumab in Patients With Severe Corona Virus Disease 2019 in Clinical Practice","<title>Abstract</title>  <p>BackgroundThe use of several promising drugs for coronavirus disease 2019 (COVID-19) has emerged. However, considering the pathophysiology of COVID-19, the effect of a single agent is limited. Hence, the current study aimed to compare the clinical outcomes between patients who received combination treatment with remdesivir, dexamethasone, and tocilizumab (RDT) and those who did not.MethodsPatients who received combination therapy with RDT at Japanese Red Cross Medical Center were included in the RDT group, and those who did not in the control group. The mortality rate and presence of severe adverse events were compared between the two groups.ResultsIn total, 46 patients (n = 29, control group and n = 17, RDT group) with severe COVID-19 were enrolled in this study. The 28-day mortality rate was significantly lower in the RDT group than in the control group, with 1 (6%) and 9 (31%) deaths recorded, respectively (P = 0.04). Further, both groups did not present with severe adverse events.ConclusionsInformation on the outcomes of combination therapy with RDT was considered useful for the treatment of severe COVID-19.</p>",2020-10-16
"Immunomodulation as a Potent COVID-19 Pharmacotherapy: Past, Present and Future.","In the first year of its appearance, the 2019 coronavirus disease (COVID-19) has affected more than 150 million individuals and killed 3 million people worldwide. The pandemic has also triggered numerous global initiatives to tackle the newly emerging disease, including the development of SARS-CoV-2 vaccines and the attempt to discover potential pharmacological therapies. Nonetheless, despite the success of SARS-CoV-2 vaccine development, COVID-19 therapy remains challenging. Several repurposed drugs that were documented to be useful in small clinical trials have been shown to be ineffective in larger studies. Additionally, the pathophysiology of SARS-CoV-2 infection displayed the predominance of hyperinflammation and immune dysregulation in inducing multiorgan damage. Therefore, the potential benefits of both immune modulation and suppression in COVID-19 have been extensively discussed. Here, we reviewed the roles of immunomodulation as potential COVID-19 pharmacological modalities based on the existing data and proposed several new immunologic targets to be tested in the foreseeable future.",2021-07-20
Safety perspectives on presently considered drugs for the treatment of COVID-19.,"Intense efforts are underway to evaluate potential therapeutic agents for the treatment of COVID-19. In order to respond quickly to the crisis, the repurposing of existing drugs is the primary pharmacological strategy. Despite the urgent clinical need for these therapies, it is imperative to consider potential safety issues. This is important due to the harm-benefit ratios that may be encountered when treating COVID-19, which can depend on the stage of the disease, when therapy is administered and underlying clinical factors in individual patients. Treatments are currently being trialled for a range of scenarios from prophylaxis (where benefit must greatly exceed risk) to severe life-threatening disease (where a degree of potential risk may be tolerated if it is exceeded by the potential benefit). In this perspective, we have reviewed some of the most widely researched repurposed agents in order to identify potential safety considerations using existing information in the context of COVID-19.",2020-08-13
"Available Compounds With Therapeutic Potential Against COVID-19: Antimicrobial Therapies, Supportive Care, and Probable Vaccines.","The recent outbreak of the COVID-2019 (coronavirus disease 2019) due to the infectious severe acute respiratory syndrome coronavirus 2 (SARS-CoV-2) has realized the requirement of alternative therapeutics to mitigate and alleviate this lethal infection. These alternative therapies are effective when they are started at the initial stage of the infection. Some drugs that were used in previous other related infections SARS-CoV-2003 and Middle East respiratory syndrome coronavirus (MERS-CoV)-2012 could be potentially active against currently emerging SARS-CoV-2. This fact imparts some rationale of current interventions, in the absence of any specific therapeutics for SARS-CoV-2. It is imperative to focus on the available antimicrobial and adjunct therapies during the current emergency state and overcome the challenges associated with the absence of robust controlled studies. There is no established set of drugs to manage SARS-CoV-2 infected patients. However, closely following patients' conditions and responding with the dosage guidelines of available drugs may significantly impact our ability to slow down the infection. Of note, it depends upon the condition of the patients and associated comorbid; therefore, the health workers need to choose the drug combinations judiciously until COVID-19 specific drug or vaccine is developed with the collective scientific rigor. In this article, we reviewed the available antimicrobial drug, supportive therapies, and probable high importance vaccines for the COVID-19 treatment.",2020-10-06
Utilizing Artificial Intelligence to Manage COVID-19 Scientific Evidence Torrent with Risklick AI: A Critical Tool for Pharmacology and Therapy Development.,"<h4>Introduction</h4>The SARS-CoV-2 pandemic has led to one of the most critical and boundless waves of publications in the history of modern science. The necessity to find and pursue relevant information and quantify its quality is broadly acknowledged. Modern information retrieval techniques combined with artificial intelligence (AI) appear as one of the key strategies for COVID-19 living evidence management. Nevertheless, most AI projects that retrieve COVID-19 literature still require manual tasks.<h4>Methods</h4>In this context, we pre-sent a novel, automated search platform, called Risklick AI, which aims to automatically gather COVID-19 scientific evidence and enables scientists, policy makers, and healthcare professionals to find the most relevant information tailored to their question of interest in real time.<h4>Results</h4>Here, we compare the capacity of Risklick AI to find COVID-19-related clinical trials and scientific publications in comparison with clinicaltrials.gov and PubMed in the field of pharmacology and clinical intervention.<h4>Discussion</h4>The results demonstrate that Risklick AI is able to find COVID-19 references more effectively, both in terms of precision and recall, compared to the baseline platforms. Hence, Risklick AI could become a useful alternative assistant to scientists fighting the COVID-19 pandemic.",2021-04-28
Interventions for treatment of COVID-19: Second edition of a living systematic review with meta-analyses and trial sequential analyses (The LIVING Project).,"<h4>Background</h4>COVID-19 is a rapidly spreading disease that has caused extensive burden to individuals, families, countries, and the world. Effective treatments of COVID-19 are urgently needed. This is the second edition of a living systematic review of randomized clinical trials assessing the effects of all treatment interventions for participants in all age groups with COVID-19.<h4>Methods and findings</h4>We planned to conduct aggregate data meta-analyses, trial sequential analyses, network meta-analysis, and individual patient data meta-analyses. Our systematic review was based on PRISMA and Cochrane guidelines, and our eight-step procedure for better validation of clinical significance of meta-analysis results. We performed both fixed-effect and random-effects meta-analyses. Primary outcomes were all-cause mortality and serious adverse events. Secondary outcomes were admission to intensive care, mechanical ventilation, renal replacement therapy, quality of life, and non-serious adverse events. According to the number of outcome comparisons, we adjusted our threshold for significance to p = 0.033. We used GRADE to assess the certainty of evidence. We searched relevant databases and websites for published and unpublished trials until November 2, 2020. Two reviewers independently extracted data and assessed trial methodology. We included 82 randomized clinical trials enrolling a total of 40,249 participants. 81 out of 82 trials were at overall high risk of bias. Meta-analyses showed no evidence of a difference between corticosteroids versus control on all-cause mortality (risk ratio [RR] 0.89; 95% confidence interval [CI] 0.79 to 1.00; p = 0.05; I2 = 23.1%; eight trials; very low certainty), on serious adverse events (RR 0.89; 95% CI 0.80 to 0.99; p = 0.04; I2 = 39.1%; eight trials; very low certainty), and on mechanical ventilation (RR 0.86; 95% CI 0.55 to 1.33; p = 0.49; I2 = 55.3%; two trials; very low certainty). The fixed-effect meta-analyses showed indications of beneficial effects. Trial sequential analyses showed that the required information size for all three analyses was not reached. Meta-analysis (RR 0.93; 95% CI 0.82 to 1.07; p = 0.31; I2 = 0%; four trials; moderate certainty) and trial sequential analysis (boundary for futility crossed) showed that we could reject that remdesivir versus control reduced the risk of death by 20%. Meta-analysis (RR 0.82; 95% CI 0.68 to 1.00; p = 0.05; I2 = 38.9%; four trials; very low certainty) and trial sequential analysis (required information size not reached) showed no evidence of difference between remdesivir versus control on serious adverse events. Fixed-effect meta-analysis showed indications of a beneficial effect of remdesivir on serious adverse events. Meta-analysis (RR 0.40; 95% CI 0.19 to 0.87; p = 0.02; I2 = 0%; two trials; very low certainty) showed evidence of a beneficial effect of intravenous immunoglobulin versus control on all-cause mortality, but trial sequential analysis (required information size not reached) showed that the result was severely underpowered to confirm or reject realistic intervention effects. Meta-analysis (RR 0.63; 95% CI 0.35 to 1.14; p = 0.12; I2 = 77.4%; five trials; very low certainty) and trial sequential analysis (required information size not reached) showed no evidence of a difference between tocilizumab versus control on serious adverse events. Fixed-effect meta-analysis showed indications of a beneficial effect of tocilizumab on serious adverse events. Meta-analysis (RR 0.70; 95% CI 0.51 to 0.96; p = 0.02; I2 = 0%; three trials; very low certainty) showed evidence of a beneficial effect of tocilizumab versus control on mechanical ventilation, but trial sequential analysis (required information size not reached) showed that the result was severely underpowered to confirm of reject realistic intervention effects. Meta-analysis (RR 0.32; 95% CI 0.15 to 0.69; p < 0.00; I2 = 0%; two trials; very low certainty) showed evidence of a beneficial effect of bromhexine versus standard care on non-serious adverse events, but trial sequential analysis (required information size not reached) showed that the result was severely underpowered to confirm or reject realistic intervention effects. Meta-analyses and trial sequential analyses (boundary for futility crossed) showed that we could reject that hydroxychloroquine versus control reduced the risk of death and serious adverse events by 20%. Meta-analyses and trial sequential analyses (boundary for futility crossed) showed that we could reject that lopinavir-ritonavir versus control reduced the risk of death, serious adverse events, and mechanical ventilation by 20%. All remaining outcome comparisons showed that we did not have enough information to confirm or reject realistic intervention effects. Nine single trials showed statistically significant results on our outcomes, but were underpowered to confirm or reject realistic intervention effects. Due to lack of data, it was not relevant to perform network meta-analysis or possible to perform individual patient data meta-analyses.<h4>Conclusions</h4>No evidence-based treatment for COVID-19 currently exists. Very low certainty evidence indicates that corticosteroids might reduce the risk of death, serious adverse events, and mechanical ventilation; that remdesivir might reduce the risk of serious adverse events; that intravenous immunoglobin might reduce the risk of death and serious adverse events; that tocilizumab might reduce the risk of serious adverse events and mechanical ventilation; and that bromhexine might reduce the risk of non-serious adverse events. More trials with low risks of bias and random errors are urgently needed. This review will continuously inform best practice in treatment and clinical research of COVID-19.<h4>Systematic review registration</h4>PROSPERO CRD42020178787.",2021-03-11
Potential Drugs for COVID -19 Treatment Management With Their Contraindications and Drug- Drug Interaction,"Novel Coronavirus (2019-nCOV) causes inflammatory response with worsening symptoms. Classification of potential anti-viral and anti-inflammatory drugs in managing the symptoms of the COVID-19 and reducing morbidity is important. The objective of this study is to identify a group of drugs, best suited for COVID-19 treatment based on recent developments in clinical trials, FDA drug evaluation, directions and developments and from drug therapies globally. Online literature search was done on Medline, PubMed and google scholar databases for studies on various treatments and drug therapies for COVID-19 and relevant studies were identified and the identified drugs are described in detail as per their Pharmacological, pharmaceutical properties of the drugs, mechanism of action, current COVID-19 drug therapy, contraindications and drug-drug interactions Certain drugs can inhibit action against viral infection and protect lungs from severe inflammatory response. This article summarizes several drugs like Hydroxychloroquine, Chloroquine, Remdesivir, Favipiravir, Lopinavir, Ritonavir, Dexamethasone, Ivermectin, Baricitinib, Casirivimab / imdevimab, Bamlanivimab along with auxiliary treatment like convalescent plasma transfusion. Remdesivir is first drug approved by FDA. Hydroxychloroquine, dexamethasone and remdesivir are showing results against COVID-19 but it is important to test the efficacy and safety of such drugs though some drugs have shown remarkable results.",2021-05-28
Potential Treatment Options for COVID-19: A Comprehensive Review of Global Pharmacological Development Efforts.,"Coronavirus disease-2019 (COVID-19), first reported in China during December of 2019, is caused by the severe acute respiratory syndrome coronavirus 2 (SARS-CoV-2). Infection later spread very rapidly around the globe with over 8,708,008 cases reported, including more than 461,715 deaths reported across at least 216 countries by June 20, 2020. It was declared as a global pandemic by the World Health Organization (WHO) on March 11, 2020. With the rapidly increasing number of positive cases and deaths, there is a dire need for effective treatment. An urgent unmet need led to the planning and opening of multiple drug development trials for treatment and vaccine development. In this article, we have compiled comprehensive data on many candidate drugs such as remdesivir, favipiravir, ribavirin, umifenovir, arbidol, lopinavir, ritonavir, baricitinib, hydroxychloroquine, nitazoxanide, azithromycin, baloxavir, oseltamivir, losartan, and tocilizumab. We have tabulated available data on various clinical trials testing various aspects of COVID-19 therapeutics.",2020-06-26
Antiviral Therapeutic Approaches for SARS-CoV-2 Infection: A Systematic Review.,"Due to the lack of an etiologic treatment for SARS-CoV-2 and the difficulties involved in developing new drugs, some drugs already approved for other diseases or with efficacy against SARS and MERS, have been used in patients with COVID-19. This systematic review aims to summarize evidence on the efficacy and safety of five antivirals applied to patients with COVID-19, that have proven to be effective either in vitro studies or in studies on SARS-CoV and MERS.; An intensive search of different databases (Pub Med, WoS, MEDLINE and Cochrane COVID-19 Study Register) has been carried out until the end of April 2021. This systematic review has been conducted according to the PRISMA statement. From each of the included studies, the characteristics of the intervention and comparison groups, demographic data and results were extracted independently; Remdesivir is well tolerated and helps to accelerate clinical improvement but is ineffective in reducing mortality. Favipiravir is safe and shows promising results regarding symptom resolution but does not improve viral clearance. The use of lopinavir/ritonavir has been associated with an increased risk of gastrointestinal adverse events and it has not proven to be effective. No significant differences were observed between patients treated with ribavirin or umifenovir and their respective control groups; Remdesivir and favipiravir are well tolerated and effective in accelerating clinical improvement. This systematic review does not support the use of lopinavir/ritonavir, ribavirin and umifenovir in hospitalized patients with COVID-19.",2021-07-28
An update on emerging therapeutics to combat COVID-19.,"<h4>Background</h4>The COVID-19 pandemic has demanded effective therapeutic protocol from researchers and clinicians across the world. Currently, a large amount of primary data have been generated from several preclinical studies. At least 300 clinical trials are underway for drug repurposing against COVID-19; the clinician needs objective evidence-based medication to treat COVID-19.<h4>Observations</h4>Single-stranded RNA viral genome of SARS-CoV-2 encodes structural proteins (spike protein), non-structural enzymatic proteins (RNA-dependent RNA polymerase, helicase, papain-like protease, 3-chymotrypsin-like protease) and other accessory proteins. These four enzymatic proteins on spike protein are rate-limiting steps in viral replications and, therefore, an attractive target for drug development against SARS-CoV-2. In silico and in vitro studies have identified various potential epitomes as candidate sequences for vaccine development. These studies have also revealed potential targets for drug development and drug repurposing against COVID-19. Clinical trials utilizing antiviral drugs and other drugs have given inconclusive results regarding their clinical efficacy and side effects. The need for angiotensin-converting enzyme (ACE-2) inhibitors/angiotensin receptor blockers and corticosteroids has been recommended. Western countries have adopted telemedicine as an alternative to prevent transmission of infection in the population. Currently, no proven, evidence-based therapeutic regimen exists for COVID-19.<h4>Conclusion</h4>The COVID-19 pandemic has put tremendous pressure on researchers to evaluate and approve drugs effective against the disease. Well-controlled randomized trials should assess medicines that are not marketed with substantial evidence of safety and efficacy and more emphasis on time tested approaches for drug evaluation.",2021-06-11
Review of pharmacologic and immunologic agents in the management of COVID-19.,"The novel coronavirus disease 2019 (COVID-19) is the third coronavirus outbreak in the last two decades. Emerging and re-emerging infections like COVID-19 pose serious challenges of the paucity of information and lack of specific cure or vaccines. This leaves utilisation of existing scientific data on related viral infections and repurposing relevant aetiologic and supportive therapies as the best control approach while novel strategies are developed and trialled. Many promising antiviral agents including lopinavir, ritonavir, remdesivir, umifenovir, darunavir, and oseltamivir have been repurposed and are currently trialled for the care for COVID-19 patients. Adjunct therapies for the management of symptoms and to provide support especially in severe and critically ill patients have also been identified. This review provides an appraisal of the current evidence for the rational use of frontline therapeutics in the management of COVID-19. It also includes updates regarding COVID-19 immunotherapy and vaccine development.",2021-01-09
Vaccines and drugs under clinical trials for prevention and treatment of COVID-19.,"The uncertainty related to prevention and treatment of Coronavirus disease 2019 due to lack of effective vaccine candidates or drug molecules has resulted in extensive spread of infection and mortality worldwide. Although the asymptomatic or mild patients are becoming healthy with regular over-the-counter medicines and proper rest and care, for the severe patients, in the absence of definite cure, different drug combinations are being used to treat on trial basis without the assurance of efficacy and safety. This scenario has however changed now with some medicines including antiviral Remdesivir and Favipiravir and anti-inflammatory drugs like dexamethasone and tocilizumab which have shown some positive results in trials such as decreasing need of mechanical or non-invasive ventilation or mortality. Further, a number of vaccine candidates are currently in pipeline and in advance stages of clinical trials, which will enhance their prospects in determining how the disease will be controlled in the times to come. In this article, an account of the under-trial potential drugs and vaccine candidates has been provided, and their future prospects have been discussed.",2021-03-22
A comparative analysis for anti-viral drugs: Their efficiency against SARS-CoV-2.,"Coronavirus, known as the coronavirus pandemic, is continuing its spread across the world, with over 42 million confirmed cases in 189 countries and more than 1.15 million deaths. Although, scientists focus on the finding novel drugs and vaccine for SARS-CoV-2, there is no certain treatment for it. Antiviral drugs such as; oseltamivir, favipiravir, umifenovir, lopinavir, remdesivir, hydroxychloroquine, chloroquine, azithromycin, ascorbic acid, corticosteroids, are mostly used for patients. They prevent cytokine storm that is the main reason of deaths related to SARS-CoV-2. In addition, anti-inflammatory agents have critical roles to inhibit the lung injury and multisystem organ dysfunction. The combination with anti-viral drugs with other drugs displays high synergistic effects. In the present study, the drugs used for Covid-19 are analyzed and compare the efficiency for the Covid-19 patients from the different continents including USA, South Korea, Italy, Spain, Germany, Russia, Brazil, Turkey, and China. Nowadays, all countries tried to find vaccine and new drug candidates for SARS-CoV-2, but anti-viral drugs may be the best candidates for the treatment of Covid-19 before finding novel anti-Covid drug.",2020-11-30
COVID-19 Treatment Guidelines: Do They Really Reflect Best Medical Practices to Manage the Pandemic?,"SARS-CoV-2 (COVID-19) has been changing the world since December 2019. A comprehensive search into many COVID-19 treatment guidelines was conducted and reported in this article. This is a review paper to probe differences in COVID-19 managing strategies and explore the most common treatment plans among countries. Published guidelines from 23 countries and three references guidelines-until the end of 2020-were included in this article. The majority of COVID-19 treatment options were reported in this review and it includes antiviral drugs, antimalarial drugs, antibiotics, corticosteroids, immunotherapy, anticoagulants, and other pharmacological treatment. The presence of such information from different countries in a single comprehensive review article could help in understanding and speculation of variation in the recommended treatment in each country. This might be related to the cost of medications, the access to the medications, availability of medication that could potentially be useful in managing COVID-19 cases, and the availability/capacity of healthcare facilities. Finally, although there are various treatment groups listed in the published therapeutic guidelines worldwide, unfortunately, there is no evidence for effectiveness of most of these medications in reducing the COVID-19 mortality curve over more than one year of this global pandemic.",2021-04-01
"Janus Kinase Inhibitors and Coronavirus Disease (COVID)-19: Rationale, Clinical Evidence and Safety Issues.","We are witnessing a paradigm shift in drug development and clinical practice to fight the novel coronavirus disease (COVID-19), and a number of clinical trials have been or are being testing various pharmacological approaches to counteract viral load and its complications such as cytokine storm. However, data on the effectiveness of antiviral and immune therapies are still inconclusive and inconsistent. As compared to other candidate drugs to treat COVID-19, Janus Kinase (JAK) inhibitors, including baricitinib and ruxolitinib, possess key pharmacological features for a potentially successful repurposing: convenient oral administration, favorable pharmacokinetic profile, multifunctional pharmacodynamics by exerting dual anti-inflammatory and anti-viral effects. Baricitinib, originally approved for rheumatoid arthritis, received Emergency Use Authorization in November 2020 by the Food and Drug Administration in combination with remdesivir for the treatment of COVID-19 in hospitalized patients ≥ 2 years old who require supplemental oxygen, invasive mechanical ventilation, or extracorporeal membrane oxygenation. By July 2021, the European Medicines Agency is also expected to issue the opinion on whether or not to extend its use in hospitalised patients from 10 years of age who require supplemental oxygen. Ruxolitinib, approved for myelofibrosis, was prescribed in patients with COVID-19 within an open-label Emergency Expanded Access Plan. This review will address key milestones in the discovery and use of JAK inhibitors in COVID-19, from artificial intelligence to current clinical evidence, including real world experience, and critically appraise emerging safety issues, namely infections, thrombosis, and liver injury. An outlook to ongoing studies (clinicaltrials.gov) and unpublished pharmacovigilance data is also offered.",2021-07-28
"COVID-19: Before the Fall, An Evidence-Based Narrative Review of Treatment Options.","The 2019 novel coronavirus (COVID-19) has quickly become one of the most dire international pandemic crises since the 1918 Spanish flu. Evidence for COVID-19 pharmacological therapies has shown rapid growth and a diverse array of results, but an assessment of the value of each piece of evidence must be reinforced. This article aims to review utilized therapies, the evidence level supporting these therapies, as well as drugs under investigation for the treatment of COVID-19. Primary scrutinized therapies include antiviral regimens, such as remdesivir, hydroxychloroquine/chloroquine, lopinavir/ritonavir, immunomodulating drugs, such as corticosteroids and interleukin (IL) inhibitors, and other therapies including convalescent plasma. Only one therapy, dexamethasone, has shown a mortality benefit in randomized controlled trials and summarized evidence for other therapies show limited positive results. Reviewing these therapies in a historical way shows how limited evidence can drive therapy decisions. A broad summary of available evidence can assist clinicians in a return to hierarchical assessments of evidence which can lead to safer patient outcomes, improved distribution of resources, and better targets for appropriate therapy decisions.",2021-01-25
A Narrative Review of Antiviral Drugs Used for COVID-19 Pharmacotherapy.,"<h4>Purpose</h4>A number of research articles has been published evaluating safety and efficacy of drugs against COVID-19. This study was undertaken to collate and review the information regarding common proposed anti- viral drugs for easy reference.<h4>Methods</h4>The literature was search was done using terms like severe acute respiratory syndrome or SARS-CoV-2 or 2019-nCoV or SARS-CoV or COVID-19 in combination with drugs or treatment or pharmaco-therapy using PubMed and google scholar to identify relevant articles.<h4>Results</h4>Despite showing good early results, hydroxychloroquine and lopinavir-ritonavir has not shown clinical benefit in randomized controlled trials. However lopinavir in combination with other drugs specially interferon is being investigated. Remdesivir has shown positive effect in terms of clinical improvement and continued to being investigated alone or in combination with other drugs. Favipiravir has shown mixed results and more data from adequately powered study is needed to prove its efficacy.<h4>Conclusions</h4>Many drugs which showed positive effect in initial studies could not replicate the same benefit in large randomized controlled trials. There is need to evaluate efficacy and safety of drugs based on high quality evidence before allowing it to be used in general population.",2021-04-01
FDA approved drugs with pharmacotherapeutic potential for SARS-CoV-2 (COVID-19) therapy.,"In December 2019, a novel SARS-CoV-2 coronavirus emerged, causing an outbreak of life-threatening pneumonia in the Hubei province, China, and has now spread worldwide, causing a pandemic. The urgent need to control the disease, combined with the lack of specific and effective treatment modalities, call for the use of FDA-approved agents that have shown efficacy against similar pathogens. Chloroquine, remdesivir, lopinavir/ritonavir or ribavirin have all been successful in inhibiting SARS-CoV-2 in vitro. The initial results of a number of clinical trials involving various protocols of administration of chloroquine or hydroxychloroquine mostly point towards their beneficial effect. However, they may not be effective in cases with persistently high viremia, while results on ivermectin (another antiparasitic agent) are not yet available. Interestingly, azithromycin, a macrolide antibiotic in combination with hydroxychloroquine, might yield clinical benefit as an adjunctive. The results of clinical trials point to the potential clinical efficacy of antivirals, especially remdesivir (GS-5734), lopinavir/ritonavir, and favipiravir. Other therapeutic options that are being explored involve meplazumab, tocilizumab, and interferon type 1. We discuss a number of other drugs that are currently in clinical trials, whose results are not yet available, and in various instances we enrich such efficacy analysis by invoking historic data on the treatment of SARS, MERS, influenza, or in vitro studies. Meanwhile, scientists worldwide are seeking to discover novel drugs that take advantage of the molecular structure of the virus, its intracellular life cycle that probably elucidates unfolded-protein response, as well as its mechanism of surface binding and cell invasion, like angiotensin converting enzymes-, HR1, and metalloproteinase inhibitors.",2020-07-15
SARS-CoV-2 therapeutics: how far do we stand from a remedy?,"The SARS-CoV-2 has affected millions worldwide and has posed an immediate need for effective pharmacological interventions. Ever since the outbreak was declared, the medical fraternity across the world is facing a unique situation of offering assistance and simultaneously generating reliable data with high-quality evidence to extend the scope of finding a treatment. With no proven vaccine or other interventions available hitherto, there is a frenzied urgency of sharing preliminary data from laboratories and trials to shape a global response against the virus. Several clinical trials with investigational and approved repurposed therapeutics have shown promising results. This review aims to compile the information of the reported molecules approved for emergency use and those under clinical trials and still others with good results in the studies conducted so far. Being an RNA virus, SARS-CoV-2 is prone to mutation; thus, the possibility of gaining resistance to available drugs is high. Consequently, a cocktail therapy based on drug interaction with different stages of its replicative cycle is desirable to reduce the chances of evolving drug resistance. Since this virus encodes several proteins, including 16 nonstructural and 4 structural proteins, this review also offers an insight into potential drug targets within SARS-CoV-2.",2021-01-03
[The praise of uncertainty: a systematic living review to evaluate the efficacy and safety of drug treatments for patients with covid-19.],"<h4>Background</h4>SARS-CoV-2 is a coronavirus that causes a disease which can leads to a severe form of fatal pneumonia. At december 2020 in Italy, more than 2 million people have contracted the virus and 78,755 people have died. The scientific community is studying and testing numerous compounds that can be effective and safe for treating people with covid-19.<h4>Aim</h4>To synthesize and evaluate the quality of evidence of efficacy and safety for the treatment. The available evidence is summarized in a living systematic review, a review that is constantly updated on the basis of the results of the new clinical studies.<h4>Methods</h4>A bibliographic search is launched weekly on the electronic databases and on the main clinical trial registers. Two researchers independently select the articles and assess the quality of the studies using the criteria developed by the Cochrane Collaboration, the certainty of the overall quality of the evidence is assessed using the GRADE criteria.<h4>Results</h4>At 31/12/2020, 101 randomized controlled studies were included that consider 72 different comparisons and include a total of 55,281 patients. 37 drugs are tested with respect to the standard treatment, 6 are evaluated against placebo and finally 29 compare different drugs with each other. By selecting studies that evaluate the efficacy and safety of a drug compared to standard treatment, which include at least 2 studies and which have low to high certainty of evidence, results show that corticosteroids, remdesivir, favipiravir, immunoglobulins, colchicine, and umbilical cord mesenchymal stem cell infusion could reduce overall mortality. No differences for the risk of any adverse events are observed between convalescent plasma and remdesivir compared to standard treatment. Remdesivir probably reduces the risk of serious adverse events; a similar effect, although less strong, is also noted for tocilizumab and the lopinavir-ritonavir combination. In contrast, hydroxychloroquine, corticosteroids and convalescent plasma transfusion are associated with safety concerns with respect to the risk of serious adverse events.<h4>Conclusions</h4>The 101 studies included consider 72 comparisons and numerous outcomes, the results often coming from single studies and of small dimensions, and for 61% with a very low certainty of evidence, are difficult to summarize and the final result is to increase the uncertainty rather than providing useful information to the clinic and research. From all the work carried out it seems to us that the pandemic has highlighted the many shadows of scientific literature as tool to improve knowledge.",2021-03-01
The time to offer treatments for COVID-19.,"<b>Background:</b> COVID-19 has several overlapping phases. Treatments to date have focused on the late stage of disease in hospital. Yet, the pandemic is by propagated by the viral phase in out-patients. The current public health strategy relies solely on vaccines to prevent disease.<b>Methods:</b> We searched the major national registries, pubmed.org, and the preprint servers for all ongoing, completed and published trial results.<b>Results:</b> As of 2/15/2021, we found 111 publications reporting findings on 14 classes of agents, and 9 vaccines. There were 62 randomized controlled studies, the rest retrospective observational analyses. Only 21 publications dealt with outpatient care. Remdesivir and high titer convalescent plasma have emergency use authorization for hospitalized patients in the U.S.A. There is also support for glucocorticoid treatment of the COVID-19 respiratory distress syndrome. Monoclonal antibodies are authorized for outpatients, but supply is inadequate to treat all at time of diagnosis. Favipiravir, ivermectin, and interferons are approved in certain countries.<b>Expert Opinion</b>: Vaccines and antibodies are highly antigen specific, and new SARS-Cov-2 variants are appearing. We call on public health authorities to authorize treatments with known low-risk and possible benefit for outpatients in parallel with universal vaccination.",2021-04-23
Repurposing Existing Drugs for the Treatment of COVID-19.,"The rapid global spread and significant mortality associated with the coronavirus disease (COVID-19) caused by severe acute respiratory syndrome coronavirus 2 (SARS-CoV-2) viral infection has spurred an urgent race to find effective treatments. Repurposing existing drugs is a particularly attractive approach as pharmacokinetic and safety data already exist; thus, development can leapfrog straight to clinical trials of efficacy, generating results far more quickly than <i>de novo</i> drug development. This review summarizes the state of play for the principle drugs identified as candidates to be repurposed for treating COVID-19 grouped by broad mechanism of action: antiviral, immune enhancing, and antiinflammatory or immunomodulatory. Patient selection, particularly with regard to disease stage, is likely to be key. To date, only dexamethasone and remdesivir have been shown to be effective, but several other promising candidates are in trials.",2020-10-01
COVID-19 therapy and prevention.,"Since the outbreak of the new coronavirus pneumonia (COVID-19) in December 2019, more than 23 million people worldwide have been diagnosed with SARS-CoV-2. In response to this pandemic, a global mobilization of scientific, industrial and political support has ensued. However, more than 8 months later, as studies multiply and several governments are embarking on a resumption of their activities, the threat still remains. Our efforts to understand the evolution of the virus and the means to defeat it, at the dawn of a possible new wave, have raised more questions than provided clear and unequivocal answers. Compared to diseases caused by previously known human coronavirus, COVID-19 shows higher transmissibility, as a matter of fact ""deeply concerning"" cases continue to increase. Under these circumstances, and based on the information we have collected so far, this paper provides an overview of the epidemiological status of COVID-19 by considering, first through comparisons with other coronaviruses, similarities that may guide prevention measures and potentially effective therapies. From this starting point, we aimed to discuss the evidence around the efficacy of masks and respirators for different group of the population. Finally, we address therapeutic aspects including perspectives of vaccines and some antimicrobial agents such as remdesivir, favipiravir, chloroquine, hydroxychloroquine in combination with azithromycin and immunomodulators.",2020-09-10
Variation in therapeutic strategies for the management of severe COVID-19 in India: A nationwide cross-sectional survey.,"<h4>Aim</h4>During the pandemic of coronavirus disease 2019 (COVID-19), the physicians are using various off-label therapeutics to manage COVID-19. We undertook a cross-sectional survey to study the current variation in therapeutic strategies for managing severe COVID-19 in India.<h4>Methods</h4>From January 4 to January 18, 2021, an online cross-sectional survey was conducted among physicians involved in the management of severe COVID-19. The survey had three sections: 1. Antiviral agents, 2. Immunomodulators, and 3. Adjuvant therapies.<h4>Results</h4>1055 respondents (from 24 states and five union territories), of which 64.2% were consultants, 54.3% working in private hospitals, and 39.1% were from critical care medicine completed the survey. Remdesivir (95.2%), antithrombotics (94.2%), corticosteroids (90.3%), vitamins (89.7%) and empirical antibiotics (85.6%) were the commonly used therapeutics. Ivermectin (33%), convalescent plasma (28.6%) and favipiravir (17.6%) were other antiviral agents used. Methylprednisolone (50.2%) and dexamethasone (44.1%) were preferred corticosteroids and at a dose equivalent of 8 mg of dexamethasone phosphate (70.2%). There was significant variation among physicians from different medical specialities in the use of favipiravir, corticosteroids, empirical antibiotics and vitamins.<h4>Conclusion</h4>There is a considerable variation in the physicians' choice of therapeutic strategies for the management of severe COVID-19 in India, as compared with the available evidence.",2021-07-18
"COVID-19 drug repurposing: A review of computational screening methods, clinical trials, and protein interaction assays.","The situation of coronavirus disease 2019 (COVID-19) pandemic is rapidly evolving, and medical researchers around the globe are dedicated to finding cures for the disease. Drug repurposing, as an efficient way for drug development, has received a lot of attention. However, the huge amount of studies makes it challenging to keep up to date with the literature on COVID-19 therapeutic development. This review addresses this challenge by grouping the COVID-19 drug repurposing research into three large groups, including clinical trials, computational research, and in vitro protein-binding experiments. Particularly, to facilitate future drug discovery and the creation of effective drug combinations, drugs are organized by their mechanisms of action and reviewed by their efficacy measured by clinical trials. Providing this subtyping information, we hope this review would serve the scientists, clinicians, and the pharmaceutical industry who are looking at the new therapeutics for COVID-19 treatment.",2020-08-30
Pulmonary Fibrosis After COVID-19 Pneumonia.,"A novel coronavirus, severe acute respiratory syndrome coronavirus 2 (SARS-CoV-2), also known as coronavirus disease 2019 (COVID-19), emerged in Wuhan, China, and rapidly spread across the world. Today, we present an interesting case of a patient with no prior history of pulmonary disease who was diagnosed with COVID-19, recovered after a prolonged hospital course, and was diagnosed with pulmonary fibrosis requiring oxygen therapy thereafter. The patient is currently on pirfenidone and has had a significant improvement in his functional status. His oxygen requirements have decreased, and repeat computed tomography (CT) scanning has demonstrated improvement in the extent of his pulmonary fibrosis. This case highlights the possibility of pulmonary fibrosis being a major complication among COVID-19 survivors and the importance of using pirfenidone in the management of such cases.",2021-03-16
Therapeutic Strategies in the Management of COVID-19.,"Since December 2019, SARS-CoV-2 (COVID-19), novel corona virus has caused pandemic globally, with rise in the number of cases and death of the patients. Vast majority of the countries that are dealing with rise in the active cases and death of patients suffering from novel corona viruses COVID-19 are trying to content the virus by isolating the patients and treating them with the approved antiviral that have been previously used in treating SARS, MERS, and drugs that are used to treat other viral infections. Some of these are under clinical trials. At present there are no therapeutically effective antiviral present and there are no vaccines or drugs available that are clinically approved for treating the corona virus. The current strategy is to re-purpose the available drugs or antiviral that can minimise or reduce the burden of the health care emergencies. In this article the reuse of antiviral, US-FDA approved drugs, plant based therapeutic, anti-malarial, anti-parasitic, anti-HIV drugs and the traditional medicines that are being currently used in treating the symptoms of COVID-19 patients is discussed emphasis is also given on the treatment using monoclonal antibodies. The present article provides the therapeutic strategies that will qualify as one of the best available treatment for the better management of the COVID-19 patients in order to achieve medical benefits.",2021-02-04
Japanese rapid/living recommendations on drug management for COVID-19.,"The coronavirus disease (COVID-19) has spread worldwide since early 2020, and there are still no signs of resolution. The Japanese Clinical Practice Guidelines for the Management of Sepsis and Septic Shock (J-SSCG) 2020 Special Committee created the Japanese rapid/living recommendations on drug management for COVID-19 using the experience of creating the J-SSCGs. The Grades of Recommendation, Assessment, Development, and Evaluation (GRADE) approach was used to determine the certainty of the evidence and strength of the recommendations. The first edition of this guideline was released on 9 September, 2020, and this document is the revised edition (version 3.1) (released 30 March, 2021). Clinical questions (CQs) were set for the following seven drugs: favipiravir (CQ1), remdesivir (CQ2), hydroxychloroquine (CQ3), corticosteroids (CQ4), tocilizumab (CQ5), ciclesonide (CQ6), and anticoagulants (CQ7). Favipiravir is recommended for patients with mild COVID-19 not requiring supplemental oxygen (GRADE 2C); remdesivir for moderate COVID-19 patients requiring supplemental oxygen/hospitalization (GRADE 2B). Hydroxychloroquine is not recommended for all COVID-19 patients (GRADE 1B). Corticosteroids are recommended for moderate COVID-19 patients requiring supplemental oxygen/hospitalization (GRADE 1B) and severe COVID-19 patients requiring ventilator management/intensive care (GRADE 1A); however, their use is not recommended for mild COVID-19 patients not requiring supplemental oxygen (GRADE 1B). Tocilizumab is recommended for moderate COVID-19 patients requiring supplemental oxygen/hospitalization (GRADE 2B). Anticoagulant therapy is recommended for moderate COVID-19 patients requiring supplemental oxygen/hospitalization and severe COVID-19 patients requiring ventilator management/intensive care (GRADE 2C). We hope that these clinical practice guidelines will aid medical professionals involved in the care of COVID-19 patients.",2021-01-01
Evaluating the elimination status of medications used for COVID-19 during hemoperfusion and therapeutic plasma exchange: A review.,"Since late 2019, severe acute respiratory syndrome coronavirus 2 (SARS-CoV-2, better known as COVID-19) has rapidly spread worldwide. The primary pathophysiology by which COVID-19 leads to severe lung damage is cytokine releasing syndrome (CRS), which can cause death. Therefore, removing cytokines via therapeutic plasma exchange or hemoperfusion could be a therapeutic approach to treat CRS. However, hemoperfusion or therapeutic plasma exchange could alter the effectiveness of concomitant medications. Thus, concomitant medication doses might need to be adjusted to prevent their elimination via therapeutic plasma exchange or hemoperfusion, thus ensuring that these medications remain effective. This narrative review investigates the elimination status of current medications used to manage COVID-19 during hemoperfusion and therapeutic plasma exchange, with a focus on their pharmacokinetic profiles.",2021-04-21
Management of COVID-19 in cancer patients receiving cardiotoxic anti-cancer therapy. Future recommendations for cardio-oncology.,Cardiotoxicity induced by anti-cancer treatment has become a significant threat as the number of cardiotoxic anti-cancer agents is growing. Cancer patients are at an increased risk of contracting coronavirus disease 2019 (COVID-19) because of immune suppression caused by anti-cancer drugs and/or supportive treatment. Deterioration in lung functions due to COVID-19 is responsible for many cardiac events. The presence of COVID-19 and some of its treatment modalities may increase the chance of cardiotoxicity development in cancer patients receiving potentially cardiotoxic agents. This review provides evidence-based information on the cardiotoxicity risk in cancer patients clinically diagnosed with COVID-19 who are receiving potentially cardiotoxic anti-cancer agents. Proposed strategies relating to the management of this patient cohorts are also discussed.,2021-02-26
Drug repurposing approach to fight COVID-19.,"Currently, there are no treatment options available for the deadly contagious disease, coronavirus disease 2019 (COVID-19). Drug repurposing is a process of identifying new uses for approved or investigational drugs and it is considered as a very effective strategy for drug discovery as it involves less time and cost to find a therapeutic agent in comparison to the de novo drug discovery process. The present review will focus on the repurposing efficacy of the currently used drugs against COVID-19 and their mechanisms of action, pharmacokinetics, dosing, safety, and their future perspective. Relevant articles with experimental studies conducted in-silico, in-vitro, in-vivo, clinical trials in humans, case reports, and news archives were selected for the review. Number of drugs such as remdesivir, favipiravir, ribavirin, lopinavir, ritonavir, darunavir, arbidol, chloroquine, hydroxychloroquine, tocilizumab and interferons have shown inhibitory effects against the SARS-CoV2 in-vitro as well as in clinical conditions. These drugs either act through virus-related targets such as RNA genome, polypeptide packing and uptake pathways or target host-related pathways involving angiotensin-converting enzyme-2 (ACE2) receptors and inflammatory pathways. Using the basic knowledge of viral pathogenesis and pharmacodynamics of drugs as well as using computational tools, many drugs are currently in pipeline to be repurposed. In the current scenario, repositioning of the drugs could be considered the new avenue for the treatment of COVID-19.",2020-09-05
Comparative Effectiveness of Pharmacological Interventions for Covid-19: A Systematic Review and Network Meta-Analysis.,"<b>Background:</b> Several pharmacological interventions are now under investigation for the treatment of Covid-19, and the evidence is evolving rapidly. Our aim is to assess the comparative efficacy and safety of these drugs. <b>Methods and Findings:</b> We performed a systematic review and network meta-analysis searching Medline, Pubmed, Embase, Cochrane Covid-19 register, international trial registers, medRxiv, bioRxiv, and arXiv up to December 10, 2020. We included all randomised controlled trials (RCTs) comparing any pharmacological intervention for Covid-19 against any drugs, placebo or standard care (SC). Data extracted from published reports were assessed for risk of bias in accordance with the Cochrane tool, and using the GRADE framework. Primary outcomes were all-cause mortality, adverse events (AEs) and serious adverse events (SAEs). We estimated summary risk ratio (RR) using pairwise and network meta-analysis with random effects (Prospero, number CRD42020176914). We performed a systematic review and network meta-analysis searching Medline, Pubmed, Embase, Cochrane Covid-19 register, international trial registers, medRxiv, bioRxiv, and arXiv up to December 10, 2020. We included all randomised controlled trials (RCTs) comparing any pharmacological intervention for Covid-19 against any drugs, placebo or standard care (SC). Data extracted from published reports were assessed for risk of bias in accordance with the Cochrane tool, and using the GRADE framework. Primary outcomes were all-cause mortality, adverse events (AEs) and serious adverse events (SAEs). We estimated summary risk ratio (RR) using pairwise and network meta-analysis with random effects (Prospero, number CRD42020176914). We included 96 RCTs, comprising of 34,501 patients. The network meta-analysis showed in terms of all-cause mortality, when compared to SC or placebo, only corticosteroids significantly reduced the mortality rate (RR 0.90, 95%CI 0.83, 0.97; moderate certainty of evidence). Corticosteroids significantly reduced the mortality rate also when compared to hydroxychloroquine (RR 0.83, 95%CI 0.74, 0.94; moderate certainty of evidence). Remdesivir proved to be better in terms of SAEs when compared to SC or placebo (RR 0.75, 95%CI 0.63, 0.89; high certainty of evidence) and plasma (RR 0.57, 95%CI 0.34, 0.94; high certainty of evidence). The combination of lopinavir and ritonavir proved to reduce SAEs when compared to plasma (RR 0.49, 95%CI 0.25, 0.95; high certainty of evidence). Most of the RCTs were at unclear risk of bias (42 of 96), one third were at high risk of bias (34 of 96) and 20 were at low risk of bias. Certainty of evidence ranged from high to very low. <b>Conclusion:</b> At present, corticosteroids reduced all-cause mortality in patients with Covid-19, with a moderate certainty of evidence. Remdesivir appeared to be a safer option than SC or placebo, while plasma was associated with safety concerns. These preliminary evidence-based observations should guide clinical practice until more data are made public.",2021-05-03
Pharmacological interventions for COVID-19: a systematic review of observational studies and clinical trials.,"<b>Introduction</b>: Currently, there is no approved therapeutic entity for coronavirus disease 2019 (COVID-19) and clinicians are primarily relying on drug repurposing. However, findings across studies are widely disparate, making it difficult to draw firm conclusions. Since clinicians need accurate evidence to treat COVID-19, this manuscript systematically analyzed the published and ongoing studies evaluating the pharmacological interventions for COVID-19.<b>Areas Covered</b>: A systematic search of observational studies and Clinical Trials on the treatment and prevention of COVID-19 was performed by using various databases from inception to 2 December 2020.<b>Expert Opinion</b>: A total of 460 studies met the inclusion criteria. Of these, 37 were research studies, 386 were ongoing trials, and 37 were completed trials. Anti-virals, steroids, anti-malarial, plasma exchange, and monoclonal antibodies were the most common treatment modalities used alone or in combination in these studies. However, tocilizumab, plasma exchange, and steroids have shown significant improvements in patient's clinical and radiological status. Tocilizumab reported minimum hospital stay of 2 days along with maximum recovery and patient's stability rate. Existing literature demonstrate promising results of tocilizumab, plasma exchange, and steroids among COVID-19 patients. Nevertheless, these studies are accompanied by several methodological disparities which should be considered while interpreting the results.",2021-07-12
Data Analytics and Assessment of the Drugs for COVID-19,"The new Coronavirus, (A.K.A. COVID-19) created a global crisis that impacted the world not only in health perspectives but in most aspects of life. Many teams across the globe from difference, science, and health domains continue as of the time of writing this paper to find proper treatments for COVID-19. In this scope, our effort in this paper is to follow a data-analytic approach and summarize candidate COVID-19 treatments, their mechanism of action and side effects, and research progress in this regard. In addition, we provide a mathematical model to measure the transmission of the disease. We also conducted a comparison analysis between those candidate treatments. Our analysis indicated that among the most popular terms in research articles and social networks, there is a mixture between the different drug treatments, versus their classifications and commercial names. While research publications may reflect states, public, and private sector efforts on the different alternatives of treatments, popularity in social networks are less structured and may combine a mixture of treatments, their categories, and also manufacturing and marketing names. Many of COVID-19 treatments evolve from earlier Coronavirus treatments.",2020-09-11
Rationale and prognosis of repurposed drugs with risk stratification of COVID-19 patients requiring Oxygen supplementation: A systematic review and meta-analysis,"<h4>Background</h4> The rising number of trials on repurposed dugs in COVID-19 has led to duplication and a need for curation of available outcomes from treatments that have been followed across the world. We have conducted a systematic review and meta-analysis that focus on evaluating the clinical outcomes of repurposed interventions against COVID-19. <h4>Methods</h4> Random effects model was adopted to estimate overall treatment effect and heterogeneity. Meta- regression was performed to study the correlation between comorbid conditions and non- invasive or invasive ventilation requirement. <h4>Results</h4> Twenty-nine articles met our eligibility criteria. In subgroup analysis, Tocilizumab was highly significant with lower mortality rate (OR 27.50; 95%CI [5.39-140.24]) of severe COVID-19 patients. Hydroxychloroquine and Lopinavir-ritonavir was found to be inefficacious in severe patients (OR 0.64; 95%CI [0.47-0.86] and 1.40 [0.71-2.76]). Dexamethasone had marginal effect on overall mortality rate (OR 1.19; 95%CI [1.05-1.35]). The meta-regression shows a positive correlation between prevalence of patients on Tocilizumab in non invasive support and hypertension condition (P = 0.02), whereas a negative correlation was identified with patients having lung disease (P = 0.03). <h4>Conclusion</h4> Overall, our study confirmed that tocilizumab may probably reduce the mortality rate (<10%) of severe COVID-19 patients than other interventions. Further, reduce the risk of requiring non- invasive ventilator support in patients with comorbid condition of lung disease. Hydroxychloroquine and Lopinavir-ritonavir has no clinical benefits in severe COVID-19. A high quality evidence is required to evaluate the usage of Serpin + Favipiravir combination in severe or critical COVID-19.",2020-10-06
Repurposing Drugs for COVID-19: An Approach for Treatment in the Pandemic.,"<h4>Context</h4>Drug repurposing is a relevant approach during the COVID-19 pandemic, because development of new drugs is time-consuming and costly, and the safety of new drugs is paramount. Drug repurposing focuses on researching new indications for existing drugs and can reduce the challenges faced in drug development.<h4>Objective</h4>The current review intended to examine the current status of drugs being repurposed for COVID-19 treatment.<h4>Design</h4>The research team performed a literature review, searching relevant literature databases to find abstracts of relevant articles in journals published from 2010 until May 16, 2020. The sources of data included Google Scholar, PubMed, and ScienceDirect. The search terms used included repositioning of drugs, repurposing of drugs and COVID-19 therapy, and SARS-CoV-2 therapy.<h4>Setting</h4>The research team conducted this study at the Department of Pharmacology, Punjab University College of Pharmacy, University of the Punjab, Lahore, Pakistan; Mangalbare Hospital, Morang, Nepal; and Dr Iwamura Memorial Hospital, Bhaktapur, Nepal.<h4>Results</h4>Repurposing of drugs from different pharmacological groups including antivirals like remdesivir, lopinavir, ritonavir, arbidol, oseltamivir, penciclovir, favipiravir, ganciclovir, and ribavirin; other antibiotics like azithromycin, ivermectin, eravacycline, valrubicin, streptomycin, nitazoxanide, teicoplanin, caspofungin, and colistin; and other agents like hydroxychloroquine, chloroquine, tocilizumab, camostat, nafamostat, carfilzomib, interferon, aprepitant, and dexamethasone can be considered for COVID-19 therapy.<h4>Conclusions</h4>Although current results are promising, limitations to drug repurposing, such as a low success rate and the possibility of adverse events, can't be overlooked. With continuous research and technical advancements, repurposing will no doubt provide a notable scientific contribution to innovation in drug development and pharmacotherapy practice for the treatment of new diseases or existing diseases in a new way.",2020-08-01
Favipiravir use for SARS CoV-2 infection.,"<h4>Introduction</h4>The pandemic of SARS CoV-2 has required urgent medical treatments for numerous patients. As no specific antiviral agents were available, different off-the-shelf alternatives have been explored.<h4>Objective</h4>Here, we review the rationale behind the use of Favipiravir, and report of the specific studies supporting this treatment being conducted.<h4>Methods</h4>Here we analyze the relevant literature to conclude about the present opportunities offered by this therapeutic agent.<h4>Results</h4>This antiviral drug approved influenza in Japan since 2014, has a demonstrated in vitro activity against SARS CoV-2 and is being investigated in several trials for SARS CoV-2. Signals of benefit were shown in a small trial for SARS CoV-2. However, in another small study, there was no advantage.<h4>Conclusions</h4>Further studies, statistically more significant, are urgently needed to understand the best opportunities offered by this treatment.",2020-10-27
A review of potential suggested drugs for coronavirus disease (COVID-19) treatment.,"The latest pandemic, coronavirus disease-2019 (COVID-19), is associated with high prevalence and easy transmission, which is expanding globally with no conventional treatment or vaccine. The new virus revealed 79% and 50% genomic similarities with severe acute respiratory syndrome coronavirus (SARS-CoV) and Middle East respiratory syndrome coronavirus (MERS-CoV), respectively. Accordingly, since the disease resists testing and adopting new therapeutics, repositioning pre-existing drugs may present a fast and attractive strategy with known safety, characteristics, and dosage used. However, they are not specific and targeted. Therefore, several drugs have been investigated for their efficacy and safety in the treatment of COVID-19; most of them are undergoing clinical trials. This article summarizes clinical investigations of potential therapeutic drugs used as COVID-19 therapy. Subsequently, it prepares a pattern of results and therapeutic targets to help further experiment designs. We have investigated drugs as classified in the following three groups; 1) The drugs which computationally showed effectiveness (in silico) but needed further lab confirmations; 2) Emetine, Teicoplanin, and Nelfinavir have shown effectiveness in vitro; 3) The drugs currently under clinical trial.",2021-01-20
Drugs intervention study in COVID-19 management.,"By 9 February 2021, the Coronavirus has killed 2,336,650 people worldwide and it has been predicted that this number continues to increase in year 2021. The study aimed to identify therapeutic approaches and drugs that can potentially be used as interventions in Coronavirus 2019 (COVID-19) management. A systematic scoping review was conducted. Articles reporting clinical evidence of therapeutic management of COVID-19 were selected from three different research databases (Google Scholar, PubMed, and Science Direct). From the database search, 31 articles were selected based on the study inclusion and exclusion criteria. This review paper showed that remdesivir and ivermectin significantly reduced viral ribonucleic acid (RNA) activity. On the other hand, convalescent plasma (CP) significantly improved COVID-19 clinical symptoms. Additionally, the use of corticosteroid increased survival rates in COVID-19 patients with acute respiratory distress syndrome (ARDS). Findings also indicated that both hydroxychloroquine and favipiravir were effective against severe acute respiratory syndrome coronavirus 2 (SARS-CoV-2). However, lopinavir-ritonavir combination was not effective against COVID-19. Finally, ribavirin, galidesivir, and sofosbuvir showed potential therapeutic benefit in treating COVID-19, but there is a lack of clinical evidence on their effectiveness against SARS-CoV-2. Remdesivir, ivermectin, favipiravir, hydroxychloroquine, dexamethasone, methylprednisolone, and CP are the therapeutic agents that can potentially be used in COVID-19 management.",2021-04-05
Revised Korean Society of Infectious Diseases/National Evidence-based Healthcarea Collaborating Agency Guidelines on the Treatment of Patients with COVID-19.,"Despite the global effort to mitigate the spread, coronavirus disease 2019 (COVID-19) has become a pandemic that took more than 2 million lives. There are numerous ongoing clinical studies aiming to find treatment options and many are being published daily. Some effective treatment options, albeit of variable efficacy, have been discovered. Therefore, it is necessary to develop an evidence-based methodology, to continuously check for new evidence, and to update recommendations accordingly. Here we provide guidelines on pharmaceutical treatment for COVID-19 based on the latest evidence.",2021-03-01
Drug Repurposing Strategy (DRS): Emerging Approach to Identify Potential Therapeutics for Treatment of Novel Coronavirus Infection.,"Drug repurposing is also termed as drug repositioning or therapeutic switching. This method is applied to identify the novel therapeutic agents from the existing FDA approved clinically used drug molecules. It is considered as an efficient approach to develop drug candidates with new pharmacological activities or therapeutic properties. As the drug discovery is a costly, time-consuming, laborious, and highly risk process, the novel approach of drug repositioning is employed to increases the success rate of drug development. This strategy is more advantageous over traditional drug discovery process in terms of reducing duration of drug development, low-cost, highly efficient and minimum risk of failure. In addition to this, World health organization declared Coronavirus disease (COVID-19) as pandemic globally on February 11, 2020. Currently, there is an urgent need to develop suitable therapeutic agents for the prevention of the outbreak of COVID-19. So, various investigations were carried out to design novel drug molecules by utilizing different approaches of drug repurposing to identify drug substances for treatment of COVID-19, which can act as significant inhibitors against viral proteins. It has been reported that COVID-19 can infect human respiratory system by entering into the alveoli of lung via respiratory tract. So, the infection occurs due to specific interaction or binding of spike protein with angiotensin converting enzyme-2 (ACE-2) receptor. Hence, drug repurposing strategy is utilized to identify suitable drugs by virtual screening of drug libraries. This approach helps to determine the binding interaction of drug candidates with target protein of coronavirus by using computational tools such as molecular similarity and homology modeling etc. For predicting the drug-receptor interactions and binding affinity, molecular docking study and binding free energy calculations are also performed. The methodologies involved in drug repurposing can be categorized into three groups such as drug-oriented, target-oriented and disease or therapy-oriented depending on the information available related to quality and quantity of the physico-chemical, biological, pharmacological, toxicological and pharmacokinetic property of drug molecules. This review focuses on drug repurposing strategy applied for existing drugs including Remdesivir, Favipiravir, Ribavirin, Baraticinib, Tocilizumab, Chloroquine, Hydroxychloroquine, Prulifloxacin, Carfilzomib, Bictegravir, Nelfinavir, Tegobuvir and Glucocorticoids etc to determine their effectiveness toward the treatment of COVID-19.",2021-02-26
A comprehensive review on potential therapeutics interventions for COVID-19.,"COVID-19 is an infectious respiratory disease caused by SARS-CoV-2, a new beta coronavirus that emerged in Wuhan, China. Being primarily a respiratory disease, it is highly transmissible through both direct and indirect contacts. It displays a range of symptoms in different individuals and thus has been grouped into mild, moderate, and severe diseases. The virus utilizes spike proteins present on its surface to recognize ACE-2 receptors present on the host cells to enter the cell cytoplasm and replicate. The viral invasion of cells induces damage response, pyroptosis, infiltration of immune cells, expression of pro-inflammatory cytokines (cytokine storm), and activation of the adaptive immune system. Depending on viral load and host factors like age and underlying medical conditions, the immune responses mounted against SARS-CoV-2 may cause acute respiratory distress syndrome (ARDS), multiple organ failure, and death. In this review, we specify and justify both viral and host therapeutic targets that can be modulated to relieve the symptoms and treat the disease. Furthermore, we discuss vaccine development in the time of pandemic and the most promising vaccine candidates by far, according to WHO database. Finally, we discuss the conventional re-purposed drugs and potential alternative treatments as adjuvants.",2020-11-20
Detailed disease progression of 213 patients hospitalized with Covid-19 in the Czech Republic: An exploratory analysis,"We collected a multi-centric retrospective dataset of patients (N = 213) who were admitted to ten hospitals in Czech Republic and tested positive for SARS-CoV-2. The dataset contains baseline patient characteristics, breathing support required, pharmacological treatment received and multiple markers on daily resolution. Patients in the dataset were treated with hydroxychloroquine (N = 108), azithromycin (N = 72), favipiravir (N = 9), convalescent plasma (N = 7), dexamethasone (N = 4) and remdesivir (N = 3), often in combination. Most patients were admitted during the first wave of the epidemic. To explore association between treatments and patient outcomes we performed multiverse analysis, observing how the conclusions change between defensible choices of statistical model, predictors included in the model and other analytical degrees of freedom. Weak evidence to constrain the potential efficacy of azithromycin and favipiravir can be extracted from the data. Additionally, we performed external validation of several proposed prognostic models for Covid-19 severity showing that they mostly perform unsatisfactorily on our dataset.",2020-12-04
Review of investigational drugs for coronavirus disease 2019.,"In December 2019, the severe acute respiratory syndrome coronavirus 2 (SARS-CoV-2) became evident in Wuhan, China, and then spread rapidly worldwide. Numerous drugs and vaccines are under clinical trial pipeline for investigation against coronavirus disease 2019 (COVID-19) infection. The aim of this systematic review was to discuss about investigational new as well as repurposed drugs currently under trial for COVID-19 infection. An exhaustive search was carried out for this review article including scientific databases of PubMed, Embase, ClinicalTrials.gov, WHO International Clinical Trials Registry Platform, Web of Science, ScienceDirect, ProQuest, Google Scholar, and Scopus search engines using keywords of ""Coronavirus,"" ""COVID-19,"" ""MERS-CoV,"" ""MERS,"" ""SARS-CoV-2,"" and ""SARS-CoV-1"" and ""Solidarity trial"" and their Persian-equivalent keywords from inception until May 2020. After screening the 296 articles searched from different databases (PubMed = 97 and other search engines = 199), 52 articles were included in the final systematic review. It was found that the World Health Organization introduced a Solidarity international clinical trial to discover an effectual treatment of COVID-19. Based on established <i>in vitro</i> and <i>in vivo</i> activity against different strains of coronaviruses, four repurposed drugs - remdesivir, lopinavir/ ritonavir combination, lopinavir/ritonavir with beta-1a, chloroquine, and hydroxychloroquine - were considered for clinical trial against COVID-19. A number of other drugs and vaccines are under clinical trial pipeline for investigation against COVID-19 infection. Despite multitude of treatment options available, treatment of choice is still not well established. Moreover, optimum supportive care and monitoring of seriously ill patients is the need of the hour.",2021-01-28
Therapeutic Effectiveness and Safety of Repurposing Drugs for the Treatment of COVID-19: Position Standing in 2021.,"COVID-19, transmitted by SARS-CoV-2, is one of the most serious pandemic situations in the history of mankind, and has already infected a huge population across the globe. This horrendously contagious viral outbreak was first identified in China and within a very short time it affected the world's health, transport, economic, and academic sectors. Despite the recent approval of a few anti-COVID-19 vaccines, their unavailability and insufficiency along with the lack of other potential therapeutic options are continuing to worsen the situation, with valuable lives continuing to be lost. In this situation, researchers across the globe are focusing on repurposing prospective drugs and prophylaxis such as favipiravir, remdesivir, chloroquine, hydroxychloroquine, ivermectin, lopinavir-ritonavir, azithromycin, doxycycline, ACEIs/ARBs, rivaroxaban, and protease inhibitors, which were preliminarily based on <i>in vitro</i> and <i>in vivo</i> pharmacological and toxicological study reports followed by clinical applications. Based on available preliminary data derived from limited clinical trials, the US National Institute of Health (NIH) and USFDA also recommended a few drugs to be repurposed i.e., hydroxychloroquine, remdesivir, and favipiravir. However, World Health Organization later recommended against the use of chloroquine, hydroxychloroquine, remdesivir, and lopinavir/ritonavir in the treatment of COVID-19 infections. Combining basic knowledge of viral pathogenesis and pharmacodynamics of drug molecules as well as <i>in silico</i> approaches, many drug candidates have been investigated in clinical trials, some of which have been proven to be partially effective against COVID-19, and many of the other drugs are currently under extensive screening. The repurposing of prospective drug candidates from different stages of evaluation can be a handy wellspring in COVID-19 management and treatment along with approved anti-COVID-19 vaccines. This review article combined the information from completed clinical trials, case series, cohort studies, meta-analyses, and retrospective studies to focus on the current status of repurposing drugs in 2021.",2021-06-14
COVID-19 Treatment at a Glance.,"As coronavirus disease 2019 (COVID-19) spreads across the world, the ongoing clinical trials are leading to a big race worldwide to develop a treatment that will help control the pandemic. Unfortunately, COVID-19 does not have any known effective treatment with reliable study results yet. In this pandemic, there is not a lot of time to develop a new specific agent because of the rapid spread of the disease. The process of developing a vaccine is long and requires hard work. Although the pathophysiology of the disease is not fully understood, some of the proposed treatment alternatives are based on old evidence and some have been used with the idea that they might work owing to their mechanism of action. The efficacy, reliability, and safety of the currently available treatment alternatives are therefore a matter of debate. Currently, the main therapies used in the treatment of COVID-19 are antiviral drugs and chloroquine/hydroxychloroquine. Other proposed options include tocilizumab, convalescent plasma, and steroids, but the mainstay of the treatment in intensive care units remains supportive therapies.",2020-11-01
Effectiveness of potential antiviral treatments in COVID-19 transmission control: a modelling study.,"<h4>Background</h4>Novel coronavirus disease 2019 (COVID-19) causes an immense disease burden. Although public health countermeasures effectively controlled the epidemic in China, non-pharmaceutical interventions can neither be maintained indefinitely nor conveniently implemented globally. Vaccination is mainly used to prevent COVID-19, and most current antiviral treatment evaluations focus on clinical efficacy. Therefore, we conducted population-based simulations to assess antiviral treatment effectiveness among different age groups based on its clinical efficacy.<h4>Methods</h4>We collected COVID-19 data of Wuhan City from published literature and established a database (from 2 December 2019 to 16 March 2020). We developed an age-specific model to evaluate the effectiveness of antiviral treatment in patients with COVID-19. Efficacy was divided into three types: (1) viral activity reduction, reflected as transmission rate decrease [reduction was set as v (0-0.8) to simulate hypothetical antiviral treatments]; (2) reduction in the duration time from symptom onset to patient recovery/removal, reflected as a 1/γ decrease (reduction was set as 1-3 days to simulate hypothetical or real-life antiviral treatments, and the time of asymptomatic was reduced by the same proportion); (3) fatality rate reduction in severely ill patients (f<sub>c</sub>) [reduction (z) was set as 0.3 to simulate real-life antiviral treatments]. The population was divided into four age groups (groups 1, 2, 3 and 4), which included those aged ≤ 14; 15-44; 45-64; and ≥ 65 years, respectively. Evaluation indices were based on outbreak duration, cumulative number of cases, total attack rate (TAR), peak date, number of peak cases, and case fatality rate (f).<h4>Results</h4>Comparing the simulation results of combination and single medication therapy s, all four age groups showed better results with combination medication. When 1/γ = 2 and v = 0.4, age group 2 had the highest TAR reduction rate (98.48%, 56.01-0.85%). When 1/γ = 2, z = 0.3, and v = 0.1, age group 1 had the highest reduction rate of f (83.08%, 0.71-0.12%).<h4>Conclusions</h4>Antiviral treatments are more effective in COVID-19 transmission control than in mortality reduction. Overall, antiviral treatments were more effective in younger age groups, while older age groups showed higher COVID-19 prevalence and mortality. Therefore, physicians should pay more attention to prevention of viral spread and patients deaths when providing antiviral treatments to patients of older age groups.",2021-04-19
Review of Pharmacotherapy Trialed for Management of the Coronavirus Disease-19.,"Since the beginning of the coronavirus disease 2019 (COVID-19) pandemic, there has been substantial progress in the pharmacologic treatment and supportive care of patients hospitalized with active COVID-19 infections. To date there have been numerous medications trialed for COVID-19 management. In this review, our objective is to provide a comprehensive review of the primary literature and clinical applications surrounding some of the prominent drugs and medication classes that have been utilized in those suffering from COVID-19 infections. The medications reviewed in this article include: hydroxychloroquine, remdesivir, azithromycin, dexamethasone, melatonin, tocilizumab, ascorbic acid, and zinc. The medication classes reviewed include: anticoagulation, angiotensin converting enzyme inhibitors, angiotensin II receptor blockers, convalescent plasma, non-steroidal anti-inflammatory drugs, human recombinant soluble ACE2, and the BNT162b2 mRNA COVID-19 vaccine.",2021-06-01
Balancing evidence and frontline experience in the early phases of the COVID-19 pandemic: current position of the Italian Society of Anti-infective Therapy (SITA) and the Italian Society of Pulmonology (SIP).,"<h4>Background</h4>Severe acute respiratory syndrome coronavirus 2 (SARS-CoV-2) is the causative agent of coronavirus disease 2019 (COVID-19), which has rapidly become epidemic in Italy and other European countries. The disease spectrum ranges from asymptomatic/mildly symptomatic presentations to acute respiratory failure. At the present time the absolute number of severe cases requiring ventilator support is reaching or even surpassing the intensive care unit bed capacity in the most affected regions and countries.<h4>Objectives</h4>To narratively summarize the available literature on the management of COVID-19 in order to combine current evidence and frontline opinions and to provide balanced answers to pressing clinical questions.<h4>Sources</h4>Inductive PubMed search for publications relevant to the topic.<h4>Content</h4>The available literature and the authors' frontline-based opinion are summarized in brief narrative answers to selected clinical questions, with a conclusive statement provided for each answer.<h4>Implications</h4>Many off-label antiviral and anti-inflammatory drugs are currently being administered to patients with COVID-19. Physicians must be aware that, as they are not supported by high-level evidence, these treatments may often be ethically justifiable only in those worsening patients unlikely to improve only with supportive care, and who cannot be enrolled onto randomized clinical trials. Access to well-designed randomized controlled trials should be expanded as much as possible because it is the most secure way to change for the better our approach to COVID-19 patients.",2020-04-29
Adverse events associated with potential drugs for COVID-19: a case study from real-world data.,"The coronavirus disease 2019 (COVID-19) has resulted as a global pandemic. The World Health Organization announced the most promising drugs in SOLIDARITY for the global trial, and several other drugs are under investigation through ongoing clinical trials to prove the effectiveness and safety of potential therapeutics. Here, we depicted the safety profile of these drugs and investigated their associated adverse events (AEs). We observed the associated AEs in different organs/systems, especially in skin and subcutaneous tissue, immune system and musculoskeletal and connective tissue. Furthermore, we observed strong bias of AEs in different groups of sex and age. Our study provides knowledge of the toxicity of potential COVID-19 drugs. While these drugs hold promise to fight the global pandemic, healthcare providers should pay attention to AEs to maximize the treatment benefit while minimizing toxicity.",2021-03-01
Interventions for treatment of COVID-19: second edition of a living systematic review with meta-analyses and trial sequential analyses (The LIVING Project),"<h4>Background</h4>  COVID-19 is a rapidly spreading disease that has caused extensive burden to individuals, families, countries, and the world. Effective treatments of COVID-19 are urgently needed. This is the second edition of a living systematic review of randomized clinical trials assessing the effects of all treatment interventions for participants in all age groups with COVID-19. <h4>Methods and findings</h4>  We planned to conduct aggregate data meta-analyses, trial sequential analyses, network meta-analysis, and individual patient data meta-analyses. Our systematic review was based on PRISMA and Cochrane guidelines, and our eight-step procedure for better validation of clinical significance of meta-analysis results. We performed both fixed-effect and random-effects meta-analyses. Primary outcomes were all-cause mortality and serious adverse events. Secondary outcomes were admission to intensive care, mechanical ventilation, renal replacement therapy, quality of life, and non-serious adverse events. According to the number of outcome comparisons, we adjusted our threshold for significance to  p = 0.033. We used GRADE to assess the certainty of evidence. We searched relevant databases and websites for published and unpublished trials until November 2, 2020. Two reviewers independently extracted data and assessed trial methodology.  We included 82 randomized clinical trials enrolling a total of 40,249 participants. 81 out of 82 trials were at overall high risk of bias. Meta-analyses showed no evidence of a difference between corticosteroids versus control on all-cause mortality (risk ratio [RR] 0.89; 95% confidence interval [CI] 0.79 to 1.00;  p = 0.05; I  2 = 23.1%; eight trials; very low certainty), on serious adverse events (RR 0.89; 95% CI 0.80 to 0.99;  p = 0.04; I  2 = 39.1%; eight trials; very low certainty), and on mechanical ventilation (RR 0.86; 95% CI 0.55 to 1.33;  p = 0.49; I  2 = 55.3%; two trials; very low certainty). The fixed-effect meta-analyses showed indications of beneficial effects. Trial sequential analyses showed that the required information size for all three analyses was not reached.  Meta-analysis (RR 0.93; 95% CI 0.82 to 1.07;  p = 0.31; I  2 = 0%; four trials; moderate certainty) and trial sequential analysis (boundary for futility crossed) showed that we could reject that remdesivir versus control reduced the risk of death by 20%. Meta-analysis (RR 0.82; 95% CI 0.68 to 1.00;  p = 0.05; I  2 = 38.9%; four trials; very low certainty) and trial sequential analysis (required information size not reached) showed no evidence of difference between remdesivir versus control on serious adverse events. Fixed-effect meta-analysis showed indications of a beneficial effect of remdesivir on serious adverse events.  Meta-analysis (RR 0.40; 95% CI 0.19 to 0.87;  p = 0.02; I  2 = 0%; two trials; very low certainty) showed evidence of a beneficial effect of intravenous immunoglobulin versus control on all-cause mortality, but trial sequential analysis (required information size not reached) showed that the result was severely underpowered to confirm or reject realistic intervention effects.  Meta-analysis (RR 0.63; 95% CI 0.35 to 1.14;  p = 0.12; I  2 = 77.4%; five trials; very low certainty) and trial sequential analysis (required information size not reached) showed no evidence of a difference between tocilizumab versus control on serious adverse events. Fixed-effect meta-analysis showed indications of a beneficial effect of tocilizumab on serious adverse events. Meta-analysis (RR 0.70; 95% CI 0.51 to 0.96;  p = 0.02; I  2 = 0%; three trials; very low certainty) showed evidence of a beneficial effect of tocilizumab versus control on mechanical ventilation, but trial sequential analysis (required information size not reached) showed that the result was severely underpowered to confirm of reject realistic intervention effects.  Meta-analysis (RR 0.32; 95% CI 0.15 to 0.69;  p < 0.00; I  2 = 0%; two trials; very low certainty) showed evidence of a beneficial effect of bromhexidine versus standard care on non-serious adverse events, but trial sequential analysis (required information size not reached) showed that the result was severely underpowered to confirm or reject realistic intervention effects.  Meta-analyses and trial sequential analyses (boundary for futility crossed) showed that we could reject that hydroxychloroquine versus control reduced the risk of death and serious adverse events by 20%. Meta-analyses and trial sequential analyses (boundary for futility crossed) showed that we could reject that lopinavir-ritonavir versus control reduced the risk of death, serious adverse events, and mechanical ventilation by 20%. All remaining outcome comparisons showed that we did not have enough information to confirm or reject realistic intervention effects. Nine single trials showed statistically significant results on our outcomes, but were underpowered to confirm or reject realistic intervention effects. Due to lack of data, it was not relevant to perform network meta-analysis or possible to perform individual patient data meta-analyses. <h4>Conclusions</h4>  No evidence-based treatment for COVID-19 currently exists. Very low certainty evidence indicates that corticosteroids might reduce the risk of death, serious adverse events, and mechanical ventilation; that remdesivir might reduce the risk of serious adverse events; that intraveneous immunoglobin might reduce the risk of death and serious adverse events; that tocilizumab might reduce the risk of serious adverse events and mechanical ventilation; and that bromhexidine might reduce the risk of non-serious adverse events. More trials with low risks of bias and random errors are urgently needed. This review will continuously inform best practice in treatment and clinical research of COVID-19. Systematic review registration PROSPERO CRD42020178787  <h4>Author summary</h4>  Why was this study done? Severe acute respiratory syndrome coronavirus 2 (SARS-CoV-2) infection has spread rapidly worldwide, causing an international outbreak of the corona virus disease 2019 (COVID-19). There is a need for a living systematic review evaluating the beneficial and harmful effects of all possible interventions for treatment of COVID-19. What did the researchers do and find? We conducted the second edition of our living systematic review with meta-analyses and Trial sequential analyses to compare the effects of all treatment interventions for COVID-19. Very low certainty evidence indicated that corticosteroids might reduce the risk of death, serious adverse events, and mechanical ventilation; that remdesivir might reduce the risk of serious adverse events; that intraveneous immunoglobin might reduce the risk of death and serious adverse events; that tocilizumab might reduce the risk of serious adverse events and mechanical ventilation; and that bromhexidine might reduce the risk of non-serious adverse events. Nine single trials showed statistically significant results on our predefined outcomes but were underpowered to confirm or reject realistic intervention effects. None of the remaining trials showed evidence of a difference of the experimental interventions on our predefined outcomes. What do these findings mean? No evidence-based treatment for COVID-19 currently exists More high quality, low risk of bias randomized clinical trials are urgently needed.",2020-11-24
"Combination of (interferon beta-1b, lopinavir/ritonavir and ribavirin) versus favipiravir in hospitalized patients with non-critical COVID-19: A cohort study.","<h4>Objectives</h4>Our study aims at comparing the efficacy and safety of IFN-based therapy (lopinavir/ritonavir, ribavirin, and interferon β-1b) vs. favipiravir (FPV) in a cohort of hospitalized patients with non-critical COVID-19.<h4>Methods</h4>Single center observational study comparing IFN-based therapy (interferon β-1b, ribavirin, and lopinavir/ritonavir) vs. FPV in non-critical hospitalized COVID-19 patients. Allocation to either treatment group was non-random but based on changes to national treatment protocols rather than physicians' selection (quasi-experimental). We examined the association between IFN-based therapy and 28-day mortality using Cox regression model with treatment as a time-dependent covariate.<h4>Results</h4>The study cohort included 222 patients, of whom 68 (28%) received IFN-based therapy. Antiviral therapy was started at a median of 5 days (3-6 days) from symptoms onset in the IFN group vs. 6 days (4-7 days) for the FPV group, P <0.0001. IFN-based therapy was associated with a lower 28-day mortality as compared to FPV (6 (9%) vs. 18 (12%)), adjusted hazard ratio [aHR] (95% Cl) = 0.27 (0.08-0.88)). No difference in hospitalization duration between the 2 groups, 9 (7-14) days vs. 9 (7-13) days, P = 0.732 was found. IFN treated group required less use of systemic corticosteroids (57%) as compared to FPV (77%), P = 0.005 after adjusting for disease severity and other confounders. Patients in the IFN treated group were more likely to have nausea and diarrhea as compared to FPV group (13%) vs. (3%), P = 0.013 and (18%) vs. (3%), P<0.0001, respectively.<h4>Conclusion</h4>Early IFN-based triple therapy was associated with lower 28-days mortality as compared to FPV.",2021-06-10
Chemotherapy vs. Immunotherapy in combating nCOVID19: An update.,"The nCOVID-19 pandemic initiated its course of contagion from the city of Wuhan and now it has spread all over the globe. SARS-CoV-2 is the causative virus and the infection as well as its symptoms are distributed across the multi-organ perimeters. Interactions between the host and virus governs the induction of 'cytokine storm' resulting various immunopathological consequences leading to death. Till now it has caused tens of millions of casualties and yet no credible cure has emerged to vision. This article presents a comprehensive overview on the two most promising remedial approaches that are being attempted for the management, treatment, and plausible cure of nCOVID-19. In this context, chemotherapeutic approach primarily aims to interrupt the interactions between the host and the virus causing inhibition of its entry into the host cell and/or its proliferation and suppressing the inflammatory milieu in the infected patients. On the other side, immunotherapeutic approaches aim to modulate the host immunity by fine tuning the inflammatory signaling cascades to achieve phylaxis from the virus and restoring immune-homeostasis. Considering most of the path-breaking findings, combinatorial therapy involving of chemotherapeutics as well as vaccine could usher to be a hope for all of us to eradicate the crisis.",2021-05-18
Advances in the possible treatment of COVID-19: A review.,"The emergence of the global pandemic caused by novel severe acute respiratory syndrome coronavirus 2 (SARS-CoV-2) has put a challenge to identify or derive the therapeutics for its prevention and treatment. Despite the unprecedented advances in the modern medicinal system, currently, there are no proven effective therapies. However, rapid research on SARS-CoV-2 epidemiology help unveiling some new targets for potential drug therapies. Many drugs have been screened, and even their clinical trials are going on at an exceptional pace. Amongst these RNA-dependent RNA polymerase inhibitors (favipiravir and remdesivir) and steroids especially dexamethasone showed promising effects. The biological agents like tocilizumab, interferons, and convalescent plasma prove to be beneficial in viral clearance. Moreover, many immunomodulatory and viral S protein targeting vaccines have their ongoing clinical trials. The establishment of various in vitro and in vivo models for preclinical studies can additionally help the current research. The volume and the pace of the clinical trials launched to evaluate the safety and efficacy of various agents against coronavirus disease 2019 (COVID-19) reflect the need for high-quality evidence for various therapies to be practiced by clinicians. This study aims to sum up all the current advances in the global medicinal system against the COVID-19.",2020-07-17
Systematic Review on the Therapeutic Options for COVID-19: Clinical Evidence of Drug Efficacy and Implications.,"A novel coronavirus-2 (SARS-CoV-2) was first identified in Wuhan, China, and quickly spread globally. Several treatments have been proposed, many of which have proven ineffective. Consequently, there is a need to review the published evidence of drug clinical trials to guide future prescribing. A systematic review of published clinical trials and retrospective observational studies was carried out. The search was made using PubMed, Embase, MEDLINE, and China National Knowledge Infrastructure (CNKI) databases. Articles published between January 2020 and October 2020 and written in the English language were retrieved and included in the study. Researches that used traditional medicine, in-vitro and in-vivo animal studies, as well as reviews were excluded. Seventy-three relevant articles that fulfilled the inclusion criteria were finally selected and reviewed. Hydroxychloroquine, chloroquine, and azithromycin produced no clinical evidence of efficacy in randomized controlled clinical trials (RCT). However, retrospective observational studies reported the efficacy of remdesivir and lopinavir/ritonavir in reducing viral load, although there have been concerns with lopinavir/ritonavir and, more recently, remdesivir. Recently, tocilizumab, dexamethasone, and methylprednisolone significantly relieved lung inflammation and decreased mortality in patients with severe COVID-19. In addition, convalescent plasma was effective in boosting strong immunity among patients with mild COVID-19. There is currently no single worldwide approved therapeutic option for patients with COVID-19 despite the initial hype with medicines, including hydroxychloroquine. Nonetheless, dexamethasone has shown promise in symptomatic treatment and convalescent plasma in boosting immunity. New treatments are currently being researched, and the findings will be reported accordingly to provide evidence-based guidance for prescribers and policymakers.",2020-12-29
Diagnostic and Treatment Strategies for COVID-19.,"The world is facing lockdown for the first time in decades due to the novel coronavirus COVID-19 (SARS-CoV-2) pandemic. This has led to massive global economic disruption, placed additional strain on local and global public health resources and, above all, threatened human health. We conducted a review of peer-reviewed and unpublished data, written in English, reporting on the current COVID-19 pandemic. This data includes previously used strategies against infectious disease, recent clinical trials and FDA-approved diagnostic and treatment strategies. The literature was obtained through a systematic search using PubMed, Web of Sciences, and FDA, NIH and WHO websites. Of the 98 references included in the review, the majority focused on pathogen and host targeting, symptomatic treatment and convalescent plasma utilization. Other sources investigated vaccinations in the pipeline for the possible prevention of COVID-19 infection. The results demonstrate various conventional as well as potentially advanced in vitro diagnostic approaches (IVD) for the diagnosis of COVID-19. Mixed results have been observed so far when utilising these approaches for the treatment of COVID-19 infection. Some treatments have been found highly effective in specific regions of the world while others have not altered the disease process. The responsiveness of currently available options is not conclusive. The novelty of this disease, the rapidity of its global outbreak and the unavailability of vaccines have contributed to the global public's fear. It is concluded that the exploration of a range of diagnostic and treatment strategies for the management of COVID-19 is the need of the hour.",2020-08-03
Present and future treatment strategies for coronavirus disease 2019.,"<h4>Background</h4>The recent pandemic of coronavirus disease 2019 (COVID-19) has resulted in many challenges to the healthcare organizations around the world. Unfortunately, until now, there are no proven effective therapeutic agents against this virus.<h4>Main body</h4>Several evolving studies suggest repurposing a potential list of drugs which have appropriate pharmacological and therapeutic effects to be used in treating COVID-19 cases. In the present review, we will summarize the potential drugs suggested to be repurposed to be utilized in the treatment of COVID-19 patients like lopinavir-ritonavir, ribavirin, baloxavir marboxil, favipiravir, remdesvir, umifenovir, chloroquine, hydroxychloroquine, azithromycin, corticosteroids, losartan, statins, interferons, nitric oxide, epoprostenol, tocilizumab, siltuximab, sarilumab anakinra, and ruxolitinib. In addition, we discussed the possible future therapeutic regimens based on the recent molecular and genomic discoveries.<h4>Conclusion</h4>This review could provide beneficial information about the potential current and future treatment strategies to treat the pandemic COVID-19 disease.",2021-04-09
A review of medications used to control and improve the signs and symptoms of COVID-19 patients.,"In December 2019, an unprecedented outbreak of pneumonia associated with a novel coronavirus disease 2019 (COVID-19) emerged in Wuhan City, Hubei province, China. The virus that caused the disease was officially named by the World Health Organization (WHO) as the severe acute respiratory syndrome coronavirus 2 (SARS-CoV-2). According to the high transmission rate of SARS-CoV-2, it became a global pandemic and public health emergency within few months. Since SARS-CoV-2 is genetically 80% homologous with the SARS-CoVs family, it is hypothesized that medications developed for the treatment of SARS-CoVs may be useful in the control and management of SARS-CoV-2. In this regard, some medication being tested in clinical trials and in vitro studies include anti-viral RNA polymerase inhibitors, HIV-protease inhibitors, anti-inflammatory agents, angiotensin converting enzyme type 2 (ACE 2) blockers, and some other novel medications. In this communication, we reviewed the general characteristics of medications, medical usage, mechanism of action, as well as SARS-CoV-2 related trials.",2020-09-19
The mass production of systematic reviews about COVID-19: An analysis of PROSPERO records.,"<h4>Objective</h4>This study aimed to assess the characteristics of different designs of systematic reviews (SRs) registered in the International Prospective Register of Systematic Reviews (PROSPERO) about COVID-19.<h4>Methods</h4>The search was performed in the PROSPERO database using the strategy proposed by the database and considered only human studies. The last date of the search was April 27, 2020. Full text of all records was accessed, and data were extracted by a single researcher, which was further double-checked by another researcher. A descriptive analysis was performed considering record characteristics using tables.<h4>Results</h4>We included 564 records from which the vast majority were registered as SRs (n = 513, 91%). In general, we found poor reporting and missing or confusing information, since 84% of the records (n = 474) did not report the full search that would be adopted, 16% (n = 90) did not report clearly the databases that would be used, and 49.1% (n = 277) did not report the number of primary outcomes. The main focus of most of the records involved clinical, epidemiological, complication, and laboratory characteristics (n = 173, 30.7%) or the treatment of COVID-19 (n = 138, 24.5%).<h4>Conclusion</h4>A large number of SRs about COVID-19 have been conducted, and many of the assessed records were poorly reported and would be difficult to replicate. Besides, collected data points to an epidemic of redundant reviews on COVID-19.",2021-02-17
A Narrative Review of Emerging Therapeutics for COVID-19.,"The novel severe acute respiratory syndrome coronavirus 2, the causal agent of coronavirus disease 2019 (COVID-19), quickly spread around the world, resulting in the most aggressive pandemic experienced in more than 100 years. Research on targeted therapies and vaccines has been initiated on an unprecedented scale and speed but will take months and even years to come to fruition. Meanwhile, the efficacy of emerging therapeutics for use in treating COVID-19 is feverishly being investigated to identify the best available treatment options for dealing with the current wave of disease. This review of publications with a ""treatment"" tag through June 29, 2020 in the National Library of Medicine's LitCovid literature hub, provides frontline clinicians with a pragmatic summary of the current state of the rapidly evolving evidence supporting emerging candidate therapeutics for COVID-19. Two main categories of pharmaceutical therapeutics are showing promise: those with antiviral activity directly addressing infection and those that counteract the inflammatory cytokine storm induced by severe disease. Preliminary results suggest that other approaches such as convalescent plasma therapy and lung radiation therapy may have some efficacy. The current clinical evidence for potential treatments is preliminary-often small retrospective series or early results of randomized trials-and the science is evolving rapidly. The long-term results from large, well-designed randomized controlled trials will provide definitive evidence for therapeutic effectiveness and are likely months away. The trial landscape for promising therapies is described.",2020-07-20
In silico studies of Potency and safety assessment of selected trial drugs for the treatment of COVID-19.,"SARS-CoV-2 has caused millions of infections and hundreds of thousands of deaths globally. Presently, no cure for SARS-CoV-2 infection is available; thus, all hands are on deck for new drug discovery. Although, several studies have reported the potentials of some already approved drugs for the treatment of COVID-19. This study attempted to compare the potency and safety of some these trial drugs via in silico methods. The binding affinity and interactions of the trial drugs with proteins involved in viral polyprotein processing (Papain like protease (PLpro) and Chymotrypsin like-protease (3-CLpro), viral replication (RNA dependent RNA polymerase (RdRp)) and host protease were studied in this work. The pharmacokinetic properties and toxicity potentials of the trial drugs were also predicted using vNN Web Server for ADMET Predictions. From the results, Merimepodib and Dexamethaxone demonstrated the most significant inhibitory potential against the PLpro. The binding affinity (∆G°) for merimepodib was - 7.2 kcal/mol while the inhibition constant was 6.3 µM. The binding affinity of the inhibitors for CLpro ranged from - 5.6 to - 9.5 kcal/mol. whereas Lopinavir (- 7.7 kcal/mol) exhibited the strongest affinity for RdRp. Overall, our results showed that all the ligands have a higher affinity for the 3-Chymotrypsin like protease than the other proteins (PLpro, RdRp, and Host protease). Among these compounds lopinavir, merimepodib and dexamethasone could be inhibitors with potentials for the treatment of SARS-CoV-2. However, the only dexamethasone has attractive pharmacokinetic and toxicity properties probable for drug development; therefore, our study provides a basis for developing effective drugs targeting a specific protein in the SARS-CoV-2 life cycle.<h4>Supplementary information</h4>The online version contains supplementary material available at 10.1007/s40203-021-00105-x.",2021-07-22
"Favipiravir and Hydroxychloroquine Combination Therapy in Patients with Moderate to Severe COVID-19 (FACCT): An Open-Label, Multicentre, Randomised, Controlled Trial","Background: No antiviral drug has been proven effective for the treatment of patients with moderate-to-severe coronavirus disease 2019 (COVID-19). Favipiravir and hydroxychloroquine were introduced as potential antiviral agents to treat patients with COVID-19.<br><br>Methods: We conducted an investigator-initiated, multicentre, open-label, randomised trial involving hospitalised patients with confirmed moderate-to-severe acute respiratory syndrome coronavirus 2 (SARS-CoV-2) infection at nine hospitals in Saudi Arabia. Eligible patients were adult with moderate-to-severe COVID-19 defined as oxygen saturation (Sao2) of 94% or less while breathing ambient air or significant clinical symptoms with chest X-ray changes requiring hospital admission. Randomisation was in a 1:1 ratio to receive standard care (control group) or standard care plus favipiravir and hydroxychloroquine. The favipiravir loading dose was 1800 mg twice daily on day 1, then 800mg twice daily for nine days and hydroxychloroquine as 400mg twice daily, followed by 200mg twice daily for days 2-5. The primary outcome was time to clinical improvement of two points (from the status at randomisation) on a seven-category ordinal scale or live discharge from the hospital within 14 days. Analyses were done in an intention-to-treat population of patients to assess the primary and secondary endpoints. The trial is registered at ClinicalTrials.gov (NCT04392973).<br><br>Findings: From May 2020 to Jan 2021, 254 patients were enrolled; 129 were assigned to standard of care and 125 patients to the combination of favipiravir and hydroxychloroquine. The mean age was 52·65 ±13·06 years, 59·4% were men, and 229 (90·15%) required supplemental oxygen at randomisation (with or without non-invasive ventilation). The time to clinical improvement was not significantly different between the two groups; median of 9 days (95%CI: 8, 12) in the treatment group and 7 days (95%CI: 6, 10) in the control group (HR:0·845; 95% CI 0·617 to 1·157; p-value = 0·29). The median duration of hospitalisation among patients discharged on or before day 14 was 9 days (95%CI: 8, 12) for the treatment group and 8 days (95%CI: 7, 10) for the control group with a p-value of 0·42. The 28-day mortality was not significantly different between the two groups, 9 (7·63%) in the treatment group vs 13 (10·32%) in the control group; p-value=0·45. The most prevalent adverse events were headache, elevation in ALT, and the prolonged QTc interval in the treatment group.<br><br>Interpretation: The combination of favipiravir and hydroxychloroquine did not result in a statistically significant clinical benefit in patients with moderate-to-severe COVID-19. No new safety signals were recognised for both medications.<br><br>Trial Registration: This trial is registered with ClinicalTrials.gov, Identifier: NCT04392973, May 19, 2020.<br><br>Funding Statement: King Abdullah International Medical Research Center, Saudi Arabia.<br><br>Declaration of Interests: All authors declare no competing interests.<br><br>Ethics Approval Statement: This trial was approved by the Saudi Food and Drug Authority (SFDA). Ethical approval was obtained from the Institutional Review Board (IRB) at the Ministry of National Guard-Health Affairs (MNGHA) and Ministry of Health (MOH). The trial was overseen by an independent data and safety monitoring board (DSMB). The trial was done according to the Declaration of Helsinki principles and the International Conference on Harmonization-Good Clinical Practice guidelines.",2021-04-30
Perspectives on the Early Quality of Evidence Guiding the Therapeutic Management of SARS-CoV-2: A Systematic Literature Review.,"<h4>Background</h4>The severe acute respiratory syndrome coronavirus 2 (SARS-CoV-2) outbreak is a serious health concern. Repurposing of existing drugs indicated for other conditions seems to be the first choice for immediate therapeutic management. The quality of early evidence favoring the different treatment options needs to be apprised for informed decision-making.<h4>Methods</h4>In this systematic literature review, we apprised the quality of available evidence for different therapeutic options and also the basis for different treatment guidelines. To include all studies that are in different stages of publication, we also included studies from the preprint servers BioRxiv and MedRxiv and published studies from PubMed.<h4>Results</h4>We retrieved 5621 articles and included 22 studies for the systematic review. Based on our study, chloroquine/hydroxychloroquine, either alone or in combination with azithromycin, remdesivir, corticosteroids, convalescent sera, ritonavir/lopinavir, tocilizumab and arbidol were evaluated as therapeutic options. The data from different study designs reveal contradictory findings except for convalescent sera for which the evidence available is only from case series. Based on this early evidence, various national guidelines recommend remdesivir, convalescent sera, corticosteroids and hydroxychloroquine in different subsets of patients.<h4>Conclusion</h4>Establishing consensus with respect to the end points to be assessed for respiratory viruses may enhance the quality of evidence in case of future pandemics. The systematic review highlighted the lacuna and methodologic deficiency in early clinical evidence and included an update on different therapeutic management guidelines. Further clinical evidence from the ongoing trials may lead to evolution of treatment guidelines with the addition of more therapeutic options.",2020-08-18
Expert Opinions on the Most Promising Treatments and Vaccine Candidates for COVID-19: Global Cross-sectional Survey of Virus Researchers in the Early Months of the Pandemic.,"<h4>Background</h4>The COVID-19 pandemic presents a great public health challenge worldwide, especially given the urgent need to identify effective drugs and develop a vaccine in a short period of time. Globally, several drugs and vaccine candidates are in clinical trials. However, because these drugs and vaccines are still being tested, there is still no definition of which ones will succeed.<h4>Objective</h4>This study aimed to assess the opinions of over 1000 virus researchers with knowledge on the prevention and treatment of coronavirus-related human diseases to determine the most promising drug and vaccine candidates to address COVID-19.<h4>Methods</h4>We mapped the clinical trials related to COVID-19 registered at ClinicalTrials.gov. These data were used to prepare a survey questionnaire about treatments and vaccine candidates for COVID-19. In May 2020, a global survey was conducted with authors of recent scientific publications indexed in the Web of Science Core Collection related to viruses, severe acute respiratory syndrome coronavirus, coronaviruses, and COVID-19.<h4>Results</h4>Remdesivir, immunoglobulin from cured patients, and plasma were considered to be the most promising treatments in May 2020, while ChAdOx1 and mRNA-1273 were considered to be the most promising vaccine candidates. Almost two-thirds of the respondents (766/1219, 62.8%) believed that vaccines for COVID-19 were likely to be available in the next 18 months. Slightly fewer than 25% (289/1219, 23.7%) believed that a vaccine was feasible, but probably not within 18 months.<h4>Conclusions</h4>The issues addressed in this study are constantly evolving; therefore, the current state of knowledge has changed since the survey was conducted. However, for several months after the survey, the respondents' expectations were in line with recent results related to treatments and vaccine candidates for COVID-19.",2021-02-26
Treatment of children with COVID-19: position paper of the Italian Society of Pediatric Infectious Disease.,A statement of consensus was formulated after reviewing available literature on pediatric treatment strategies for COVID-19 by the Steering and Scientific Committee of the Italian Society of Infectious Pediatric Diseases in connection with the Italian Society of Paediatrics.,2020-09-24
"Favipiravir and Hydroxychloroquine Combination Therapy in Patients with Moderate to Severe COVID-19 (FACCT Trial): An Open-Label, Multicenter, Randomized, Controlled Trial.","<h4>Introduction</h4>Antiviral drugs have shown limited effectiveness in treating patients with coronavirus disease 2019 (COVID-19). We aimed to assess the effects of a favipiravir and hydroxychloroquine combination on treating moderate-to-severe COVID-19 patients.<h4>Methods</h4>An investigator-initiated, multicenter, open-label, randomized trial at nine hospitals. Eligible patients were adults with moderate-to-severe COVID-19 defined as oxygen saturation (SaO<sub>2</sub>) of ≤ 94% while breathing ambient air or significant clinical symptoms with chest x-ray changes requiring hospital admission. Randomization was in a 1:1 ratio to receive standard care (control group) or standard care plus favipiravir and hydroxychloroquine. The primary outcome was time to clinical improvement of two points (from the status at randomization) on a seven-category ordinal scale or live discharge from the hospital within 14 days. Analyses were done in an intention-to-treat population.<h4>Results</h4>From May 2020 to Jan 2021, 254 patients were enrolled; 129 were assigned to standard of care and 125 to the treatment. The mean age was 52 (± 13) years, and 103 (41%) were women. At randomization, six patients were on invasive mechanical ventilation, 229 (90.15%) were requiring supplemental oxygen only (with or without non-invasive ventilation), and 19 (7.48%) were receiving neither. The time to clinical improvement was not significantly different between the groups: median of 9 days in the treatment group and 7 days in the control group (HR: 0.845; 95% CI 0.617-1.157; p-value = 0.29). The 28-day mortality was not significantly different between the groups (7.63% treatment) vs. (10.32% control); p-value = 0.45. The most prevalent adverse events were headache, elevation in ALT, and the prolonged QTc interval in the treatment group.<h4>Conclusion</h4>The combination of favipiravir and hydroxychloroquine did not result in a statistically significant clinical benefit in patients with moderate-to-severe COVID-19.<h4>Clinical trial registration</h4>ClinicalTrials.gov (NCT04392973).",2021-07-28
Drug interactions: a review of the unseen danger of experimental COVID-19 therapies.,"As global health services respond to the coronavirus pandemic, many prescribers are turning to experimental drugs. This review aims to assess the risk of drug-drug interactions in the severely ill COVID-19 patient. Experimental therapies were identified by searching ClinicalTrials.gov for 'COVID-19', '2019-nCoV', '2019 novel coronavirus' and 'SARS-CoV-2'. The last search was performed on 30 June 2020. Herbal medicines, blood-derived products and in vitro studies were excluded. We identified comorbidities by searching PubMed for the MeSH terms 'COVID-19', 'Comorbidity' and 'Epidemiological Factors'. Potential drug-drug interactions were evaluated according to known pharmacokinetics, overlapping toxicities and QT risk. Drug-drug interactions were graded GREEN and YELLOW: no clinically significant interaction; AMBER: caution; RED: serious risk. A total of 2378 records were retrieved from ClinicalTrials.gov, which yielded 249 drugs that met inclusion criteria. Thirteen primary compounds were screened against 512 comedications. A full database of these interactions is available at www.covid19-druginteractions.org. Experimental therapies for COVID-19 present a risk of drug-drug interactions, with lopinavir/ritonavir (10% RED, 41% AMBER; mainly a perpetrator of pharmacokinetic interactions but also risk of QT prolongation particularly when given with concomitant drugs that can prolong QT), chloroquine and hydroxychloroquine (both 7% RED and 27% AMBER, victims of some interactions due to metabolic profile but also perpetrators of QT prolongation) posing the greatest risk. With management, these risks can be mitigated. We have published a drug-drug interaction resource to facilitate medication review for the critically ill patient.",2020-12-01
A Review on Current Repurposing Drugs for the Treatment of COVID-19: Reality and Challenges.,"The coronavirus disease 2019 (COVID-19) caused by the novel severe acute respiratory syndrome coronavirus 2 (SARS-CoV-2) has become a global pandemic with a high growth rate of confirmed cases. Therefore, therapeutic options are desperately urgent to fight with this damning virus. As it may take years to develop a specific therapy of COVID-19, it is urgent to emphasize the repurposing of drugs used for other conditions. This study reviewed the most common drugs for COVID-19 based on available online literature representing the latest in vitro clinical trial database, rational of use, adverse effects, potential toxicities, and US National Institute of Health (NIH) recommendation to use for COVID-19. Based on the preliminary data from clinical trials and considering the NIH and FDA recommendation, remdesivir and convalescent blood products are the most promising potential for COVID-19 treatment. The use of chloroquine, hydroxychloroquine, favipiravir, ivermectin, and colchicine might also be effective. However, furthermore, in vivo investigations are needed in detail individually and in combination for possible benefits in humans. Besides, tocilizumab might be deemed as adjunctive therapy for patients with cytokine release syndrome. However, lopinavir-ritonavir, anakinra, and sarilumab had not proven their clinical efficacy. Eventually, sarilumab has been withdrawn from sponsored clinical trials based on the preliminary data. Baricitinib and ruxolitinib have the additive immunosuppressive effect. Consequently, all of these drugs are being evaluated with further studies. In addition, drug-drug interaction and safety concerns must be taken into account before the administration of the recommended drugs.",2020-08-31
An Updated Review on COVID-19.,"Coronavirus Disease (COVID-19) pandemic has affected more than seven million individuals in 213 countries worldwide with a basic reproduction number ranging from 1.5 to 3.5 and an estimated case fatality rate ranging from 2% to 7%. A substantial proportion of COVID-19 patients are asymptomatic; however, symptomatic cases might present with fever, cough, and dyspnoea or severe symptoms up to acute respiratory distress syndrome. Currently, RNA RT-PCR is the screening tool, while bilateral chest CT is the confirmatory clinical diagnostic test. Several drugs have been repurposed to treat COVID-19, including chloroquine or hydroxychloroquine with or without azithromycin, lopinavir/ritonavir combination, remdesivir, favipiravir, tocilizumab, and EIDD-1931. Recently, Remdesivir gained FDA emergency approval based on promising early findings from the interim analysis of 1063 patients. The recently developed serology testing for SARSCoV-2 antibodies opened the door to evaluate the actual burden of the disease and to determine the rate of the population who have been previously infected (or developed immunity). This review article summarizes current data on the COVID-19 pandemic starting from the early outbreak, viral structure and origin, pathogenesis, diagnosis, treatment, discharge criteria, and future research.",2021-01-01
Statins in COVID-19 Therapy.,"Inhibitors of 3-hydroxy-3methylgultaryl-coenzyme A reductase (statins) are one of the main groups of drugs used in preventing and treating cardiovascular diseases worldwide. They are widely available, cheap, and well-tolerated. Based on statins' pleiotropic properties, including improvement of endothelial dysfunction, antioxidant properties, atherosclerotic plaque stabilization, and inhibition of inflammatory responses, it can be hypothesized that the use of statins, at least as an adjuvant in antiviral therapy, may be justified. All these effects might be especially beneficial in patients with COVID-19, suffering from endothelial dysfunction, microvascular and macrovascular thrombosis, and cytokine storm. Here, we review the recent data regarding the pathophysiology of SARS-CoV-2 activity in host cells, proposed COVID-19 therapy, the pleiotropic activity of statins, and statins in clinical trials in respiratory infections. According to the guidelines of the European and American Cardiac Societies, in patients with cardiovascular disease or high cardiovascular risk with concomitant COVID-19 it is recommended to continue statin treatment. However, the initiation of statin therapy de novo in COVID-19 treatment should only be done as part of a clinical trial.",2021-06-16
COVID19- clinical presentation and therapeutic considerations.,"The emergence of severe acute respiratory syndrome coronavirus 2 (SARS-CoV-2) as a pandemic infection in 2020 has presented many therapeutic challenges. Not least among these is the importance of abnormal host response to infection that is one of the main drivers of more severe disease. Despite significant research endeavours, very few effective therapies have been identified, in part related to the different pathogenic mechanisms underlying different stages of clinical COVID-19. This mini review summarises data related to current and potential future therapies for COVID-19 and highlights the many challenges inherent in developing effective therapeutic options for new pandemic infection.",2020-11-11
COVID-19 Therapeutics for Low- and Middle-Income Countries: A Review of Candidate Agents with Potential for Near-Term Use and Impact.,"Low- and middle-income countries (LMICs) face significant challenges in the control of COVID-19, given limited resources, especially for inpatient care. In a parallel effort to that for vaccines, the identification of therapeutics that have near-term potential to be available and easily administered is critical. Using the United States (US), European Union (EU), and World Health Organization (WHO) clinical trial registries, we reviewed COVID-19 therapeutic agents currently under investigation. The search was limited to oral or potentially oral agents, with at least a putative anti-SARS-CoV-2 virus mechanism and with at least five registered trials. The search yielded 1,001, 203, and 1,128 trials, in the US, EU, and WHO trial registers, respectively. These trials covered 13 oral or potentially oral repurposed agents that are currently used as antimicrobials and immunomodulatory therapeutics with established safety profiles. The available evidence regarding proposed mechanisms of action, potential limitations, and trial status is summarized. The results of the search demonstrate few published studies of high quality, a low proportion of trials completed, and the vast majority with negative results. These findings reflect limited investment in COVID-19 therapeutics development compared with vaccines. We also identified the need for better coordination of trials of accessible agents and their combinations in LMICs. To prevent COVID-19 from becoming a neglected tropical disease, there is a critical need for rapid and coordinated efforts in the evaluation and deployment of those agents found to be efficacious.",2021-07-16
The second wave of desaturation in coronavirus disease 2019.,"After a complete symptomatic recovery from coronavirus disease 2019 pneumonia, the second phase of desaturation is a new phenomenon that is being increasingly observed. Two possible mechanisms behind it can be a continued subclinical infection and lung fibrosis. We have presented a case with the former mechanism, who responded well to steroids.",2021-03-19
Gender differences in treatment of Coronavirus Disease-2019.,"Coronavirus Disease-2019 (COVID-19) is the worst worldwide pandemic with more than 12,000,000 cases and 560,000 deaths until 14th July 2020. Men were more infected by COVID-19 than women, and male subjects with underlying conditions, including diabetes, hypertension, and cardiovascular diseases developed a severe form of the affection, with increased mortality rate. Many factors can contribute to the disparity in disease outcomes, such as hormone-specific reaction and activity of X-linked genes, which modulate the innate and adaptive immune response to virus infection. Until now, only the Remdesivir was approved by FDA (Food Drug Administration) for COVID-19 treatment, although several clinical trials are ongoing worldwide also on other drugs. In this review, we analyzed published studies on several drugs (chloroquine or hydroxychloroquine, remdesivir, favipiravir, lopinavir-ritonavir in combination, tocilizumab, plasma, and immunoglobulins) with some efficacy to COVID-19 in humans, and evaluated if there were a gender analysis of the available data. In our opinion, it is essential to report data about COVID-19 disaggregated by sex, age, and race, because the knowledge of gender differences is fundamental to identify effective and customized treatments to reduce hospitalizations, admissions to intensive care units, and mortality.",2020-12-03
Treatment for COVID-19: An overview.,"Coronavirus disease 2019 (COVID-19) is an infectious disease caused by coronavirus-2 (SARS-CoV-2) that causes a severe acute respiratory syndrome, a characteristic hyperinflammatory response, vascular damage, microangiopathy, angiogenesis and widespread thrombosis. Four stages of COVID-19 have been identified: the first stage is characterised by upper respiratory tract infection; the second by the onset of dyspnoea and pneumonia; the third by a worsening clinical scenario dominated by a cytokine storm and the consequent hyperinflammatory state; and the fourth by death or recovery. Currently, no treatment can act specifically against the SARS-CoV-2 infection. Based on the pathological features and different clinical phases of COVID-19, particularly in patients with moderate to severe COVID-19, the classes of drugs used are antiviral agents, inflammation inhibitors/antirheumatic drugs, low molecular weight heparins, plasma, and hyperimmune immunoglobulins. During this emergency period of the COVID-19 outbreak, clinical researchers are using and testing a variety of possible treatments. Based on these premises, this review aims to discuss the most updated pharmacological treatments to effectively act against the SARS-CoV-2 infection and support researchers and clinicians in relation to any current and future developments in curing COVID-19 patients.",2020-10-11
Review of registered clinical trials for the treatment of COVID-19.,"Coronavirus disease 2019 (COVID-19) is a viral disease caused by severe acute respiratory syndrome coronavirus 2 (SARS-CoV-2). The disease was first reported in December 2019 in Wuhan, China, but now more than 200 countries have been affected and the coronavirus pandemic is still ongoing. The severity of COVID-19 symptoms can range from mild to severe. FDA approved remdesivir as a treatment of COVID-19 so far. Various clinical trials are underway to find an effective method to treat patients with COVID-19. This review aimed at summarizing 219 registered clinical trials in the ClinicalTrials.gov database with possible mechanisms, and novel findings of them, and other recent publications related to COVID-19. According to our analyses, various treatment approaches and drugs are being investigated to find an effective drug to cure COVID-19 and among all strategies, three important mechanisms are suggested to be important against COVID-19 including antiviral, anti-inflammatory, and immunomodulatory properties. Our review can help future studies get on the way to finding an effective drug for COVID-19 treatment by providing ideas for similar researches.",2020-11-29
Emergent Drug and Nutrition Interactions in COVID-19: A Comprehensive Narrative Review.,"Coronaviruses are a large family of viruses that are known to cause respiratory tract infections ranging from colds to more severe diseases, such as Middle East Respiratory Syndrome (MERS) and the Severe Acute Respiratory Syndrome (SARS). New Coronavirus Disease 2019 (COVID-19), which led to deaths as well as social and economic disruptions, is an ongoing worldwide pandemic caused by Severe Acute Respiratory Syndrome Coronavirus 2 (SARS-CoV-2). Currently, there is no approved treatment for COVID-19. Hence, only supportive care has been approved by the World Health Organization (WHO) for now. Pharmacological agents used for the adjunctive treatment of COVID-19 following the current literature and clinical experiences include antiviral, anti-inflammatory, and anti-malaria drugs, and other traditional or untraditional treatments. However, it has been reported that the use of these drugs may have some negative effects and comorbidities. Moreover, the current data have indicated that the risk of drug-drug interactions may also be high in polypharmacy cases, especially in elderly people, some comorbidity situations, and intensive care unit (ICU) patients. It is highly possible that these situations can not only increase the risk of drug-drug interactions but also increase the risk of food/nutrition-drug interactions and affect the nutritional status. However, this issue has not yet been entirely discussed in the literature. In this review, current information on the possible mechanisms as well as pharmacokinetic and pharmacodynamic effects of some pharmacological agents used in the treatment of COVID-19 and/or their secondary interactions with nutrition were evaluated and some future directions were given.",2021-05-04
"Immunomodulation as a Potent COVID-19 Pharmacotherapy: Past, Present and Future","In the first year of its appearance, the 2019 coronavirus disease (COVID-19) has affected more than 150 million individuals and killed 3 million people worldwide. The pandemic has also triggered numerous global initiatives to tackle the newly emerging disease, including the development of SARS-CoV-2 vaccines and the attempt to discover potential pharmacological therapies. Nonetheless, despite the success of SARS-CoV-2 vaccines development, COVID-19 therapy remains challenging. Several repurposed drugs that were documented to be useful in small clinical trials have been shown to be ineffective in larger studies. Additionally, the pathophysiology of SARS-CoV-2 infection displayed the predominance of hyperinflammation and immune dysregulation in inducing multiorgan damage. Therefore, the potential benefits of both immune modulation and suppression in COVID-19 have been extensively discussed. Here, we reviewed the roles of immunomodulation as potential COVID-19 pharmacological modalities based on the existing data and proposed several new immunologic targets to be tested in the foreseeable future.",2021-07-01
Current evidence for COVID-19 therapies: a systematic literature review.,"Effective therapeutic interventions for the treatment and prevention of coronavirus disease 2019 (COVID-19) are urgently needed. A systematic review was conducted to identify clinical trials of pharmacological interventions for COVID-19 published between 1 December 2019 and 14 October 2020. Data regarding efficacy of interventions, in terms of mortality, hospitalisation and need for ventilation, were extracted from identified studies and synthesised qualitatively. In total, 42 clinical trials were included. Interventions assessed included antiviral, mucolytic, antimalarial, anti-inflammatory and immunomodulatory therapies. Some reductions in mortality, hospitalisation and need for ventilation were seen with interferons and remdesivir, particularly when administered early, and with the mucolytic drug, bromhexine. Most studies of lopinavir/ritonavir and hydroxychloroquine did not show significant efficacy over standard care/placebo. Dexamethasone significantly reduced mortality, hospitalisation and need for ventilation <i>versus</i> standard care, particularly in patients with severe disease. Evidence for other classes of interventions was limited. Many trials had a moderate-to-high risk of bias, particularly in terms of blinding; most were short-term and some included low patient numbers.This review highlights the need for well-designed clinical trials of therapeutic interventions for COVID-19 to increase the quality of available evidence. It also emphasises the importance of tailoring interventions to disease stage and severity for maximum efficacy.",2021-03-17
Repositioning HIV protease inhibitors and nucleos(t)ide RNA polymerase inhibitors for the treatment of SARS-CoV-2 infection and COVID-19.,"<h4>Aims</h4>SARS-CoV-2 is a single-stranded RNA virus which is part of the ß-coronavirus family (like SARS 2002 and MERS 2012). The high prevalence of hospitalization and mortality, in addition to the lack of vaccines and therapeutics, forces scientists and clinicians around the world to evaluate new therapeutic options. One strategy is the repositioning of already known drugs, which were approved drugs for other indications.<h4>Subject and method</h4>SARS-CoV-2 entry inhibitors, RNA polymerase inhibitors, and protease inhibitors seem to be valuable targets of research. At the beginning of the pandemic, the ClinicalTrials.gov webpage listed n=479 clinical trials related to the antiviral treatment of SARS-CoV-2 (01.04.2020, ""SARS-CoV-2,"" ""COVID-19,"" ""antivirals,"" ""therapy""), of which n=376 are still accessible online in January 2021 (10.01.2021). Taking into account further studies not listed in the CTG webpage, this narrative review appraises HIV protease inhibitors and nucleos(t)ide RNA polymerase inhibitors as promising candidates for the treatment of COVID-19.<h4>Results</h4>Lopinavir/ritonavir, darunavir/cobicistat, remdesivir, tenofovir-disoproxilfumarate, favipriravir, and sofosbuvir are evaluated in clinical studies worldwide. Study designs show a high variability and results often are contradictory. Remdesivir is the drug, which is deployed in nearly 70% of the reviewed clinical trials, followed by lopinavir/ritonavir, favipiravir, ribavirine, and sofosbuvir.<h4>Discussion</h4>This review discusses the pharmacological/clinical background and questions the rationale and study design of clinical trials with already approved HIV protease inhibitors and nucleos(t)ide RNA polymerase inhibitors which are repositioned during the SARS-CoV-2 pandemic worldwide. Proposals are made for future study design and drug repositioning of approved antiretroviral compounds.",2021-03-04
An Up-to-Date Overview of Therapeutic Agents for the Treatment of COVID-19 Disease.,"Acute respiratory syndrome coronavirus 2 (SARS-CoV-2) pandemic has a great potential to overwhelm the world healthcare systems that may lead to high morbidity and mortality. It also affects world economic development in the future. Currently, no proven effective drugs or vaccines are available for the management of COVID-19 disease. The pace of normal drug development progression is unacceptable in the context of the current pandemic. Therefore, repurposing the existing drugs that were used for the treatment of malaria, Ebola, and influenza helps rapid drug development for COVID-19. Currently, several repurposing candidate drugs are in a clinical trial including, chloroquine monoclonal antibodies, convalescent plasma, interferon, and antiviral therapies. Antiviral drugs like arbidol, remdesiv and favirnavir are the most promising due to the similarities of the viruses regarding viral entry, fusion, uncoating, and replication. This review article provides an overview of the potential therapeutic agent, which displayed better clinical treatment outcomes. Moreover, with further understanding of the SARS-CoV-2 virus, new drugs targeting specific SARS-CoV-2 viral components arise, and investigations on these novels anti-SARSCoV- 2 agents are also reviewed.",2020-12-14
"Predicted occurrence, ecotoxicological risk and environmentally acquired resistance of antiviral drugs associated with COVID-19 in environmental waters.","Antiviral drugs have been used to treat the ever-growing number of coronavirus disease, 2019 (COVID-19) patients. Consequently, unprecedented amounts of such drug residues discharging into ambient waters raise concerns on the potential ecotoxicological effects to aquatic lives, as well as development of antiviral drug-resistance in wildlife. Here, we estimated the occurrence, fate and ecotoxicological risk of 11 therapeutic agents suggested as drugs for COVID-19 treatment and their 13 metabolites in wastewater and environmental waters, based on drug consumption, physical-chemical property, and ecotoxicological and pharmacological data for the drugs, with the aid of quantitative structure-activity relationship (QSAR) modelling. Our results suggest that the removal efficiencies at conventional wastewater treatment plants will remain low (<20%) for half of the substances, and consequently, high drug residues (e.g. 7402 ng/L ribavirin, 4231 ng/L favipiravir, 730 ng/L lopinavir, 319 ng/L remdesivir; each combined for both unchanged forms and metabolites; and when each drug is administered to 100 patients out of 100,000 populations on a day) can be present in secondary effluents and persist in the environmental waters. Ecotoxicological risk in receiving river waters can be high (risk quotient >1) by a use of favipiravir, lopinavir, umifenovir and ritonavir, and medium (risk quotient >0.1) by a use of chloroquine, hydroxychloroquine, remdesivir, and ribavirin, while the risk will remain low (risk quotient <0.1) for dexamethasone and oseltamivir. The potential of wild animals acquiring antiviral drug resistance was estimated to be low. Our prediction suggests a pressing need for proper usage and waste management of antiviral drugs as well as for improving removal efficiencies of drug residues in wastewater.",2021-02-15
The Effect of COVID-19 on NF-κB and Neurological Manifestations of Disease.,"The coronavirus disease that presumably began in 2019 (COVID-19) is a highly infectious disease caused by the severe acute respiratory syndrome coronavirus 2 (SARS-CoV-2) and has resulted in a pandemic. Initially, COVID-19 was thought to only affect respiration. However, accumulating evidence shows a wide range of neurological symptoms are also associated with COVID-19, such as anosmia/ageusia, headaches, seizures, demyelination, mental confusion, delirium, and coma. Neurological symptoms in COVID-19 patients may arise due to a cytokine storm and a heighten state of inflammation. The nuclear factor kappa-light-chain enhancer of activated B cells (NF-κB) is a central pathway involved with inflammation and is shown to be elevated in a dose-dependent matter in response to coronaviruses. NF-κB has a role in cytokine storm syndrome, which is associated with greater severity in COVID-19-related symptoms. Therefore, therapeutics that reduce the NF-κB pathway should be considered in the treatment of COVID-19. Neuro-COVID-19 units have been established across the world to examine the neurological symptoms associated with COVID-19. Neuro-COVID-19 is increasingly becoming an accepted term among scientists and clinicians, and interdisciplinary teams should be created to implement strategies for treating the wide range of neurological symptoms observed in COVID-19 patients.",2021-06-01
Immunomodulatory therapies for SARS-CoV-2 infection: a systematic literature review to inform EULAR points to consider.,"<h4>Objective</h4>To summarise the available information on efficacy and safety of immunomodulatory agents in SARS-CoV-2 infection.<h4>Methods</h4>As part of a European League Against Rheumatism (EULAR) taskforce, a systematic literature search was conducted from January 2019 to 11 December 2020. Two reviewers independently identified eligible studies according to the Population, Intervention, Comparator and Outcome framework and extracted data on efficacy and safety of immunomodulatory agents used therapeutically in SARS-CoV-2 infection at any stage. The risk of bias was assessed with validated tools.<h4>Results</h4>Of the 60 372 records, 401 articles were eligible for inclusion. Studies were at variable risk of bias. Randomised controlled trials (RCTs) were available for the following drugs: hydroxychloroquine (n=12), glucocorticoids (n=6), tocilizumab (n=4), convalescent plasma (n=4), interferon beta (n=2), intravenous immunoglobulins (IVIg) (n=2) and n=1 each for anakinra, baricitinib, colchicine, leflunomide, ruxolitinib, interferon kappa and vilobelimab. Glucocorticoids were able to reduce mortality in specific subsets of patients, while conflicting data were available about tocilizumab. Hydroxychloroquine was not beneficial at any disease stage, one RCT with anakinra was negative, one RCT with baricitinib+remdesivir was positive, and individual trials on some other compounds provided interesting, although preliminary, results.<h4>Conclusion</h4>Although there is emerging evidence about immunomodulatory therapies for the management of COVID-19, conclusive data are scarce with some conflicting data. Since glucocorticoids seem to improve survival in some subsets of patients, RCTs comparing glucocorticoids alone versus glucocorticoids plus anticytokine/immunomodulatory treatment are warranted. This systematic literature review informed the initiative to formulate EULAR 'points to consider' on COVID-19 pathophysiology and immunomodulatory treatment from the rheumatology perspective.",2021-02-15
Drug treatment of coronavirus disease 2019 (COVID-19) in China.,"Since December 2019, the coronavirus disease 2019 (COVID-19) caused by the Severe Acute Respiratory Syndrome Coronavirus 2 (SARS-CoV-2) has spread throughout China as well as other countries. More than 8,700,000 confirmed COVID-19 cases have been recorded worldwide so far, with much more cases popping up overseas than those inside. As the initial epicenter in the world, China has been combating the epidemic for a relatively longer period and accumulated valuable experience in prevention and control of COVID-19. This article reviewed the clinical use, mechanism and efficacy of the clinically approved drugs recommended in the Diagnosis and Treatment Protocol for Novel Coronavirus Pneumonia (DTPNCP) released by National Health Commission of P.R.China, and the novel therapeutic agents now undergoing clinical trials approved by China National Medical Products Administration (NMPA) to evaluate experimental treatment for COVID-19. Reviewing the progress in drug development for the treatment against COVID-19 in China may provide insight into the epidemic control in other countries.",2020-06-27
A complementary critical appraisal on systematic reviews regarding the most efficient therapeutic strategies for the current COVID-19 (SARS-CoV-2) pandemic.,"<h4>Background</h4>This critical appraisal aims to clarify which systematic reviews on COVID-19 treatment are based on high-value evidence. Hereby, the most profitable medicines can be suggested.<h4>Methods</h4>The mesh terms of ""COVID-19 drug treatment"" (Supplementary Concept) and ""COVID-19 drug treatment"" were sequentially utilized as search strategies in Medline and Science direct on October 18, 2020. Searches were confined to systematic reviews/meta-analyses. The Cochrane database was searched on November 1, 2020 with ""COVID."" With adding up four articles from other resources, 84 systematic reviews were considered for initial screening. Finally, 22 articles fulfilled the criteria and were assessed using PRISMA guidelines.<h4>Results</h4>Increasing number of clinical trials from the onset of the COVID-19 pandemic has revealed that hydroxychloroquine and chloroquine are not only profitable but also deleterious. Lopinavir/ritonavir failed to maintain their initial efficacy in improving clinical symptoms and mortality rate. Steroids and tocilizumab were suggested in patients with intensely severe symptoms. Steroids reduced mechanical ventilation and death in severely ill patients. Plasma or immunoglobulins effects are absolutely controversial. Favorable impressions of remdesivir have been relied on for the early onset of this drug. Hypotension and abnormal liver function tests were realized as its side effects. Favipiravir has resulted in a higher viral clearance than remdesivir. However, this claim needs to be proved with subsequent clinical trials.<h4>Conclusions</h4>Currently, remdesivir and favipiravir are advantageous drugs that should be administered in the early phases. Their side effects are not well known and need to be found in the following research projects. Steroids and tocilizumab have been considered beneficial in the cytokine storm phase.",2021-02-01
COVID-19: Therapeutics and interventions currently under consideration.,"With the emergence of COVID-19 extensive research began to identify medications, candidate compounds and other therapeutic approaches. The complex virology of COVID-19 may provide multiple potential target points for antiviral therapy, and vaccines; extensive global research is underway to exploit these potential opportunities. The complex pathophysiology, pulmonary and extrapulmonary disease, and immune mediated effects such as cytokine storm, make medical management more challenging than many viral illnesses. Non medication based interventions including hyperbaric oxygen (HBOT), extracorporeal membrane oxygenation (ECMO), aggressive dialysis, and other interventions, all with various degrees of clinical success, and will be discussed in this section. Several antivirals approved for other clinical indications were studied for repurposing against COVID-19, which we highlight, again with varying results. In addition to therapeutics, concern was raised over potential risks associated with ACE inhibitors and ARB use, which is presented. Often the timing of the medication determined its clinical benefit as will be discussed with dexamethasone and other medications. As such, this Therapeutics Review will present prominent and/or promising medications and therapeutic approaches with the caveats that 1. To date, none are FDA approved beyond emergency use authorization (EUA), and 2. Although a comprehensive look at various classes of interventions, it is by no means a complete list of every compound trialed against COVID-19. Recognizing the knowledge basis upon which we treat COVID-19 patients, develop therapeutics, and vaccines continues to evolve as new information is presented, every effort nevertheless has been made to provide as timely information as possible. It is hoped that the information shared can help guide the clinician in terms of potential options to treat this complex group of patients.",2020-07-28
Challenges of drug development during the COVID-19 pandemic: Key considerations for clinical trial designs.,"There is an urgent need for targeted and effective COVID-19 treatments. Several medications, including hydroxychloroquine, remdesivir, lopinavir-ritonavir, favipiravir, tocilizumab and others have been identified as potential treatments for COVID-19. Bringing these repurposed medications to the public for COVID-19 requires robust and high-quality clinical trials that must be conducted under extremely challenging pandemic conditions. This article reviews translational science principles and strategies for conducting clinical trials in a pandemic and evaluates recent trials for different drug candidates. We hope that this knowledge will help focus efforts during this crisis and lead to the expedited development and approval of COVID-19 therapies.",2020-12-10
Pragmatic Recommendations for Therapeutics of Hospitalized COVID-19 Patients in Low- and Middle-Income Countries.,"The therapeutic options for COVID-19 patients are currently limited, but numerous randomized controlled trials are being completed, and many are on the way. For COVID-19 patients in low- and middle-income countries (LMICs), we recommend against using remdesivir outside of a clinical trial. We recommend against using hydroxychloroquine ± azithromycin or lopinavir-ritonavir. We suggest empiric antimicrobial treatment for likely coinfecting pathogens if an alternative infectious cause is likely. We suggest close monitoring without additional empiric antimicrobials if there are no clinical or laboratory signs of other infections. We recommend using oral or intravenous low-dose dexamethasone in adults with COVID-19 disease who require oxygen or mechanical ventilation. We recommend against using dexamethasone in patients with COVID-19 who do not require supplemental oxygen. We recommend using alternate equivalent doses of steroids in the event that dexamethasone is unavailable. We also recommend using low-dose corticosteroids in patients with refractory shock requiring vasopressor support. We recommend against the use of convalescent plasma and interleukin-6 inhibitors, such as tocilizumab, for the treatment of COVID-19 in LMICs outside of clinical trials.",2020-12-29
Repurposing Therapeutics for Potential Treatment of SARS-CoV-2: A Review.,"The need for proven disease-specific treatments for the novel pandemic coronavirus SARS-CoV-2 necessitates a worldwide search for therapeutic options. Since the SARS-CoV-2 virus shares extensive homology with SARS-CoV and MERS-CoV, effective therapies for SARS-CoV and MERS-CoV may also have therapeutic potential for the current COVID-19 outbreak. To identify therapeutics that might be repositioned for treatment of the SARS-CoV-2 disease COVID-19, we strategically reviewed the literature to identify existing therapeutics with evidence of efficacy for the treatment of the three coronaviruses that cause severe respiratory illness (SARS-CoV, MERS-CoV, and SARS-CoV-2). Mechanistic and in vitro analyses suggest multiple promising therapeutic options with potential for repurposing to treat patients with COVID-19. Therapeutics with particularly high potential efficacy for repurposing include camostat mesylate, remdesivir, favipiravir, tocilizumab, baricitinib, convalescent plasma, and humanized monoclonal antibodies. Camostat mesylate has shown therapeutic potential, likely by preventing viral entry into epithelial cells. In early research, the targeted antivirals remdesivir and favipiravir appear to benefit patients by decreasing viral replication; clinical trials suggest that remdesivir speeds recovery from COVID-19. Tocilizumab and baricitinib appear to improve mortality by preventing a severe cytokine storm. Convalescent plasma and humanized monoclonal antibodies offer passive immunity and decreased recovery time. This review highlights potential therapeutic options that may be repurposed to treat COVID-19 and suggests opportunities for further research.",2020-06-30
Anti-Inflammatory Properties of Drugs Used to Control COVID-19 and their Effects on the Renin-Angiotensin System and Angiotensin-Converting Enzyme-2.,"COVID-19 infection is associated with systemic inflammation, and sometimes hyperinflammatory responses with cytokine storm. This plays a major role in COVID-19 severity and poor disease prognosis, even death. Higher levels of inflammatory hallmarks including C-reactive protein, ferritin, D-dimers, and cytokines such as interleukin (IL) -6, IL-10 and tumor necrosis factor- α (TNF-α) have been reported. Many anti-viral drugs have been tried, but none were proven fully effective. Supportive care and management of the complications that are caused mainly by inflammation might be the key to greater survival rates and shorter hospitalization (e.g., the use of remdesivir, lopinavir, ritonavir, umifenovir (arbidol), oseltamivir, ganciclovir, favipiravir, darunavir, hydroxychloroquine, chloroquine, colchicine, azithromycin, anakinra, canakinumab, tocilizumab, siltuximab, sarilumab, Type 1 interferon, interferon β-1a, interferon α- 2b, baricitinib, ruxolitinib, fedratinib, methylprednisolone and dexamethasone). However, the efficacy of these treatments still needs well-planned clinical trials. In such trials, careful attention must be paid to the duration of the treatment, the onset of beneficial effects, and the severity of the disease, otherwise, the outcomes may still remain inconclusive. Herein, we present a review of the current drugs, which are being used in the management of the disease and their anti-inflammatory properties. We also investigated if these drugs directly interact with Angiotensin-Converting Enzyme (ACE 2), which is a crucial component of the virus entry to the cells.",2020-01-01
Japanese rapid/living recommendations on drug management for COVID-19: updated guidelines (September 2021).,"<h4>Background</h4>The coronavirus disease 2019 (COVID-19) has spread worldwide since early 2020, and there are still no signs of resolution. The Japanese Clinical Practice Guidelines for the Management of Sepsis and Septic Shock (J-SSCG) 2020 Special Committee created the Japanese rapid/living recommendations on drug management for COVID-19 using the experience of creating the J-SSCG.<h4>Methods</h4>The Grades of Recommendation, Assessment, Development, and Evaluation (GRADE) approach was used to determine the certainty of the evidence and strength of the recommendations. The first edition of this guideline was released on September 9, 2020, and this document is the revised edition (version 4.0; released on September 9, 2021). Clinical questions (CQs) were set for the following seven drugs: favipiravir (CQ1), remdesivir (CQ2), corticosteroids (CQ4), tocilizumab (CQ5), anticoagulants (CQ7), baricitinib (CQ8), and casirivimab/imdevimab (CQ9). Two CQs (hydroxychloroquine [CQ3] and ciclesonide [CQ6]) were retrieved in this updated version.<h4>Recommendations</h4>Favipiravir is not suggested for all patients with COVID-19 (GRADE 2C). Remdesivir is suggested for patients with moderate COVID-19 requiring supplemental oxygen/hospitalization (GRADE 2B). Corticosteroids are recommended for patients with moderate COVID-19 requiring supplemental oxygen/hospitalization (GRADE 1B) and for patients with severe COVID-19 requiring mechanical ventilation/intensive care (GRADE 1A); however, their administration is not recommended for patients with mild COVID-19 not requiring supplemental oxygen (GRADE 1B). Tocilizumab is suggested for patients with moderate COVID-19 requiring supplemental oxygen/hospitalization (GRADE 2B). Anticoagulant administration is recommended for patients with moderate COVID-19 requiring supplemental oxygen/hospitalization and patients with severe COVID-19 requiring mechanical ventilation/intensive care (good practice statement). Baricitinib is suggested for patients with moderate COVID-19 requiring supplemental oxygen/hospitalization (GRADE 2C). Casirivimab/imdevimab is recommended for patients with mild COVID-19 not requiring supplemental oxygen (GRADE 1B). We hope that these updated clinical practice guidelines will help medical professionals involved in the care of patients with COVID-19.",2021-01-01
Helmet mask and tocilizumab for a patient with hemophagocytic lymphohistiocytosis syndrome and COVID-19: a case report.,"The management of acute hypoxemic respiratory failure and the effect of antiviral drugs in patients with severe COVID-19 have been debated. This case presents the management of a 64-year-old man COVID-19 patient admitted to the Intensive Care Unit with fever, fatigue, shortness of breath and hemophagocytic lymphohistiocytosis syndrome. Helmet mask was successfully used to treat his hypoxemic respiratory failure without any aerosol problems. Tocilizumab, an antagonist interleukin-6, was intravenously infused as an alternative drug. After administration, the high level of IL-6, CRP, ferritin, D-dimer, triglyceride, and H-scores decreased, and the patient observed good clinical and laboratory improvements. In this case report, we describe the effect of noninvasive ventilation delivered by helmet mask and antiviral drugs, and the intravenous administration of tocilizumab in a patient with hemophagocytic lymphohistiocytosis syndrome and COVID-19.",2020-12-26
Current Approaches to COVID-19: Therapy and Prevention.,"The coronavirus disease-2019 (COVID-19) pandemic has affected millions of people worldwide. As our understanding of the disease is evolving, our approach to the patient management is also changing swiftly. Available new evidence is helping us take radical decisions in COVID-19 management. We searched for inclusion of the published literature on treatment of COVID-19 from around the globe. All relevant evidences available till the time of submission of this article were briefly discussed. Once advised as blanket therapy for all patients, recent reports of hydroxychloroquine with or without azithromycin indicated no potential benefit and use of such combination may increase the risk of arrhythmias. Clinical evidence with newer antivirals such as remdesivir and favipiravir is promising that can hasten the patient recovery and reduce the mortality. With steroids, evidence is much clear in that it should be used in low dose and for short period not extending beyond 7 days in moderate to severe hospitalized patients. Low-molecular-weight heparin should be initiated in all hospitalized COVID-19 patients and dose should be based on the coagulation profile and risk of thromboembolism. Immunomodulatory drugs such tocilizumab may be considered for severe and critically ill patients to improve the outcomes. Though ulinastatin can be a potential alternative immunomodulator, there is lack of clinical evidence on its usage in COVID-19. Convalescent plasma therapy can be potentially lifesaving in critically ill patients. However, there is need to generate further evidence with various such therapies. Though availability of a potent vaccine is awaited, current treatment of COVID-19 is based on available therapies, which is guided by the evidence. In this review, we discuss the potential treatments available around the globe with current evidence on each of such treatments. <b>How to cite this article:</b> Dixit SB, Zirpe KG, Kulkarni AP, Chaudhry D, Govil D, Mehta Y, <i>et al.</i> Current Approaches to COVID-19: Therapy and Prevention. Indian J Crit Care Med 2020;24(9):838-846.",2020-09-01
Investigation of the disease process and drug combinations in patients with suspected/confirmed COVID-19 using favipiravir.,"<h4>Aims</h4>It is aimed to investigate the disease processes and drug combinations in patients who received favipiravir treatment.<h4>Methods</h4>This cross-sectional, analytical and retrospective study included all patients aged ≥18 years (n = 502) who were hospitalised in Samsun, Turkey, for COVID-19 and were given favipiravir from the date between 25 March 2020 and 3 June 2020.<h4>Results</h4>In total, 58.6% (n = 294) of the patients were male and 24.5% (n = 123) were between the ages of 71 and 80 years. During the first case process, the mortality rate was 19.9%, whereas the rate of those who were discharged as is/followed up at home for 14 days was 37.3%. During the second case process, the mortality rate was 6.2%, and the rate of those who was discharged as is/followed up at home for 14 days was 65.6%. The mean length of hospital stay was 10.61 ± 8.17 days for the first and 7.97 ± 4.16 days for the second hospitalisation; this difference was significant. Mortality risk of those who used Tocilizumab or vitamin C beside Favipiravir was higher than those who did not. The length of hospital stay was higher in patients using tocilizumab than in those who did not (P < .001).<h4>Conclusion</h4>Administration of favipiravir later in the course of the disease makes it difficult to achieve the true efficacy expected from the drug and also makes it difficult for other combination drugs to contribute to survival. Favipiravir may also be effective in case of recurrence.",2021-03-29
Emerging pharmacological therapies for ARDS: COVID-19 and beyond.,"ARDS, first described in 1967, is the commonest form of acute severe hypoxemic respiratory failure. Despite considerable advances in our knowledge regarding the pathophysiology of ARDS, insights into the biologic mechanisms of lung injury and repair, and advances in supportive care, particularly ventilatory management, there remains no effective pharmacological therapy for this syndrome. Hospital mortality at 40% remains unacceptably high underlining the need to continue to develop and test therapies for this devastating clinical condition. The purpose of the review is to critically appraise the current status of promising emerging pharmacological therapies for patients with ARDS and potential impact of these and other emerging therapies for COVID-19-induced ARDS. We focus on drugs that: (1) modulate the immune response, both via pleiotropic mechanisms and via specific pathway blockade effects, (2) modify epithelial and channel function, (3) target endothelial and vascular dysfunction, (4) have anticoagulant effects, and (5) enhance ARDS resolution. We also critically assess drugs that demonstrate potential in emerging reports from clinical studies in patients with COVID-19-induced ARDS. Several therapies show promise in earlier and later phase clinical testing, while a growing pipeline of therapies is in preclinical testing. The history of unsuccessful clinical trials of promising therapies underlines the challenges to successful translation. Given this, attention has been focused on the potential to identify biologically homogenous subtypes within ARDS, to enable us to target more specific therapies 'precision medicines.' It is hoped that the substantial number of studies globally investigating potential therapies for COVID-19 will lead to the rapid identification of effective therapies to reduce the mortality and morbidity of this devastating form of ARDS.",2020-07-11
Missing clinical trial data: the evidence gap in primary data for potential COVID-19 drugs.,"<h4>Background</h4>Several drugs are being repurposed for the treatment of the coronavirus disease 2019 (COVID-19) pandemic based on in vitro or early clinical findings. As these drugs are being used in varied regimens and dosages, it is important to enable synthesis of existing safety data from clinical trials. However, availability of safety information is limited by a lack of timely reporting of overall clinical trial results on public registries or through academic publication. We aimed to analyse the evidence gap in this data by conducting a rapid review of results posting on ClinicalTrials.gov and in academic publications to quantify the number of trials missing results for drugs potentially being repurposed for COVID-19.<h4>Methods</h4>ClinicalTrials.gov was searched for 19 drugs that have been identified as potential treatments for COVID-19. Relevant clinical trials for any prior indication were listed by identifier (NCT number) and checked for results and for timely result reporting (within 395 days of the primary completion date). Additionally, PubMed and Google Scholar were searched to identify publications of results not listed on the registry. A second, blinded search of 10% of trials was conducted to assess reviewer concordance.<h4>Results</h4>Of 3754 completed trials, 1516 (40.4%) did not post results on ClinicalTrials.gov or in the academic literature. Tabular results were available on ClinicalTrials.gov for 1172 (31.2%) completed trials. A further 1066 (28.4%) had published results in the academic literature, but did not report results on ClinicalTrials.gov . Key drugs missing clinical trial results include hydroxychloroquine (37.0% completed trials unreported), favipiravir (77.8%) and lopinavir (40.5%).<h4>Conclusions</h4>There is an important evidence gap for the safety of drugs being repurposed for COVID-19. This uncertainty could cause unnecessary additional morbidity and mortality during the pandemic. We recommend caution in experimental drug use for non-severe disease and urge clinical trial sponsors to report missing results retrospectively.",2021-01-15
An overview of antiviral strategies for coronavirus 2 (SARS-CoV-2) infection with special reference to antimalarial drugs chloroquine and hydroxychloroquine.,"At present, neither specific antiviral drugs, nor vaccine is recommended for coronavirus disease 2019 (COVID-19) treatment. In this review we discuss the drugs suggested as therapy for COVID-19 infection, with a focus on chloroquine and hydroxychloroquine. The list of drugs used for COVID-19 treatment includes a combination of lopinavir and ritonavir, remdesivir, favipiravir, alpha-interferon, ribavirin, atazanavir, umifenovir, and tocilizumab. As their efficacy and safety are under investigation, none of the regulatory agencies approved them for the treatment of COVID-19 infection. Although chloroquine and hydroxychloroquine possess antiviral and immunomodulatory effects, in practice benefit of their use for COVID-19 treatment is controversial. Several studies investigating hydroxychloroquine were stopped and the French national medicines regulator suspended its use in clinical trials because of safety concerns. The results from the double-blind, randomised clinical trials, including large number of participants, will add better insight into the role of these two drugs as already available and affordable, antimalarial therapy. The ethical issue on emergency use of chloroquine and hydroxychloroquine in the settings of COVID-19 should be carefully managed, with adherence to the ""monitored emergency use of unregistered and experimental interventions"" (MEURI) framework or be ethically approved as a trial, as stated by the WHO. Potential shortage of chloroquine/hydroxychloroquine on the market can be overbridged with regular prescriptions by medical doctors and national drug agency should ensure sufficient quantities of these drugs for standard indications.",2020-11-22
Treatment Options for COVID-19: A Review.,"<b>Background:</b> The recent COVID-19 pandemic sweeping the globe has caused great concern worldwide. Due to the limited evidence available on the dynamics of the virus and effective treatment options available, severe acute respiratory syndrome coronavirus 2 (SARS-CoV-2) has had a huge impact in terms of morbidity and mortality. The economic impact is still to be assessed. <b>Aims:</b> The purpose of this article is to review the evidence for the multiple treatment options available, to consider the future of this global pandemic, and to identify some potential options that could revolutionize the treatment of COVID-19. Moreover, this article underscores the sheer importance of repurposing some of the available antiviral and antimicrobial agents that have long been in use so as to have an effective and expeditious response to this widespread pandemic and the need to conduct a multicenter global randomized controlled trial to find an effective single antiviral agent or a cocktail of available antimicrobial agents. <b>Method:</b> We thoroughly searched and reviewed various case reports, retrospective analyses, and <i>in vitro</i> studies published in PubMed, EMBASE, and Google Scholar regarding the treatment options used for SARS-CoV, MERS-CoV, and SARS-CoV-2 since its outbreak in an attempt to highlight treatments with the most promising results. <b>Conclusion:</b> We are currently facing one of the worst pandemics in history. Although SARS-CoV-2 is associated with a lower mortality rate than are SARS-CoV and MERS-CoV, its higher infectivity is making it a far more serious threat. Unfortunately, no vaccine against SARS-CoV-2 or effective drug regimen for COVID-19 currently exists. Drug repurposing of available antiviral agents may provide a respite; moreover, a cocktail of antiviral agents may be helpful in treating this disease. Here, we have highlighted a few available antimicrobial agents that could be very effective in treating COVID-19; indeed, a number of trials are underway to detect and confirm the efficacy of these agents.",2020-07-31
A Review of Treatment of Coronavirus Disease 2019 (COVID-19): Therapeutic Repurposing and Unmet Clinical Needs.,"For the initial phase of pandemic of coronavirus disease 2019 (COVID-19), repurposing drugs that <i>in vitro</i> inhibit severe acute respiratory syndrome coronavirus-2 (SARS-CoV-2) have been attempted with overlooked or overestimated efficacy owing to limited clinical evidence. Most early clinical trials have the defects of study design, small sample size, non-randomized design, or different timings of treatment initiation. However, well-designed studies on asymptomatic or mild, or pediatric cases of COVID-19 are scarce and desperately needed to meet the clinical need. However, a trend could be observed based on current clinical evidence. Remdesivir and favipiravir may shorten the recovery time; lopinavir/ritonavir does not demonstrate treatment efficacy in severe patients. Triple therapy of ribavirin, lopinavir, and interferon β-1b showed early viral negative conversion, and the major effect may be related to interferon. Some small sample-size studies showed that interleukin-6 inhibitors may demonstrate clinical improvement; non-critical patients may benefit from convalescent plasma infusion in small sample-size studies; and the role of hydroxychloroquine or chloroquine in the treatment and prophylaxis of COVID-19 remains unclear. Combination therapy of traditional Chinese medicine with antiviral agents (ex. interferon, lopinavir, or arbidol) may alleviate inflammation in severe COVID-19 patients based on small sample-sized observational studies and experts' opinion. Most of the published studies included severe or critical patients with COVID-19. Combination therapy of antiviral agents and immune-modulating drugs is reasonable especially for those critical COVID-19 patients with cytokine release syndrome. Drugs to blunt cytokine release might not benefit for patients in the early stage with mild disease or the late stage with critical illness. Traditional Chinese medicine with antiviral effects on SARS-CoV-2 and immune-modulation is widely used for COVID-19 patients in China, and is worthy of further studies. In this review, we aim to highlight the available therapeutic options for COVID-19 based on current clinical evidence and encourage clinical trials specific for children and for patients with mild disease or at the early stage of COVID-19.",2020-11-17
Understanding Viral Infection Mechanisms and Patient Symptoms for the Development of COVID-19 Therapeutics.,"Coronavirus disease 2019 (COVID-19), caused by the SARS-CoV-2 virus, has become a worldwide pandemic. Symptoms range from mild fever to cough, fatigue, severe pneumonia, acute respiratory distress syndrome (ARDS), and organ failure, with a mortality rate of 2.2%. However, there are no licensed drugs or definitive treatment strategies for patients with severe COVID-19. Only antiviral or anti-inflammatory drugs are used as symptomatic treatments based on clinician experience. Basic medical researchers are also trying to develop COVID-19 therapeutics. However, there is limited systematic information about the pathogenesis of COVID-19 symptoms that cause tissue damage or death and the mechanisms by which the virus infects and replicates in cells. Here, we introduce recent knowledge of time course changes in viral titers, delayed virus clearance, and persistent systemic inflammation in patients with severe COVID-19. Based on the concept of drug reposition, we review which antiviral or anti-inflammatory drugs can effectively treat COVID-19 patients based on progressive symptoms and the mechanisms inhibiting virus infection and replication.",2021-02-09
Comparing The Efficacy of Anti-Infectious Drugs For The Treatment of Mild To Severe COVID-19 Patients: A Protocol For A Systematic Review And Network Meta-Analysis of Randomized Clinical Trials.,"<title>Abstract</title>  <p><bold>Background</bold>: COVID-19 is a viral infection spreading at a great speed and has quickly caused an extensive burden to individuals, families, countries, and the world. No intervention has yet been proven highly effective for the treatment of COVID-19. Different drugs were being evaluated and reported through randomized clinical trials, and more are currently under trial. This review aimed to compare the efficacy of anti-infectious drugs with a comparator of the standard of care or placebo in patients with COVID-19.<bold>Methods:</bold> Two independent review authors will extract data and assess a risk of bias using RoB2. Randomized controlled trials (RCT) that evaluate single and/or combined antiviral drugs recommended by WHO latest guideline for the treatment of COVID-19 will be included. We will search for Pub Med, the Cochrane Center for Clinical Trial database (CENTRAL), clinicaltrials.gov, etc. databases for articles published in the English language between December 2019 to April 2021. We will follow the Preferred Reporting Items for Systematic Review and Meta-Analysis Protocols (PRISMA-P) involving Network Meta-analysis<bold> </bold>guidelines to design and report of the results. The primary endpoints will be time to clinical recovery and time to RNA negativity. The certainty of evidence will be evaluated using the GRADE extension of NMA. Data analysis will be performed using the frequentist NMA approach with the netmeta package implemented in R.<bold>Discussion:</bold> This review will reveal the best antiviral drug treatment for covid-19 and show the hierarchy of those drugs.<bold>Systematic review registration: </bold>The protocol was registered on PROSPERO with ID number CRD42021230919</p>",2021-06-15
Current Evidence of the Pharmacological Treatments for Novel Coronavirus Disease 2019 (COVID-19) A Scoping Review,"<h4>Background: </h4> As of May 2 2020, 3,267,184 confirmed cases of COVID-19 and 229,971 COVID-19-caused deaths have been reported worldwide. Currently, there is limited clarity on the pharmacological treatments available for the novel coronavirus. We systematically identified the current evidence and ongoing research on the pharmacological treatments for COVID-19. <h4>Methods:</h4> We conducted a scoping review using PRISMA-ScR. Observational studies, including cohort studies and case series, as well as experimental studies, including randomized controlled trials (RCTs) and non-RCTs were searched electronically on April 7, 2020 and by hand on May 1, 2020. PubMed, EMBASE, and Cochrane library databases were searched along with seven trial registries. The inclusion criteria were patients with confirmed COVID-19 who received pharmacological therapies, including hydroxychloroquine and chloroquine, lopinavir/ritonavir, remdesivir, tocilizumab, and favipiravir. <h4>Results:</h4> We identified 222 studies on pharmacological treatment of the novel coronavirus. We included 11 of these studies in this review, including the ones on hydroxychloroquine and chloroquine (one cohort), lopinavir/ritonavir (one RCT, three cohorts, and two case series), remdesivir (one RCT and one case series), tocilizumab (one case series), and favipiravir (one RCT). In the three RCTs carried out in China, both lopinavir/ritonavir and remdesivir did not show any significant earlier clinical improvement in case of severe infection [Hazard ratio (HR): 1.31, p=0.09 and HR: 1.24, p=0.24, respectively], The clinical recovery rate on day seven was not significantly different between the favipiravir and arbidol groups (p=0.14) for moderate patients, although the duration of pyrexia and cough in the favipiravir group was significantly shorter as compared to the arbidol group (p<0.01). There are 135 ongoing RCTs, including 72 for hydroxychloroquine and chloroquine, 29 for lopinavir/ritonavir, 14 for remdesivir, 16 for tocilizumab, and 4 for favipiravir. <h4>Conclusion:</h4> The clinical effectiveness and safety of these drugs for the treatment of COVID-19 remains unclear owing to the lack of large, high-quality RCTs. However, in the event of emerging infectious diseases, we need to repeatedly and systematically update the best available evidence to avoid misleading information.",2020-05-18
Emerging treatment strategies for COVID-19 infection.,"The new type of coronavirus (COVID-19), SARS-CoV-2 originated from Wuhan, China and has led to a worldwide pandemic. COVID-19 is a novel emerging infectious disease caused by SARS-CoV-2 characterized as atypical pneumonia. As of July 1, 2020, more than 10 million people worldwide had been infected with SARS-CoV-2. The typical manifestations of COVID-19 include fever, sore throat, fatigue, cough, and dyspnoea combined with recent exposure. Most of the patients with COVID-19 have mild or moderate disease, however up to 5-10% present with severe and even life-threatening disease course. The mortality rates are approximately 2%. Therefore, there is an urgent need for effective and specific antiviral treatment. Currently, supportive care measures such as ventilation oxygenation and fluid management remain the standard of care. Several clinical trials are currently trying to identify the most potent drug or combination against the disease, and it is strongly recommended to enroll patients into ongoing trials. Antivirals can be proven as safe and effective only in the context of randomized clinical trials. Currently several agents such as chloroquine, hydroxychloroquine, favipiravir, monoclonal antibodies, antisense RNA, corticosteroids, convalescent plasma and vaccines are being evaluated. The large numbers of therapeutic interventions aim to define the most efficacious regimen. The aim of this article is to describe the treatment strategies that have been used for COVID-19 patients and review all the available literature.",2020-10-30
COVID-19 outbreak: Challenges in pharmacotherapy based on pharmacokinetic and pharmacodynamic aspects of drug therapy in patients with moderate to severe infection.,"The new coronavirus (COVID-19) was first detected in Wuhan city of China in December 2019. Most patients infected with COVID-19 had clinical presentations of dry cough, fever, dyspnea, chest pain, fatigue and malaise, pneumonia, and bilateral infiltration in chest CT. Soon COVID-19 was spread around the world and became a pandemic. Now many patients around the world are suffering from this disease. Patients with predisposing diseases are highly prone to COVID-19 and manifesting severe infection especially with organ function damage such as acute respiratory distress syndrome, acute kidney injury, septic shock, ventilator-associated pneumonia, and death. Till now many drugs have been considered in the treatment of COVID-19 pneumonia, but pharmacotherapy in elderly patients and patients with pre-existing comorbidities is highly challenging. In this review, different potential drugs which have been considered in COVID-19 treatment have been discussed in detail. Also, challenges in the pharmacotherapy of COVID-19 pneumonia in patients with the underlying disease have been considered based on pharmacokinetic and pharmacodynamic aspects of these drugs.",2020-09-18
An Update on Current Therapeutic Drugs Treating COVID-19.,"The current pandemic of coronavirus disease 2019 (COVID-19) caused by severe acute respiratory syndrome coronavirus 2 (SARS-CoV-2) has presented unprecedented challenges to the healthcare systems in almost every country around the world. Currently, there are no proven effective vaccines or therapeutic agents against the virus. Current clinical management includes infection prevention and control measures and supportive care including supplemental oxygen and mechanical ventilatory support. Evolving research and clinical data regarding the virologic SARS-CoV-2 suggest a potential list of repurposed drugs with appropriate pharmacological effects and therapeutic efficacies in treating COVID-19 patients. In this review, we will update and summarize the most common and plausible drugs for the treatment of COVID-19 patients. These drugs and therapeutic agents include antiviral agents (remdesivir, hydroxychloroquine, chloroquine, lopinavir, umifenovir, favipiravir, and oseltamivir), and supporting agents (Ascorbic acid, Azithromycin, Corticosteroids, Nitric oxide, IL-6 antagonists), among others. We hope that this review will provide useful and most updated therapeutic drugs to prevent, control, and treat COVID-19 patients until the approval of vaccines and specific drugs targeting SARS-CoV-2.",2020-05-11
Insight in the Current Progress in the Largest Clinical Trials for Covid-19 Drug Management (As of January 2021).,"The outbreak of the COVID-19 pandemic has generated the largest global health crisis of the 21st century, evolving into accelerating socioeconomic disruption. In spite of all rapidly and widely emerging scientific data on epidemiology, diagnosis, prevention and treatment of the COVID-19 disease, severe acute respiratory coronavirus 2 (SARS-CoV-2) is continuing to propagate in lack of definitive and specific therapeutic agents. Current therapeutic strategies are mainly focused on viral inhibition by antiviral drugs and hampering the exuberant immune response of the host by immunomodulatory drugs. In this review, we have studied the reports of the largest clinical trials intended to COVID-19 treatment published during the first year of the pandemics. In general, these results concentrate on seven therapeutic options: remdesivir, chloroguine/hydroxychloroquine, lopinavir-ritonavir combination, corticosteroids, tocilizumab, convalescent plasma and monoclonal antibodies. In line with the reviewed data, as of January 2021, most of the evidence support the use of remdesivir in hospitalized patients with moderate and severe forms of the disease and provide reliable data on the substantial beneficial effect of corticosteroids in patients requiring supplemental oxygen. Moreover, preliminary RECOVERY trial results have demonstrated the efficacy of tociluzumab in the treatment of critically ill patients. The reports presenting the outcomes of the other immune-based therapies under investigation are enthusiastically awaited.",2021-04-23
Risk management strategies and therapeutic modalities to tackle COVID-19/SARS-CoV-2.,"The recent emergence of novel coronavirus disease (COVID-19) triggered by Severe Acute Respiratory Syndrome Coronavirus-2 (SARS-CoV-2) has resulted in substantial mortality worldwide. Presently, there is no approved treatment for COVID-19. Consequently, the clinical, scientific, and regulatory authorities have joint efforts to reduce the severe impact of COVID-19. To date, there is minimal arsenal with no definite curative drugs, licensed-vaccines, or therapeutic conducts to combat the COVID-19 infections. Keeping in view the threats of this pandemic, various global organizations, physicians, researchers, and scientists, are trying to recognize the epidemiological characteristics and pathogenic mechanisms of COVID-19 to discover potential treatment regimens, vaccines, and therapeutic modes for future anticipation. Herein, we summarize a contemporary overview of curative invasions and vaccines for COVID-19 based on the earlier information and considerate of similar earlier RNA coronaviruses. The information reviewed here establishes a paramount intellectual basis to promote ongoing research to develop vaccines and curative agents. Thus, this review suggests the furthermost accessible frontiers in the vaccine development to tackle or combat the COVID-19/SARS-CoV-2.",2020-12-29
Clinical course of COVID-19 disease in immunosuppressed renal transplant patients,"<h4>Background/aim</h4>We aimed to identify clinical settings of renal transplant patients with COVID-19.<h4>Materials and methods</h4>In this retrospective study, we included kidney transplant inpatients with laboratory confirmed COVID-19 who had been discharged or had died by October 1st, 2020. Characteristics of the patients, including basal and last outpatient biochemical parameters were recorded. Discontinuation or dosage reduction of immunosuppressives and other treatment information was documented.<h4>Results</h4>Twenty patients were included in this study, of whom 18 were discharged and 2 died in hospital. The mean duration of hospitalization and follow-up were 9.7 ± 6.4 days and 4.5 ± 2.0 months, respectively. Fourteen patients (70%) were male and mean age was 48.0 ± 10.3 years. At admission, all had immunosuppression withdrawn and were started on methylprednisolone 16 mg/ day (50%) or dexamethasone (50%). Tacrolimus/m-TOR inhibitors were reduced by 50% and all antimetabolites were discontinued. Hemodialysis was needed for 10% of patients. Acute kidney injury was detected in 25% of the patients. With respect to hospitalization time and complications, there was no significant difference between patients who used dexamethasone and those who did not (P > 0.05). The discontinued immunosuppressives were resumed within 2 to 4 weeks after discharge according to the severity of disease. No rehospitalization or acute rejection was detected during the follow-up of the patients.<h4>Conclusion</h4>Renal transplant patients are considered a high risk group for COVID-19. It can be said that discontinuation or reducing dosages of immunosuppressives may be effective and safe in kidney transplant patients.",2021-04-30
Favipiravir use in children with COVID-19 and acute kidney injury: is it safe?,"<h4>Background</h4>The rising number of infections due to Severe Acute Respiratory Syndrome Coronavirus-2 (popularly known as COVID-19) has brought to the fore new antiviral drugs as possible treatments, including favipiravir. However, there is currently no data regarding the safety of this drug in patients with kidney impairment. The aim of this paper, therefore, is to share our experience of the use of favipiravir in pediatric patients affected by COVID-19 with any degree of kidney impairment.<h4>Methods</h4>The study enrolled pediatric patients aged under 18 years and confirmed as suffering from COVID-19 and multisystem inflammatory syndrome in children (MIS-C) with any degree of kidney injury, who were treated with favipiravir at the time of admission.<h4>Results</h4>Out of a total of 11 patients, 7 were diagnosed with MIS-C and 4 with severe COVID-19. The median age of the cases was 15.45 (9-17.8) years and the male/female ratio was 7/4. At the time of admission, the median serum creatinine level was 1.1 mg/dl. Nine patients were treated with favipiravir for 5 days, and 2 patients for 5 days followed by remdesivir for 5-10 days despite kidney injury at the time of admission. Seven patients underwent plasma exchange for MIS-C while 2 severely affected cases underwent continuous kidney replacement therapy (CKRT) as well. One severe COVID-19 patient received plasma exchange as well as CKRT. Serum creatinine values returned to normal in mean 3.07 days.<h4>Conclusions</h4>Favipiravir seems a suitable therapeutic option in patients affected by COVID-19 with kidney injury without a need for dose adjustment.",2021-05-22
"COVID-19 preparedness: capacity to manufacture vaccines, therapeutics and diagnostics in sub-Saharan Africa.","<h4>Objective</h4>The COVID-19 pandemic is a biosecurity threat, and many resource-rich countries are stockpiling and/or making plans to secure supplies of vaccine, therapeutics, and diagnostics for their citizens. We review the products that are being investigated for the prevention, diagnosis, and treatment of COVID-19; discuss the challenges that countries in sub-Saharan Africa may face with access to COVID-19 vaccine, therapeutics, and diagnostics due to the limited capacity to manufacture them in Africa; and make recommendations on actions to mitigate these challenges and ensure health security in sub-Saharan Africa during this unprecedented pandemic and future public-health crises.<h4>Main body</h4>Sub-Saharan Africa will not be self-reliant for COVID-19 vaccines when they are developed. It can, however, take advantage of existing initiatives aimed at supporting COVID-19 vaccine access to resource-limited settings such as partnership with AstraZeneca, the Coalition for Epidemic Preparedness and Innovation, the Global Alliance for Vaccine and Immunisation, the Serum Institute of India, and the World Health Organization's COVID-19 Technology Access Pool. Accessing effective COVID-19 therapeutics will also be a major challenge for countries in sub-Saharan Africa, as production of therapeutics is frequently geared towards profitable Western markets and is ill-adapted to sub-Saharan Africa realities. The region can benefit from pooled procurement of COVID-19 therapy by the Africa Centres for Disease Control and Prevention in partnership with the African Union. If the use of convalescent plasma for the treatment of patients who are severely ill is found to be effective, access to the product will be minimally challenging since the region has a pool of recovered patients and human resources that can man supportive laboratories. The region also needs to drive the local development of rapid-test kits and other diagnostics for COVID-19.<h4>Conclusion</h4>Access to vaccines, therapeutics, and diagnostics for COVID-19 will be a challenge for sub-Saharan Africans. This challenge should be confronted by collaborating with vaccine developers; pooled procurement of COVID-19 therapeutics; and local development of testing and diagnostic materials. The COVID-19 pandemic should be a wake-up call for sub-Saharan Africa to build vaccines, therapeutics, and diagnostics manufacturing capacity as one of the resources needed to address public-health crises.",2021-03-03
Genetic determinants of COVID-19 drug efficacy revealed by genome-wide CRISPR screens,"Immunomodulatory agents dexamethasone and colchicine, antiviral drugs remdesivir, favipiravir and ribavirin, as well as antimalarial drugs chloroquine phosphate and hydroxychloroquine are currently used in the combat against COVID-19  1–16 . However, whether some of these drugs have clinical efficacy for COVID-19 is under debate. Moreover, these drugs are applied in COVID-19 patients with little knowledge of genetic biomarkers, which will hurt patient outcome. To answer these questions, we designed a screen approach that could employ genome-wide sgRNA libraries to systematically uncover genes crucial for these drugs’ action. Here we present our findings, including genes crucial for the import, export, metabolic activation and inactivation of remdesivir, as well as genes that regulate colchicine and dexamethasone’s immunosuppressive effects. Our findings provide preliminary information for developing urgently needed genetic biomarkers for these drugs. Such biomarkers will help better interpret COVID-19 clinical trial data and point to how to stratify COVID-19 patients for proper treatment with these drugs.",2020-10-27
Clinical characteristics and outcomes of hospitalized COVID-19 patients in a MERS-CoV referral hospital during the peak of the pandemic.,"<h4>Objective</h4>To describe the clinical characteristics and outcomes of hospitalized coronavirus disease 2019 (COVID-19) patients in a middle east respiratory syndrome coronavirus (MERS-CoV) referral hospital during the peak months of the pandemic.<h4>Design</h4>A single-center case series of hospitalized individuals with confirmed severe acute respiratory syndrome coronavirus 2 (SARS-CoV-2) infections in King Saud University Medical City (KSUMC), an academic tertiary care hospital in Riyadh, Saudi Arabia. Clinical and biochemical markers were documented. Risks for ventilatory support, intensive care unit (ICU) admission and death are presented.<h4>Results</h4>Out of 12,688 individuals tested for SARS-CoV-2 by real time reverse transcriptase polymerase reaction (RT-PCR) from June 1 to August 31, 2020, 2,683 (21%) were positive for COVID-19. Of the latter, 605 (22%) patients required hospitalization with a median age of 55, 368 (61%) were male. The most common comorbidities were hypertension (43%) and diabetes (42%). Most patients presented with fever (66%), dyspnea (65%), cough (61%), elevated IL-6 (93.5%), D-dimer (90.1%), CRP (86.1%), and lymphopenia (41.7%). No MERS-CoV co-infection was detected. Overall, 91 patients (15%) died; risk factors associated with mortality were an age of 65 years or older OR 2.29 [95%CI 1.43-3.67], presence of two or more comorbidities OR 3.17 [95%CI 2.00-5.02], symptoms duration of seven days or less OR 3.189 [95%CI (1.64 - 6.19]) lymphopenia OR 3.388 [95%CI 2.10-5.44], high CRP OR 2.85 [95%CI 1.1-7.32], high AST OR 2.95 [95%CI 1.77-4.90], high creatinine OR 3.71 [95%CI 2.30-5.99], and high troponin-I OR 2.84 [95%CI 1.33-6.05].<h4>Conclusion</h4>There is a significant increase in severe cases of COVID-19. Mortality was associated with older age, shorter symptom duration, high CRP, low lymphocyte count, and end-organ damage.",2021-03-23
Clinical Characteristics and Outcomes of Liver Transplantation Recipients With COVID-19 Pneumonia.,"<h4>Background</h4>We aimed to evaluate the clinical characteristics and outcomes of mild-severe COVID-19 pneumonia cases in liver transplant (LT) recipients.<h4>Methods</h4>Ten LT recipients diagnosed as having COVID-19 pneumonia in a 6-month period in our transplantation center were included. Demographic and medical data of the recipients were retrospectively collected; clinical courses, treatment responses, and outcomes were evaluated.<h4>Results</h4>Ten LT recipients were male, had a median age of 57 years (min-max, 36-69 years; interquartile range [IQR], 13 years), and had right lobe from living donor LT performed in a median of 11 months (min-max, 1-72 months; IQR, 12 months). Five patients had severe pneumonia, and the remaining patients had mild/moderate pneumonia. The most frequent symptoms were fever (90%) and cough (70%). Favipiravir, enoxaparin sodium, and corticosteroid were initiated at the time of the diagnosis; immunosuppressive drug doses were reduced or discontinued in 3 cases. Lymphopenia median: 510/mL (min-max, 90-1400 mL; IQR, 610 mL), increased levels of C-reactive protein median: 4.72 (min-max, 0.31-23.4; IQR, 8.5), and ferritin median: 641 (min-max, 40 to ≥ 1650; IQR, 1108) were frequent. Four patients required antibacterial treatments because of emerging bacterial pneumonia and/or sepsis. All patients were hospitalized for a median of 10 days. One patient with sepsis died on the 26th day after intensive care unit admission, and the remaining 9 survived. No further complication was recorded for 1-month follow-up.<h4>Conclusions</h4>Commencing favipiravir, enoxaparin sodium, and corticosteroid treatments; close follow-up of the developing complications; the temporary reduction or cessation of immunosuppression; a multidisciplinary approach; early awareness of the bacterial infections; and the initiation appropriate antibiotic treatments can contribute to success.",2021-06-19
Multi-Targeting Approach in Selection of Potential Molecule for COVID-19 Treatment,"<title>Abstract</title>  <p><bold><italic>Background:</italic></bold> Coronavirus disease (COVID-19) caused by the severe acute respiratory syndrome coronavirus-2 (SARS-CoV-2) is now a pandemic which began in Wuhan province of China. Drug discovery teams around the globe are in a race to develop a medicine for its management. For a novel molecule to enter into the market it takes time and the ideal way is to exploit the already approved drugs and repurpose them to use therapeutically.<bold><italic>Methods:</italic></bold> In this work, we have attempted to screen selected molecules that have shown an affinity towards multiple protein targets of COVID-19 using Schrödinger suit. Molecules were selected from approved antiviral, anti-inflammatory or immunomodulatory classes. The viral proteins selected were angiotensin-converting enzyme 2 (ACE2), main protease (M<sup>pro</sup>) and spike protein. Computational tools such as molecular docking, prime MM-GBSA, induced-fit docking (IFD) and molecular dynamics (MD) simulations were used to identify the most suitable molecule that forms a stable interaction with the selected viral proteins.<bold><italic>Results:</italic> </bold>The ligand-binding stability for the viral proteins PDB-IDs 1ZV8 (spike protein), 5R82 (M<sup>pro</sup>) and 6M1D (ACE2), was in the order of Nintedanib>Quercetin, Nintedanib>Darunavir, Nintedanib> Baricitinib respectively. The MM-GBSA, IFD, and MD simulation studies infer that the drug nintedanib has the highest binding stability among the shortlisted molecules towards the selected viral target proteins. <bold><italic>Conclusion:</italic> </bold>Nintedanib, which is primarily used for idiopathic pulmonary fibrosis, can be considered for repurposing and used in the management of COVID-19.</p>",2020-11-03
Comparative efficacy and safety of current drugs against COVID-19: A systematic review and network meta-analysis,"The rapid spread of coronavirus disease (COVID-19) has greatly disrupted the livelihood of many people around the world. To date, more than 35.16 million COVID-19 cases with 1.037million total deaths have been reported worldwide. Compared with China, where the disease was first reported, cases of COVID-19, the number of confirmed cases for the disease in the rest of the world have been incredibly high. Even though several dugs have been suggested to be used against the disease, the said interventions should be backed by empirical clinical evidence. Therefore, this paper provides a systematic review and a meta-analysis of efficacy and safety of different COVID-19 drugs. <h4>Research in context</h4> <h4>Evidence before this study</h4> Currently, Covid-19 is one of the most urgent and significant health challenge, globally. However, so far there is no specific and effective treatment strategy against the disease. Nonetheless, there are numerous debates over the effectiveness and potential adverse effects of different COVID-19 antivirals. In general, there is invaluable need to continually report on new advances and successes against COVID-19, apparently to aid in managing the pandemic. <h4>Added value of this study</h4> This study provides a comprehensive, evidence-based guide on the management of multiple COVID-19 symptoms. In particular, we provide a review of 14 drugs, placebos and standard treatments against COVID 19. Meanwhile, we also performed a meta-analysis based on four clinical outcome indicators, to measure and compare the efficacy and safety of current interventions. <h4>Implications of all the available evidence</h4> <h4>Findings: </h4> of this research will guide clinical decision in COVID-19 patients. It will also provide a basis for predicting clinical outcomes such as efficacy, mortality and safety of interventions against the disease.",2020-11-18
Treatment Considerations for COVID-19: A Critical Review of the Evidence (or Lack Thereof).,"The novel severe acute respiratory syndrome coronavirus 2 is causing a worldwide pandemic that may lead to a highly morbid and potentially fatal coronavirus disease 2019 (COVID-19). There is currently no drug that has been proven as an effective therapy for COVID-19. Several candidate drugs are being considered and evaluated for treatment. This includes clinically available drugs, such as chloroquine, hydroxychloroquine, and lopinavir/ritonavir, which are being repurposed for the treatment of COVID-19. Novel experimental therapies, such as remdesivir and favipiravir, are also actively being investigated for antiviral efficacy. Clinically available and investigational immunomodulators, such as the interleukin 6 inhibitors tocilizumab and sarilumab and the anti-granulocyte-macrophage colony-stimulating factor lenzilumab, are being tested for their anticipated effect in counteracting the pro-inflammatory cytokine environment that characterizes severe and critical COVID-19. This review article examines the evidence behind the potential use of these leading drug candidates for the treatment of COVID-19. The authors conclude, based on this review, that there is still no high-quality evidence to support any of these proposed drug therapies. The authors, therefore, encourage the enrollment of eligible patients to multiple ongoing clinical trials that assess the efficacy and safety of these candidate therapies. Until the results of controlled trials are available, none of the suggested therapeutics is clinically proven as an effective therapy for COVID-19.",2020-04-30
Antiviral Dosing Modification for Coronavirus Disease 2019-Infected Patients Receiving Extracorporeal Therapy.,"Previous literature regarding coronavirus disease 2019 outlined a presence of organ dysfunction including acute respiratory distress syndrome and acute kidney injury that are linked to mortality. Several patients require extracorporeal therapy. This review aims to gather available published resources including physicochemical and pharmacokinetic properties and suggests antiviral drug dosing adaptation for coronavirus disease 2019-infected critically ill patients receiving extracorporeal therapy. A literature search was performed using PubMed, clinical trial registries, and bibliographic review of textbooks and review articles. Unfortunately, no standard of pharmacologic management and recommendations of drug dosing for coronavirus disease 2019 infection for critically ill patients receiving extracorporeal therapy exist due to the limited data on pharmacokinetic and clinical studies. All available extracted data were analyzed to suggest the appropriate drug dosing adjustment. Antiviral drug dosing adjustments for critically ill patients receiving extracorporeal membrane oxygenation and continuous renal replacement therapy are presented in this review. Considering pathophysiologic changes, drug properties, and extracorporeal modalities, applying our suggestions is recommended.",2020-10-01
Current pharmacological modalities for management of novel coronavirus disease 2019 (COVID-19) and the rationale for their utilization: A review.,"SARS-CoV-2 has caused a pandemic which is putting strain on the health-care system and global economy. There is much pressure to develop both preventative and curative therapies for SARS-CoV-2 as there is no evidence to support therapies to improve outcomes in patients with SARS-CoV-2. Medications that inhibit certain steps of virus life cycle that are currently used to treat other illnesses such as Malaria, Ebola, HIV and Hepatitis C are being studied for use against SARS-CoV-2. To date, data is limited for medications that facilitate clinical improvement of COVID-19 infections.",2020-07-09
"COVID-19: Current understanding of its Pathophysiology, Clinical presentation and Treatment.","<h4>Background</h4>The severe acute respiratory syndrome (SARS) coronavirus-2 is a novel coronavirus belonging to the family Coronaviridae and is now known to be responsible for the outbreak of a series of recent acute atypical respiratory infections originating in Wuhan, China. The disease caused by this virus, termed coronavirus disease 19 or simply COVID-19, has rapidly spread throughout the world at an alarming pace and has been declared a pandemic by the WHO on March 11, 2020. In this review, an update on the pathophysiology, clinical presentation and the most recent management strategies for COVID-19 has been described.<h4>Materials and methods</h4>A search was conducted for literature and various articles/case reports from 1997 to 2020 in PUBMED/MEDLINE for the keywords coronavirus, SARS, Middle East respiratory syndrome and mRNA virus.<h4>Results and conclusions</h4>COVID-19 has now spread globally with increasing morbidity and mortality among all populations. In the absence of a proper and effective antibody test, the diagnosis is presently based on a reverse-transcription PCR of nasopharyngeal and oropharyngeal swab samples. The clinical spectrum of the disease presents in the form of a mild, moderate or severe illness. Most patients are either asymptomatic carriers who despite being without symptoms have the potential to be infectious to others coming in close contact, or have a mild influenza-like illness which cannot be differentiated from a simple upper respiratory tract infection. Moderate and severe cases require hospitalisation as well as intensive therapy which includes non-invasive as well as invasive ventilation, along with antipyretics, antivirals, antibiotics and steroids. Complicated cases may require treatment by immunomodulatory drugs and plasma exchange therapy. The search for an effective vaccine for COVID-19 is presently in full swing, with pharmaceutical corporations having started human trials in many countries.",2020-09-25
Use of medicines for covid-19 treatment in patients with loss of kidney function: a narrative review.,"Covid-19 has been identified as the cause of acute respiratory disease with interstitial and alveolar pneumonia, but it can affect several organs, such as kidneys, heart, blood, nervous system and digestive tract. The disease-causing agent (Sars-CoV-2) has a binding structure to the angiotensin-converting enzyme 2 (ACE2) receptor, enabling entry into cells that express ACE2, such as the pulmonary alveolar epithelial cells. However, studies also indicate the possibility of damage to renal cells, since these cells express high levels of ACE2. Currently, there is no evidence to indicate a specific treatment for covid-19. Several drugs have been used, and some of them may have their excretion process altered in patients with abnormal kidney function. To date, there are no studies that assist health professionals in adjusting the dose of these drugs. Thus, this study aims to review and discuss the topic, taking into account factors associated with kidney injury in covid-19, as well as pharmacokinetic aspects and dose recommendations of the main drugs used for covid-19.",2021-04-01
"Simultaneous quantification of seven repurposed COVID-19 drugs remdesivir (plus metabolite GS-441524), chloroquine, hydroxychloroquine, lopinavir, ritonavir, favipiravir and azithromycin by a two-dimensional isotope dilution LC-MS/MS method in human serum.","<h4>Background</h4>The present COVID-19 pandemic has prompted worldwide repurposing of drugs. The aim of the present work was to develop and validate a two-dimensional isotope-dilution liquid chromatrography tandem mass spectrometry (ID-LC-MS/MS) method for accurate quantification of remdesivir and its active metabolite GS-441524, chloroquine, hydroxychloroquine, lopinavir, ritonavir, favipiravir and azithromycin in serum; drugs that have gained attention for repurposing in the treatment of COVID-19.<h4>Methods</h4>Following protein precipitation, samples were separated with a two-dimensional ultra-high performance liquid chromatography (2D-UHPLC) setup, consisting of an online solid phase extraction (SPE) coupled to an analytical column. For quantification, stable isotope-labelled analogues were used as internal standards for all analytes. The method was validated on the basis of the European Medicines Agency bioanalytical method validation protocol.<h4>Results</h4>Detuning of lopinavir and ritonavir allowed simultaneous quantification of all analytes with different concentration ranges and sensitivity with a uniform injection volume of 5 μL. The method provided robust validation results with inaccuracy and imprecision values of ≤ 9.59 % and ≤ 11.1 % for all quality controls.<h4>Conclusion</h4>The presented method is suitable for accurate and simultaneous quantification of remdesivir, its metabolite GS-441525, chloroquine, hydroxychloroquine, lopinavir, ritonavir, favipiravir and azithromycin in human serum. The quantitative assay may be an efficient tool for the therapeutic drug monitoring of these potential drug candidates in COVID-19 patients in order to increase treatment efficacy and safety.",2021-01-28
Effectiveness of Current Treatments for Covid-19,"Severe Acute Respiratory Syndrome Coronavirus 2(SARS-CoV-2) is the virus that caused COVID-19 around the world. The disease starts off as a flu-like symptom and then eventually spreads in the human body.Infections are easily transmitted from human to human which makes it more severe among individuals. SARS-CoV-2 virus is in the same family of viruses SARS and MERS.As of today, there is no approved vaccine that can cure COVID-19. However, potential treatments showing promising improvement results among affected COVID-19 patients. In this review, the effectiveness of the current treatments for COVID-19 has been explored.",2020-11-13
Old and re-purposed drugs for the treatment of COVID-19.,"<b>Introduction</b>: The coronavirus disease 2019 (COVID-19) caused by the novel severe acute respiratory syndrome coronavirus 2 (SARS-CoV-2) has developed since December 2019. It has caused a global pandemic with more than three hundred thousand case fatalities. However, apart from supportive care by respirators, no standard medical therapy is validated. <b>Areas covered</b>: This paper presents old drugs with potential <i>in vitro</i> efficacy against SARS-CoV-2. The <i>in vitro</i> database, adverse effects, and potential toxicities of these drugs are reviewed regarding their feasibility of clinical prescription for the treatment of patients with COVID-19. To obtain convincing recommendations, we referred to opinions from the US National Institute of Health regarding drugs repurposed for COVID-19 therapy. <b>Expert opinion</b>: Although strong evidence of well-designed randomized controlled studies regarding COVID-19 therapy is presently lacking, remdesivir, teicoplanin, hydroxychloroquine (not in combination with azithromycin), and ivermectin might be effective antiviral drugs and are deemed promising candidates for controlling SARS-CoV-2. In addition, tocilizumab might be considered as the supplementary treatment for COVID-19 patients with cytokine release syndrome. In future, clinical trials regarding a combination of potentially effective drugs against SARS-CoV-2 need to be conducted to establish the optimal regimen for the treatment of patients with moderate-to-severe COVID-19.",2020-06-01
Potential Effects of COVID-19 on Cytochrome P450-Mediated Drug Metabolism and Disposition in Infected Patients.,"Coronavirus Disease 2019 (COVID-19) has been a global health crisis since it was first identified in December 2019. In addition to fever, cough, headache, and shortness of breath, an intense increase in immune response-based inflammation has been the hallmark of Severe Acute Respiratory Syndrome Coronavirus (SARS-CoV-2) virus infection. This narrative review summarizes and critiques pathophysiology of COVID-19 and its plausible effects on drug metabolism and disposition. The release of inflammatory cytokines (e.g., interleukins, tumor necrosis factor α), also known as 'cytokine storm', leads to altered molecular pathophysiology and eventually organ damage in the lung, heart, and liver. The laboratory values for various liver function tests (e.g., alanine aminotransferase, aspartate aminotransferase, total bilirubin, albumin) have indicated potential hepatocellular injury in COVID-19 patients. Since the liver is the powerhouse of protein synthesis and the primary site of cytochrome P450 (CYP)-mediated drug metabolism, even a minor change in the liver function status has the potential to affect the hepatic clearance of xenobiotics. It has now been well established that extreme increases in cytokine levels are common in COVID-19 patients, and previous studies with patients infected with non-SARS-CoV-2 virus have shown that CYP enzymes can be suppressed by an infection-related cytokine increase and inflammation. Alongside the investigational COVID-19 drugs, the patients may also be on therapeutics for comorbidities; especially epidemiological studies have indicated that individuals with hypertension, hyperglycemia, and obesity are more vulnerable to COVID-19 than the average population. This complicates the drug-disease interaction profile of the patients as both the investigational drugs (e.g., remdesivir, dexamethasone) and the agents for comorbidities can be affected by compromised CYP-mediated hepatic metabolism. Overall, it is imperative that healthcare professionals pay attention to the COVID-19 and CYP-driven drug metabolism interactions with the goal to adjust the dose or discontinue the affected drugs as appropriate.",2021-03-01
"Combination of (Interferon beta-1b, Lopinavir-Ritonavir and Ribavirin) versus Favipiravir in Hospitalized Patients with Non-Critical COVID-19: A Cohort Study","Objectives: Our study aims at comparing the efficacy and safety of INF-based therapy (lopinavir/ritonavir, ribavirin, and interferon β-1b) vs. favipiravir (FVP) in a cohort of hospitalized patients with non-critical COVID-19.<br><br>Methods: Single center observational study comparing INF-based therapy (interferon β-1b, ribavirin, and lopinavir/ritonavir) vs. FVP in non-critical hospitalized COVID-19 patients. Allocation to either treatment group was non-random but based on changes to national treatment protocols rather than physicians’ selection (quasi-experimental). We examined the association between INF-based therapy and 28-day mortality using Cox regression model with treatment as a time-dependent covariate.<br><br>Results: The study cohort included 222 patients, of whom 68 (28%) received IFN-based therapy. Antiviral therapy was started at a median of 5 days (3-6 days) from symptoms onset in the IFN group vs. 6 days (4-7 days) for the FVP group, P <0.0001. IFN-based therapy was associated with a lower 28-day mortality as compared to FVP (6 (9%) vs. 18 (12%)), adjusted hazard ratio [aHR] (95% Cl) = 0.22 (0.056-0.87)). No difference in hospitalization duration between the 2 groups, 9 (7-14) days vs. 9 (7-13) days, P=0.732 was found. IFN treated group required less use of systemic corticosteroids (57%) as compared to FVP (77%), P=0.023 after adjusting for disease severity and other confounders. Patients in the IFN treated group were more likely to have nausea and diarrhea as compared to FVP group (13%) vs. (3%), P=0.013 and (18%) vs. (3%), P<0.0001, respectively.<br><br>Conclusion: Early INF-based triple therapy was associated with lower 28-days mortality and less need for systemic corticosteroids as compared to FVP in non-critical hospitalized COVID-19 patients.<br><br>Funding Statement: None.<br><br>Declaration of Interests: None.<br><br>Ethics Approval Statement: KFMC Institutional Review Board (IRB) approved the study and waived the need for informed consent.",2021-03-17
Effect of COVID-19 medications on corrected QT interval and induction of torsade de pointes: Results of a multicenter national survey.,"<h4>Background</h4>There are some data showing that repurposed drugs used for the Coronavirus disease-19 (COVID-19) have potential to increase the risk of QTc prolongation and torsade de pointes (TdP), and these arrhythmic side effects have not been adequately addressed in COVID-19 patients treated with these repurposed medications.<h4>Methods</h4>This is the prospective study of 2403 patients hospitalised at 13 hospitals within the COVID-19 epicentres of the Iran. These patients were treated with chloroquine, hydroxychloroquine, lopinavir/ritonavir, atazanavir/ritonavir, oseltamivir, favipiravir and remdesivir alone or in combination with azithromycin. The primary outcome of the study was incidence of critical QTc prolongation, and secondary outcomes were incidences of TdP and death.<h4>Results</h4>Of the 2403 patients, 2365 met inclusion criteria. The primary outcome of QTc ≥ 500 ms and ∆QTc ≥ 60 ms was observed in 11.2% and 17.6% of the patients, respectively. The secondary outcomes of TdP and death were reported in 0.38% and 9.8% of the patients, respectively. The risk of critical QT prolongation increased in the presence of female gender, history of heart failure, treatment with hydroxychloroquine, azithromycin combination therapy, simultaneous furosemide or beta-blocker therapy and acute renal or hepatic dysfunction. However, the risk of TdP was predicted by treatment with lopinavir-ritonavir, simultaneous amiodarone or furosemide administration and hypokalaemia during treatment.<h4>Conclusion</h4>This cohort showed significant QTc prolongation with all COVID-19 medications studied, however, life-threatening arrhythmia of TdP occurred rarely. Among the repurposed drugs studied, hydroxychloroquine or lopinavir-ritonavir alone or in combination with azithromycin clearly demonstrated to increase the risk of critical QT prolongation and/or TdP.",2021-03-30
Immediate Amelioration of Severe Respiratory Distress in Sjögren's Syndrome with COVID-19 Treated with a Single Dose of Off-label Tocilizumab.,"The coronavirus disease 2019 (COVID-19) pandemic has become an urgent global health issue. An older age and underlying conditions, such as diabetes, have been reported as risk factors, but whether or not autoimmune diseases increase the risk remains unknown. An 85-year-old man with Sjögren's syndrome developed a severe COVID-19 infection that required oxygen supplementation. After discussing the goals of care with him and his wife, off-label tocilizumab was given concomitantly, resulting in a rapid improvement in his symptoms and respiratory failure. This patient represents a supplementary case confirming the efficacy and safety of tocilizumab for COVID-19 in elderly patients with autoimmune diseases.",2020-12-29
COVID-19: A review of the proposed pharmacological treatments.,"The emerging pandemic of coronavirus disease 2019 (COVID-19) caused by the severe acute respiratory syndrome coronavirus 2 (SARS-CoV-2) presents an unprecedented challenge for healthcare systems globally. The clinical course of COVID-19 and its ability to rapidly create widespread infection has major implications, warranting vigorous infection prevention and control measures. As the confirmed number of cases has surpassed 5.6 million worldwide and continues to grow, the potential severity of the disease and its deadly complications requires urgent development of novel therapeutic agents to both prevent and treat COVID-19. Although vaccines and specific drug therapies have yet to be discovered, ongoing research and clinical trials are being conducted to investigate the efficacy of repurposed drugs for treating COVID-19. In the present review, the drug candidates that have been suggested to treat COVID-19 will be discussed. These include anti-viral agents (remdesivir, ribavirin, lopinavir-ritonavir, favipiravir, chloroquine, hydroxychloroquine, oseltamivir, umifenovir), immunomodulatory agents (tocilizumab, interferons, plasma transfusions), and adjunctive agents (azithromycin, corticosteroids), among other miscellaneous agents. The mechanisms of action and further pharmacological properties will be explored, with a particular focus on the evidence-based safety and efficacy of each agent.",2020-08-06
Therapeutic strategies for severe COVID-19: a position paper from the Italian Society of Infectious and Tropical Diseases (SIMIT).,"<h4>Scope</h4>Severe acute respiratory syndrome coronavirus 2 (SARS-CoV-2) infection has become pandemic, reaching almost one million death worldwide. At present standard treatment for coronavirus disease 2019 (COVID-19) is not well defined because the evidence, either from randomized or observational studies, with conflicting results, has led to rapid changes in treatment guidelines. Our aim was to narratively summarize the available literature on the management of COVID-19 in order to combine current evidence and interpretation of the data by experts who are treating patients in the frontline setting.<h4>Methods</h4>The panel conducted a detailed review of the literature and eventual press releases from randomized clinical trials for each possible available treatment. Inductive PubMed search waws performed for publications relevant to the topic, including all clinical trials conducted. The result was a flowchart with treatment indications for patients with COVID-19.<h4>Implications</h4>After 6 months of a pandemic situation and before a possible second coronavirus wave descends on Europe, it is important to evaluate which drugs proved to be effective while also considering that results from many randomized clinical trials are still awaited. Indeed, among treatments for COVID-19, only glucocorticoids have resulted in an association with a significant decrease in mortality in published randomized controlled trials. New therapeutic strategies are urgently needed.",2021-01-18
Mortality in mechanically ventilated patients with COVID-19: a systematic review.,"<b>Introduction</b>: The use of mechanical ventilation associated with acute hypoxemic respiratory failure, the most common complication in critically ill COVID-19 patients, defines a high risk population that requires specific consideration of outcomes and treatment practices.<b>Areas covered</b>: This review evaluates existing information about mortality rates and effectiveness of antiviral, immune-modulating, and anticoagulation treatments in COVID-19 patients who received mechanical ventilation. The mortality rate and follow-up periods in patients receiving mechanical ventilation ranged widely. Antivirals, including remdesivir and convalescent plasma, have shown no definitive mortality benefit in this population despite positive results in other COVID-19 patients. Dexamethasone was associated with an absolute reduction in 28-day mortality by 12.3% (95% CI, 6.3 to 17.6), after adjusting for age. Reduced mortality has been demonstrated with tocilizumab use alongside corticosteroids. Evidence is inconclusive for therapeutic anticoagulation, and further studies are needed to determine the comparative benefit of prophylactic anticoagulation.<b>Expert opinion</b>: Significant variation and high mortality rates in mechanically ventilated patients necessitate more standardized outcome measurements, increased consideration of risk factors to reduce intubation, and improved treatment practices. Anticoagulation and dexamethasone should be incorporated in the treatment of patients receiving invasive mechanical ventilation, while more rigorous studies are required for other potential treatments.",2021-04-30
COVID-19: Review on latest available drugs and therapies against SARS-CoV-2. Coagulation and inflammation cross-talking.,"SARS-CoV-2 is the agent responsible for COVID-19. The infection can be dived into three phases: mild infection, the pulmonary phase and the inflammatory phase. Treatment options for the pulmonary phase include: Hydroxychloroquine, Remdesivir, Lopinavir/Ritonavir. The inflammatory phase includes therapeutic options like Tocilizumab, Anakinra, Baricitinib, Eculizumab, Emapalumab and Heparin. Human clinical trials are starting to show some results, in some cases like that of Remdesivir and corticosteroids these are controversial. Coagulopathy is a common complication in severe cases, inflammation and coagulation are intertwined and cross-talking between these two responses is known to happen. A possible amplification of this cross-talking is suggested to be implicated in the severe cases that show both a cytokine storm and coagulopathy.",2020-06-20
Disease-drug and drug-drug interaction in COVID-19: risk and assessment,"COVID-19 is announced as a global pandemic in 2020. The emergent outbreak of COVID-19 prompted by severe acute respiratory syndrome coronavirus 2 (SARS-CoV-2) keeps spreading globally. Its mortality and morbidity rate are rapidly increasing, and medication options are still limited. A patient’s immune response plays a pivotal role in the pathogenesis of COVID-19. Hyperinflammatory state may sparks significant imbalances in transporters and drug metabolizing enzymes, and subsequent alteration of drug pharmacokinetics that may result in unexpected therapeutic response. The present scenario has accounted the requirement for therapeutic opportunities to relive and overcome this pandemic. Despite the fact, the diminishing developments of COVID-19, there is no drug still approved to have significant effects with no side effect. Based on the evidence, many antiviral and anti-inflammatory drugs have been authorized by the Food and Drug Administration (FDA) to treat the COVID-19 patients even though not knowing the possible drug-drug interactions. Hydroxychloroquine is the first medicine chosen for the treatment of disease. Remdesivir, favipiravir, and molnupiravir are deemed the most hopeful antiviral agent; by improving health of infected patients. The dexamethasone saved the lives of seriously ill patients. Many randomized and controlled clinical trials are taking place to further corroborate these agent’s safety and efficacy in handling COVID-19. The current review summarizes the involvement of drug transporters and drug metabolizing enzymes for the existing drugs and gives the opinion on the potential drug-drug interactions in an inflammatory state. This may permit the individualization of these drugs thereby enhancing the safety and efficacy.",2020-12-22
Approaching coronavirus disease 2019: Mechanisms of action of repurposed drugs with potential activity against SARS-CoV-2.,"On March 11, 2020, the World Health Organization (WHO) declared the severe acute respiratory syndrome caused by coronavirus 2 (SARS-CoV-2) a global pandemic. As of July 2020, SARS-CoV-2 has infected more than 14 million people and provoked more than 590,000 deaths, worldwide. From the beginning, a variety of pharmacological treatments has been empirically used to cope with the life-threatening complications associated with Corona Virus Disease 2019 (COVID-19). Thus far, only a couple of them and not consistently across reports have been shown to further decrease mortality, respect to what can be achieved with supportive care. In most cases, and due to the urgency imposed by the number and severity of the patients' clinical conditions, the choice of treatment has been limited to repurposed drugs, approved for other indications, or investigational agents used for other viral infections often rendered available on a compassionate-use basis. The rationale for drug selection was mainly, though not exclusively, based either i) on the activity against other coronaviruses or RNA viruses in order to potentially hamper viral entry and replication in the epithelial cells of the airways, and/or ii) on the ability to modulate the excessive inflammatory reaction deriving from dysregulated host immune responses against the SARS-CoV-2. In several months, an exceptionally large number of clinical trials have been designed to evaluate the safety and efficacy of anti-COVID-19 therapies in different clinical settings (treatment or pre- and post-exposure prophylaxis) and levels of disease severity, but only few of them have been completed so far. This review focuses on the molecular mechanisms of action that have provided the scientific rationale for the empirical use and evaluation in clinical trials of structurally different and often functionally unrelated drugs during the SARS-CoV-2 pandemic.",2020-07-23
COVID-19 Therapeutic Options Under Investigation.,"Since its emergence in China in December 2019, COVID-19 has quickly spread around the globe causing a pandemic. Vaccination or the development of herd immunity seems the only way to slow down the spread of the virus; however, both are not achievable in the near future. Therefore, effective treatments to mitigate the burden of this pandemic and reduce mortality rates are urgently needed. Preclinical and clinical studies of potential antiviral and immunomodulatory compounds and molecules to identify safe and efficacious therapeutics for COVID-19 are ongoing. Two compounds, remdesivir, and dexamethasone have been so far shown to reduce COVID-19-associated death. Here, we provide a review of the potential therapeutic agents being considered for the treatment and management of COVID-19 patients.",2020-08-06
"COVID-19: An overview of the current pharmacological interventions, vaccines, and clinical trials.","COVID-19, the greatest public health emergency of the 21st century, has affected 215 countries and territories around the world resulting in 15,151,738 confirmed cases and 621,121 deaths. The outbreak has continued at breakneck pace despite stringent public health measures, ravaging the global economy and causing profound human casualties. Vaccination is currently the best bet for the prevention of COVID-19. Still, in its absence, there has been considerable interest in repurposing existing therapeutic agents to reduce the severity of the illness and ease the burden on the already strained healthcare systems. This review outlines the current evidence regarding proposed treatments- experimental or repurposed, for COVID-19, and gives an insight into the clinical trial landscape for drugs as well as vaccines.",2020-07-30
The 15-Months Clinical Experience of SARS-CoV-2: A Literature Review of Therapies and Adjuvants.,"<h4>Background</h4>Severe acute respiratory syndrome coronavirus 2 (SARS-CoV-2) is the virus responsible for the coronavirus disease of 2019 (COVID-19) that emerged in December 2019 in Wuhan, China, and rapidly spread worldwide, with a daily increase in confirmed cases and infection-related deaths. The World Health Organization declared a pandemic on the 11th of March 2020. COVID-19 presents flu-like symptoms that become severe in high-risk medically compromised subjects. The aim of this study was to perform an updated overview of the treatments and adjuvant protocols for COVID-19.<h4>Methods</h4>A systematic literature search of databases was performed (MEDLINE PubMed, Google Scholar, UpToDate, Embase, and Web of Science) using the keywords: ""COVID-19"", ""2019-nCoV"", ""coronavirus"" and ""SARS-CoV-2"" (date range: 1 January 2019 to 31st October 2020), focused on clinical features and treatments.<h4>Results</h4>The main treatments retrieved were antivirals, antimalarials, convalescent plasma, immunomodulators, corticosteroids, anticoagulants, and mesenchymal stem cells. Most of the described treatments may provide benefits to COVID-19 subjects, but no one protocol has definitively proven its efficacy.<h4>Conclusions</h4>While many efforts are being spent worldwide in research aimed at identifying early diagnostic methods and evidence-based effective treatments, mass vaccination is thought to be the best option against this disease in the near future.",2021-05-31
Comparative efficacy and safety of pharmacological interventions for the treatment of COVID-19: A systematic review and network meta-analysis.,"<h4>Background</h4>Numerous clinical trials and observational studies have investigated various pharmacological agents as potential treatment for Coronavirus Disease 2019 (COVID-19), but the results are heterogeneous and sometimes even contradictory to one another, making it difficult for clinicians to determine which treatments are truly effective.<h4>Methods and findings</h4>We carried out a systematic review and network meta-analysis (NMA) to systematically evaluate the comparative efficacy and safety of pharmacological interventions and the level of evidence behind each treatment regimen in different clinical settings. Both published and unpublished randomized controlled trials (RCTs) and confounding-adjusted observational studies which met our predefined eligibility criteria were collected. We included studies investigating the effect of pharmacological management of patients hospitalized for COVID-19 management. Mild patients who do not require hospitalization or have self-limiting disease courses were not eligible for our NMA. A total of 110 studies (40 RCTs and 70 observational studies) were included. PubMed, Google Scholar, MEDLINE, the Cochrane Library, medRxiv, SSRN, WHO International Clinical Trials Registry Platform, and ClinicalTrials.gov were searched from the beginning of 2020 to August 24, 2020. Studies from Asia (41 countries, 37.2%), Europe (28 countries, 25.4%), North America (24 countries, 21.8%), South America (5 countries, 4.5%), and Middle East (6 countries, 5.4%), and additional 6 multinational studies (5.4%) were included in our analyses. The outcomes of interest were mortality, progression to severe disease (severe pneumonia, admission to intensive care unit (ICU), and/or mechanical ventilation), viral clearance rate, QT prolongation, fatal cardiac complications, and noncardiac serious adverse events. Based on RCTs, the risk of progression to severe course and mortality was significantly reduced with corticosteroids (odds ratio (OR) 0.23, 95% confidence interval (CI) 0.06 to 0.86, p = 0.032, and OR 0.78, 95% CI 0.66 to 0.91, p = 0.002, respectively) and remdesivir (OR 0.29, 95% CI 0.17 to 0.50, p < 0.001, and OR 0.62, 95% CI 0.39 to 0.98, p = 0.041, respectively) compared to standard care for moderate to severe COVID-19 patients in non-ICU; corticosteroids were also shown to reduce mortality rate (OR 0.54, 95% CI 0.40 to 0.73, p < 0.001) for critically ill patients in ICU. In analyses including observational studies, interferon-alpha (OR 0.05, 95% CI 0.01 to 0.39, p = 0.004), itolizumab (OR 0.10, 95% CI 0.01 to 0.92, p = 0.042), sofosbuvir plus daclatasvir (OR 0.26, 95% CI 0.07 to 0.88, p = 0.030), anakinra (OR 0.30, 95% CI 0.11 to 0.82, p = 0.019), tocilizumab (OR 0.43, 95% CI 0.30 to 0.60, p < 0.001), and convalescent plasma (OR 0.48, 95% CI 0.24 to 0.96, p = 0.038) were associated with reduced mortality rate in non-ICU setting, while high-dose intravenous immunoglobulin (IVIG) (OR 0.13, 95% CI 0.03 to 0.49, p = 0.003), ivermectin (OR 0.15, 95% CI 0.04 to 0.57, p = 0.005), and tocilizumab (OR 0.62, 95% CI 0.42 to 0.90, p = 0.012) were associated with reduced mortality rate in critically ill patients. Convalescent plasma was the only treatment option that was associated with improved viral clearance rate at 2 weeks compared to standard care (OR 11.39, 95% CI 3.91 to 33.18, p < 0.001). The combination of hydroxychloroquine and azithromycin was shown to be associated with increased QT prolongation incidence (OR 2.01, 95% CI 1.26 to 3.20, p = 0.003) and fatal cardiac complications in cardiac-impaired populations (OR 2.23, 95% CI 1.24 to 4.00, p = 0.007). No drug was significantly associated with increased noncardiac serious adverse events compared to standard care. The quality of evidence of collective outcomes were estimated using the Grading of Recommendations Assessment, Development, and Evaluation (GRADE) framework. The major limitation of the present study is the overall low level of evidence that reduces the certainty of recommendations. Besides, the risk of bias (RoB) measured by RoB2 and ROBINS-I framework for individual studies was generally low to moderate. The outcomes deducted from observational studies could not infer causality and can only imply associations. The study protocol is publicly available on PROSPERO (CRD42020186527).<h4>Conclusions</h4>In this NMA, we found that anti-inflammatory agents (corticosteroids, tocilizumab, anakinra, and IVIG), convalescent plasma, and remdesivir were associated with improved outcomes of hospitalized COVID-19 patients. Hydroxychloroquine did not provide clinical benefits while posing cardiac safety risks when combined with azithromycin, especially in the vulnerable population. Only 29% of current evidence on pharmacological management of COVID-19 is supported by moderate or high certainty and can be translated to practice and policy; the remaining 71% are of low or very low certainty and warrant further studies to establish firm conclusions.",2020-12-30
Review of adverse cutaneous reactions of pharmacologic interventions for COVID-19: A guide for the dermatologist.,"The new coronavirus, severe acute respiratory syndrome coronavirus 2, is associated with a wide variety of cutaneous manifestations. Although new skin manifestations caused by COVID-19 are continuously being described, other cutaneous entities should also be considered in the differential diagnosis, including adverse cutaneous reactions to drugs used in the treatment of COVID-19 infections. The aim of this review is to provide dermatologists with an overview of the cutaneous adverse effects associated with the most frequently prescribed drugs in patients with COVID-19. The skin reactions of antimalarials (chloroquine and hydroxychloroquine), antivirals (lopinavir/ritonavir, ribavirin with or without interferon, oseltamivir, remdesivir, favipiravir, and darunavir), and treatments for complications (imatinib, tocilizumab, anakinra, immunoglobulins, corticosteroids, colchicine and low molecular weight heparins) are analyzed. Information regarding possible skin reactions, their frequency, management, and key points for differential diagnosis are presented.",2020-08-07
A systematic review on treatment-related mucocutaneous reactions in COVID-19 patients.,"Most of drugs could have certain mucocutaneous reactions and COVID-19 drugs are not an exception that we focused. We systematically reviewed databases until August 15, 2020 and among initial 851 articles, 30 articles entered this study (20 case reports, 4 cohorts, and 6 controlled clinical trials). The types of reactions included AGEP, morbiliform drug eruptions, vasculitis, DRESS syndrome, urticarial vasculitis, and so on. The treatments have been used before side effects occur, included: antimalarial, anti-viral, antibiotics, tocilizumab, enoxaparin and and so on. In pandemic, we found 0.004% to 4.15% of definite drug-induced mucocutaneous reactions. The interval between drug usage and the eruption varied about few hours to 1 month; tightly dependent to the type of drug and hydroxychloroqine seems to be the drug with highest mean interval. Antivirals, antimalarials, azithromycin, and tocilizumab are most responsive drugs for adverse drug reactions, but antivirals especially in combination with antimalarial drugs are in the first step. Types of skin reactions are usually morbilliform/exanthematous maculopapular rashes or urticarial eruptions, which mostly may manage by steroids during few days. In the setting of HCQ, specific reactions like AGEP should be considered. Lopinavir/ritonavir is the most prevalent used drug among antivirals with the highest skin adverse reaction; ribarivin and remdisivir also could induce cutaneous drug reactions but favipiravir has no or less adverse effects. Logically the rate of dermatologic adverse effects among anivirals may relate to their frequency of usage. Rarely, potentially life-threatening reactions may occur. Better management strategies could achieve by knowing more about drug-induced mucocutaneous presentations of COVID-19.",2020-12-26
Minimum costs to manufacture new treatments for COVID-19.,"<h4>Introduction</h4>'Repurposing' existing drugs to treat COVID-19 is vital to reducing mortality and controlling the pandemic. Several promising drugs have been identified and are in various stages of clinical trials globally. If efficacy of these drugs is demonstrated, rapid, mass availability at an affordable cost would be essential to ensuring equity and access especially amongst low- and middle-income economies.<h4>Methods</h4>Minimum costs of production were estimated from the costs of active pharmaceutical ingredients using established methodology, which had good predictive accuracy for medicines for hepatitis C and HIV amongst others. Data were extracted from global export shipment records or analysis of the route of chemical synthesis. The estimated costs were compared with list prices from a range of countries where pricing data were available.<h4>Results</h4>Minimum estimated costs of production were US $0.93/day for remdesivir, $1.45/day for favipiravir, $0.08/day for hydroxychloroquine, $0.02/day for chloroquine, $0.10/day for azithromycin, $0.28/day for lopinavir/ritonavir, $0.39/day for sofosbuvir/daclatasvir and $1.09/day for pirfenidone. Costs of production ranged between $0.30 and $31 per treatment course (10-28 days). Current prices of these drugs were far higher than the costs of production, particularly in the US.<h4>Conclusions</h4>Should repurposed drugs demonstrate efficacy against COVID-19, they could be manufactured profitably at very low costs, for much less than current list prices. Estimations for the minimum production costs can strengthen price negotiations and help ensure affordable access to vital treatment for COVID-19 at low prices globally.",2020-04-30
COVID-19: breaking down a global health crisis.,"Coronavirus disease 2019 (COVID-19) is the second pandemic of the twenty-first century, with over one-hundred million infections and over two million deaths to date. It is a novel strain from the Coronaviridae family, named Severe Acute Respiratory Distress Syndrome Coronavirus-2 (SARS-CoV-2); the 7th known member of the coronavirus family to cause disease in humans, notably following the Middle East Respiratory syndrome (MERS), and Severe Acute Respiratory Distress Syndrome (SARS). The most characteristic feature of this single-stranded RNA molecule includes the spike glycoprotein on its surface. Most patients with COVID-19, of which the elderly and immunocompromised are most at risk, complain of flu-like symptoms, including dry cough and headache. The most common complications include pneumonia, acute respiratory distress syndrome, septic shock, and cardiovascular manifestations. Transmission of SARS-CoV-2 is mainly via respiratory droplets, either directly from the air when an infected patient coughs or sneezes, or in the form of fomites on surfaces. Maintaining hand-hygiene, social distancing, and personal protective equipment (i.e., masks) remain the most effective precautions. Patient management includes supportive care and anticoagulative measures, with a focus on maintaining respiratory function. Therapy with dexamethasone, remdesivir, and tocilizumab appear to be most promising to date, with hydroxychloroquine, lopinavir, ritonavir, and interferons falling out of favour. Additionally, accelerated vaccination efforts have taken place internationally, with several promising vaccinations being mass deployed. In response to the COVID-19 pandemic, countries and stakeholders have taken varying precautions to combat and contain the spread of the virus and dampen its collateral economic damage. This review paper aims to synthesize the impact of the virus on a global, micro to macro scale.",2021-05-18
[Comment] Treatment strategies to fight the new coronavirus SARS-CoV-2: A challenge for a Rubik's Cube solver.,"SARS-coronavirus-2 (SARS-CoV-2), the etiologic agent of the new lung disease COVID-19 is closely related to SARS-CoV, and together with MERS-CoV are three new human coronaviruses that emerged in the last 20 years. The COVID-19 outbreak is a rapidly evolving situation with higher transmissibility and infectivity compared with SARS and MERS. Clinical presentations range from asymptomatic or mild symptoms to severe illness. The prevalent cause of mortality is pneumonia that progresses to ARDS. The ongoing pandemic has already resulted in more than 135,000 deaths and an unprecedented burden on national health systems worldwide. Pending the availability of a vaccine, there is a critical need to identify effective treatments and a number of clinical trials have been implemented worldwide. Trials are based on repurposed drugs that are already approved for other infections, have acceptable safety profiles or have performed well in animal studies against the other two deadly coronaviruses. Supportive care remains the mainstay of therapy at present, as it is still unclear how well these data can be extrapolated to SARS-CoV-2. Most of those emerging re-introduced drugs are administered to patients in the context of clinical trials. In this review, we summarize the strategies currently employed in the treatment of COVID-19.",2020-04-28
ADME and Pharmacokinetic Properties of Remdesivir: Its Drug Interaction Potential.,"On 11 March 2020, the World Health Organization (WHO) classified the Coronavirus Disease 2019 (COVID-19) as a global pandemic, which tested healthcare systems, administrations, and treatment ingenuity across the world. COVID-19 is caused by the novel beta coronavirus Severe Acute Respiratory Syndrome Coronavirus 2 (SARS-CoV-2). Since the inception of the pandemic, treatment options have been either limited or ineffective. Remdesivir, a drug originally designed to be used for Ebola virus, has antiviral activity against SARS-CoV-2 and has been included in the COVID-19 treatment regimens. Remdesivir is an adenosine nucleotide analog prodrug that is metabolically activated to a nucleoside triphosphate metabolite (GS-443902). The active nucleoside triphosphate metabolite is incorporated into the SARS-CoV-2 RNA viral chains, preventing its replication. The lack of reported drug development and characterization studies with remdesivir in public domain has created a void where information on the absorption, distribution, metabolism, elimination (ADME) properties, pharmacokinetics (PK), or drug-drug interaction (DDI) is limited. By understanding these properties, clinicians can prevent subtherapeutic and supratherapeutic levels of remdesivir and thus avoid further complications in COVID-19 patients. Remdesivir is metabolized by both cytochrome P450 (CYP) and non-CYP enzymes such as carboxylesterases. In this narrative review, we have evaluated the currently available ADME, PK, and DDI information about remdesivir and have discussed the potential of DDIs between remdesivir and different COVID-19 drug regimens and agents used for comorbidities. Considering the nascent status of remdesivir in the therapeutic domain, extensive future work is needed to formulate safer COVID-19 treatment guidelines involving this medication.",2021-07-08
COVID-19: treatments and the potential for cardiotoxicity.,"A wide range of medications including antimalarial preparations (chloroquine, hydroxychloroquine), macrolide antibiotics (azithromycin) and the interleukin-6 inhibitor (tocilizumab) may be effective in treating patients with coronavirus disease 2019 (COVID-19). Such agents may be associated with cardiotoxicity, and the purpose of this brief review is to draw attention to potential areas of pharmacovigilance. These include prolongation of the QT-interval and the development of occult cardiomyopathy. Alternatively, some of the agents seem to have minimal impact on the cardiovascular system. The review highlights the need for an ongoing evaluation of such agents within carefully constructed clinical trials with embedded attention to cardiovascular safety. The reason to be cautious when evaluating curative or symptomatic treatments is the fact that SARS-CoV-2 has affected large segments of the population, with disproportionate mortality rates within certain subgroups. Some of the enhanced mortality may reflect inherent cardiovascular disease risk factors related to acute COVID-19 infection. It is hoped that the review will stimulate a greater awareness of potential cardiovascular side effects and encourage reporting of those in future trials.",2021-03-09
Medical treatment options for COVID-19.,"Therapeutic options for coronavirus disease 2019 are desperately needed to respond to the ongoing severe acute respiratory syndrome coronavirus 2 pandemic. Both antiviral drugs and immunomodulators might have their place in the management of coronavirus disease 2019. Unfortunately, no drugs have been approved yet to treat infections with human coronaviruses. As it will take years to develop new therapies for severe acute respiratory syndrome coronavirus 2, the current focus is on the repurposing of drugs that have been approved or are in development for other conditions. Several clinical trials have already been conducted or are currently ongoing to evaluate the efficacy of such drugs. Here, we discuss the potential of these therapies for the treatment of coronavirus disease 2019.",2020-04-01
"COVID-19: molecular pathophysiology, genetic evolution and prospective therapeutics-a review.","The Covid-19 pandemic is highly contagious and has spread rapidly across the globe. To date there have been no specific treatment options available for this life-threatening disease. During this medical emergency, target-based drug repositioning/repurposing with a continuous monitoring and recording of results is an effective method for the treatment and drug discovery. This review summarizes the recent findings on COVID-19, its genomic organization, molecular evolution through phylogenetic analysis and has recapitulated the drug targets by analyzing the viral molecular machinery as drug targets and repurposing of most frequently used drugs worldwide and their therapeutic applications in COVID-19. Data from solidarity trials have shown that the treatment with Chloroquine, hydroxychloroquine and lopinavir-ritonavir had no effect in reducing the mortality rate and also had adverse side effects. Remdesivir, Favipiravir and Ribavirin might be a safer therapeutic option for COVID-19. Recent clinical trial has revealed that dexamethasone and convalescent plasma treatment can reduce mortality in patients with severe forms of COVID-19.",2021-02-08
Repurposing current therapeutic regimens against SARS-CoV-2 (Review).,"The recent coronavirus outbreak has spread worldwide, with the exception of Antarctica, causing serious social and economic disruption. All disciplines of the science community are driven to confront the impact of the COVID-19 pandemic, as currently, there is neither prophylactic nor therapeutic treatments available. Due to the urgency of the situation, various research strategies are ongoing, in order to evaluate the therapeutic efficacy of repurposed and experimental drugs. The present review presents the most promising repurposed regimens, which may be used for the treatment of COVID-19. The drugs/bioactive substances presented herein belong to diverse therapeutic classes, including antimalarial, cardioprotective, angiotensin-converting enzyme 2 inhibitors, antiviral, anti-inflammatory and antiparasitic drugs. Therapeutic perspectives of vaccination and passive immunization are also reviewed.",2020-06-18
Maternal deaths due to COVID-19 disease: The cases in a single center pandemic hospital in the south east of Turkey.,"Coronavirus-19 disease is still a pandemic health problem and uncertainty in the management of severe or critically ill pregnant women confuses continually the obstetricians. The nationwide maternal mortality rate due to covid-19 still has not been presented in any study in Turkey. The study includes four maternal mortality cases in a referral single pandemic center in our country. Case 1, a 34-year-old, 34 weeks of gestation with moderate disease. The cesarean section was performed due to nonreassuring nonstress tests. She died on the postpartum seventh day. Case 2, a 37-year-old, at 36 weeks of gestation. The symptoms consisted of dry cough, shortness of breath and labor pain, and 3 cm cervical opening. Her second cesarean section was performed and she died at postpartum ninth day. Case 3, 33 years old, 33 weeks of gestation with moderate/severe stage of the disease. A few days after the treatment, CS was performed due to her severe condition and she died at postpartum 15th day. Case 4, 39 years old, 35 weeks of gestation, she was at a severe stage of the disease. On the second day after the treatment, CS was performed due to her severe condition and she died at postpartum seventh day. The postpartum period after cesarean section should be followed cautiously under the appropriate treatment of the COVID-19 disease. Unfortunately, the reason for this rapid deterioration which we observed in our cases is not well known and appropriate medications and algorithms should be established as soon as possible.",2021-07-12
Drug-drug interactions between COVID-19 treatments and antipsychotics drugs: integrated evidence from 4 databases and a systematic review.,"<h4>Rationale</h4>Management of anxiety, delirium, and agitation cannot be neglected in coronavirus disease (COVID-19). Antipsychotics are usually used for the pharmacological management of delirium, and confusion and behavioral disturbances. The concurrent use of treatments for COVID-19 and antipsychotics should consider eventual drug-drug interactions OBJECTIVE: To systematically review evidence-based available on drug-drug interactions between COVID-19 treatments and antipsychotics.<h4>Evidence review</h4>Three databases were consulted: Lexicomp® Drug Interactions, Micromedex® Solutions Drugs Interactions, and Liverpool© Drug Interaction Group for COVID-19 therapies. To acquire more information on QT prolongation and Torsade de Pointes (TdP), the CredibleMeds® QTDrugs List was searched. The authors made a recommendation agreed to by consensus. Additionally, a systematic review of drug-drug interactions between antipsychotics and COVID-19 treatment was conducted.<h4>Results</h4>The main interactions between COVID-19 drugs and antipsychotics are the risk of QT-prolongation and TdP, and cytochromes P450 interactions. Remdesivir, baricinitib, and anakinra can be used concomitantly with antipsychotics without risk of drug-drug interaction (except for hematological risk with clozapine and baricinitib). Favipiravir only needs caution with chlorpromazine and quetiapine. Tocilizumab is rather safe to use in combination with antipsychotics. The most demanding COVID-19 treatments for coadministration with antipsychotics are chloroquine, hydroxychloroquine, azithromycin, and lopinavir/ritonavir because of the risk of QT prolongation and TdP and cytochromes interactions. The systematic review provides highly probable drug interaction between lopinavir/ritonavir plus quetiapine and ritonavir/indinavir plus risperidone.<h4>Conclusions</h4>Clinicians prescribing antipsychotics should be aware of the likely risk of drug-drug interaction with COVID-19 medication and may benefit from taking into account present recommendations of use to preserve patient safety.",2021-01-07
The race to find a SARS-CoV-2 drug can only be won by a few chosen drugs: a systematic review of registers of clinical trials of drugs aimed at preventing or treating COVID-19,"<h4>ABSTRACT</h4> Considering the massive amount of clinical trial registers aimed to find effective drugs for the prevention and treatment of COVID-19, it is challenging to have a comprehensive view of which drugs are being studied more extensively and when is expected that we will have consistent results regarding their effectiveness. This systematic review included all clinical trials on pharmacological therapy related to COVID-19 and SARS-CoV-2 registered at the International Clinical Trials Registry Platform (WHO-ICTRP) up to April 22, 2020. Clinical trials characteristics (country, design, sample size, main outcomes, expected completion data, type of participants, length of the interventions, main outcomes). How many trials and the accumulated sample size by drug or combination of drugs, and by month in 2020 was depicted. We identified 412 clinical trials registers addressing the effect of pharmacological treatments on COVID-19, predominantly from Asia and Europe (42.2% and 31.1% of clinical trials registers, respectively). The most main outcomes studied were clinical recovery (54.4% of the clinical trials registers, respiratory recovery (28.2%) mortality (27.4%), viral load/negativity (20.4%). During 2020, a huge amount of clinical trials are expected to be completed: 41 trials (60,366 participants) using hydroxychloroquine, 20 trials (1,588 participants) using convalescent’s plasma, 18 trials (6,830 participants) using chloroquine, 12 trials (9,938 participants using lopinavir/ritonavir, 11 trials (1,250 participants) using favipiravir, 10 trials (2,175 participants) using tocilizumab and 6 trials (13,540 participants) using Remdesivir. The distribution of the number of registered clinical trials among the different therapeutic options leads to an excess of sample size for some and a lack for others. Our data allow us to conclude that by the end of June we will have results of almost 20 trials involving 40000 patients for hydroxychloroquine and 5 trials with 4500 patients for remdesivir; however, low statistical power is expected from the 9 clinical trials testing the efficacy of favipiravir or the 5 testing tocilizumab, since they will recruit less than 1000 patients each one.",2020-05-09
Is there any potential management against COVID-19? A systematic review and meta-analysis.,"<h4>Purpose</h4>A recent survey has shown that the COVID-19 pandemic has culminated in dramatical and critical treatment particularly in acute infected patients. In fact, this systematic review-meta-analysis was directly pertained to estimation at the efficient value of some clinical managements to confront the COVID-19 infection.<h4>Methods</h4>Pubmed, Embase, Scopus, Cochrane, and Scholar databases were searched from inception to July 1, 2020, to identify studies reporting the current treatment process and medications (e.g. hydroxychloroquine, antiviral therapy, convalescent plasma, and immunomodulatory agents) for COVID-19. A random-effects model meta-analysis was performed to calculate the relative risk (RR) with 95% confidence intervals (CI). The outcomes of this study were the frequency of negative conversion cases, clinical improvements, mechanical ventilation demand, intensive care unit (ICU) entry, and mortality. The standard treatment refers to the published guidelines and specialist experience which varies in different articles, and the proposed treatment refers to the kind of interest suggested in the included studies.<h4>Results</h4>A number of 45 articles met the eligibility criteria (out of 6793 articles). Among them, 26 articles involving 3263 patients were included in quantitative analysis. Anti-COVID-19 interventions could significantly increase clinical improvement (RR 1.17, 95% CI 1.08-1.27; I<sup>2</sup> = 49.8%) and reduce the mortality rate (RR 0.58, 95% CI 0.35-0.95; I<sup>2</sup> = 74.8%). Although in terms of negative conversion, ICU entry, and mechanical ventilation demand, clinical intervention had no beneficial effect. The clinical effect of immunomodulatory agents (especially tocilizumab and anakinra) was noticeable compared to other medications with RR of 0.22 (95% CI 0.09-0.53; I<sup>2</sup> = 40.9%) for mortality and 1.25 (95% CI 1.07-1.46; I<sup>2</sup> = 45.4%) for clinical improvement. Moreover, Antivirals (RR 1.13, 95% CI 1.01-1.26; I<sup>2</sup> = 47.0%) and convalescent plasma therapy (RR 1.41, 95% CI 1.01-1.98; I<sup>2</sup> = 66.6%) had significant beneficial effects on clinical improvement.<h4>Conclusion</h4>Based on our findings, all the included interventions significantly declined the mortality and enhanced clinical improvements with no effect on negative conversion and mechanical ventilation demand. Especially, immunomodulators and plasma therapy showed favorable outcomes. An evaluation on the efficacy of proposed treatment against COVID-19.",2020-08-18
Overview of the First 6 Months of Clinical Trials for COVID-19 Pharmacotherapy: The Most Studied Drugs.,"SARS-CoV-2 rapidly spread from China until it was defined a pandemic by WHO in March 2020. Related scientific papers have rapidly extended information regarding the diagnosis, treatment and epidemiology of COVID-19 infection. To date, no vaccine or definitive treatment is available to defeat the virus and therapies are mainly based on existing drugs used to treat other conditions. Existing therapies used in several clinical trials work by affecting the biology of COVID-19 and/or counteracting the harmful host excessive immune response. Here, we have reviewed 526 ongoing clinical trials for COVID-19 to provide a perspective on the first 6 months of global efforts to identify an effective therapy. The drugs most actively tested in various centers include hydroxychloroquine, ritonavir, azithromycin, tocilizumab, lopinavir chloroquine and ivermectin. Our analysis shows that most clinical trials focus on a small number of candidate drugs (namely hydroxychloroquine and chloroquine representing 25% of total clinical trials) while underestimating the potential of other promising drugs. A global coordination in clinical trial management could avoid duplications and increase the effectiveness of the response to the global challenge.",2020-08-21
Serious bradycardia and remdesivir for coronavirus 2019 (COVID-19): a new safety concerns.,"<h4>Objectives</h4>In recent clinical trials some cardiac arrhythmias were reported with use of remdesivir for COVID-19. To address this safety concern, we investigated whether use of remdesivir for COVID-19 is associated with an increased risk of bradycardia.<h4>Methods</h4>Using VigiBase®, the World Health Organization Global Individual Case Safety Reports database, we compared the cases of bradycardia reported in COVID-19 patients exposed to remdesivir with those reported in COVID-19 patients exposed to hydroxychloroquine, lopinavir/ritonavir, tocilizumab or glucocorticoids. All reports of patients with COVID-19 registered up to the 23 September 2020 were included. We conducted disproportionality analyses allowing the estimation of reporting odds ratios (RORs) with 95% CI.<h4>Results</h4>We found 302 cardiac effects including 94 bradycardia (31%) among the 2603 reports with remdesivir prescribed in COVID-19 patients. Most of the 94 reports were serious (75, 80%), and in 16 reports (17%) evolution was fatal. Compared with hydroxychloroquine, lopinavir/ritonavir, tocilizumab or glucocorticoids, the use of remdesivir was associated with an increased risk of reporting bradycardia (ROR 1.65; 95% CI 1.23-2.22). Consistent results were observed in other sensitivity analyses.<h4>Discussion</h4>This post-marketing study in a real-world setting suggests that the use of remdesivir is significantly associated with an increased risk of reporting bradycardia and serious bradycardia when compared with the use of with hydroxychloroquine, lopinavir/ritonavir, tocilizumab or glucocorticoids. This result is in line with the pharmacodynamic properties of remdesivir.",2021-02-27
Comparative Evaluation of the Treatment of COVID-19 with Multicriteria Decision-Making Techniques.,"<h4>Objectives</h4>The outbreak of coronavirus disease 2019 (COVID-19) was first reported in December 2019. Until now, many drugs and methods have been used in the treatment of the disease. However, no effective treatment option has been found and only case-based successes have been achieved so far. This study aims to evaluate COVID-19 treatment options using multicriteria decision-making (MCDM) techniques.<h4>Methods</h4>In this study, we evaluated the available COVID-19 treatment options by MCDM techniques, namely, fuzzy PROMETHEE and VIKOR. These techniques are based on the evaluation and comparison of complex and multiple criteria to evaluate the most appropriate alternative. We evaluated current treatment options including favipiravir (FPV), lopinavir/ritonavir, hydroxychloroquine, interleukin-1 blocker, intravenous immunoglobulin (IVIG), and plasma exchange. The criteria used for the analysis include side effects, method of administration of the drug, cost, turnover of plasma, level of fever, age, pregnancy, and kidney function.<h4>Results</h4>The results showed that plasma exchange was the most preferred alternative, followed by FPV and IVIG, while hydroxychloroquine was the least favorable one. New alternatives could be considered once they are available, and weights could be assigned based on the opinions of the decision-makers (physicians/clinicians). The treatment methods that we evaluated with MCDM methods will be beneficial for both healthcare users and to rapidly end the global pandemic. The proposed method is applicable for analyzing the alternatives to the selection problem with quantitative and qualitative data. In addition, it allows the decision-maker to define the problem simply under uncertainty.<h4>Conclusions</h4>Fuzzy PROMETHEE and VIKOR techniques are applied in aiding decision-makers in choosing the right treatment technique for the management of COVID-19.",2021-01-22
Medical management of COVID-19 clinic.,"The start of the global pandemic secondary to the novel SARS-CoV-2 virus was a time of uncertainty and fear as it claimed the lives of many across the world. Since then, there has been a plethora of research designs and trials in order to understand what we can do to stop the spread of the disease. Scientists and health care providers have utilized old medications and revamped them for current use such a convalescent plasma and steroids, as well as creating novel therapeutics, some with promising results. In this article, we review the major therapeutic options currently available and look into what the future still holds in order to further our understanding of this mysterious disease.",2020-09-01
Pharmacotherapy for Hospitalized Patients with COVID-19: Treatment Patterns by Disease Severity.,"<h4>Background</h4>Treatment decisions for Coronavirus Disease 2019 (COVID-19) depend on disease severity, but the prescribing pattern by severity and drivers of therapeutic choices remain unclear.<h4>Objectives</h4>The objectives of the study were to evaluate pharmacological treatment patterns by COVID-19 severity and identify the determinants of prescribing for COVID-19.<h4>Methods</h4>Using electronic health record data from a large Massachusetts-based healthcare system, we identified all patients aged ≥ 18 years hospitalized with laboratory-confirmed COVID-19 from 1 March to 24 May, 2020. We defined five levels of COVID-19 severity at hospital admission: (1) hospitalized but not requiring supplemental oxygen; (2-4) hospitalized and requiring oxygen ≤ 2, 3-4, and ≥ 5 L per minute, respectively; and (5) intubated or admitted to an intensive care unit. We assessed the medications used to treat COVID-19 or as supportive care during hospitalization.<h4>Results</h4>Among 2821 patients hospitalized for COVID-19, we found inpatient mortality increased by severity from 5% for level 1 to 23% for level 5. As compared to patients with severity level 1, those with severity level 5 were 3.53 times (95% confidence interval 2.73-4.57) more likely to receive a medication used to treat COVID-19. Other predictors of treatment were fever, low oxygen saturation, presence of co-morbidities, and elevated inflammatory biomarkers. The use of most COVID-19 relevant medications has dropped substantially while the use of remdesivir and therapeutic anticoagulants has increased over the study period.<h4>Conclusions</h4>Careful consideration of disease severity and other determinants of COVID-19 drug use is necessary for appropriate conduct and interpretation of non-randomized studies evaluating outcomes of COVID-19 treatments.",2020-12-01
Current status and strategic possibilities on potential use of combinational drug therapy against COVID-19 caused by SARS-CoV-2.,"The spread of new coronavirus infection starting December 2019 as novel SARS-CoV-2, identified as the causing agent of COVID-19, has affected all over the world and been declared as pandemic. Approximately, more than 8,807,398 confirmed cases of COVID-19 infection and 464,483 deaths have been reported globally till the end of 21 June 2020. Until now, there is no specific drug therapy or vaccine available for the treatment of COVID-19. However, some potential antimalarial drugs like hydroxychloroquine and azithromycin, antifilarial drug ivermectin and antiviral drugs have been tested by many research groups worldwide for their possible effect against the COVID-19. Hydroxychloroquine and ivermectin have been identified to act by creating the acidic condition in cells and inhibiting the importin (IMPα/β1) mediated viral import. There is a possibility that some other antimalarial drugs/antibiotics in combination with immunomodulators may help in combatting this pandemic disease. Therefore, this review focuses on the current use of various drugs as single agents (hydroxychloroquine, ivermectin, azithromycin, favipiravir, remdesivir, umifenovir, teicoplanin, nitazoxanide, doxycycline, and dexamethasone) or in combinations with immunomodulators additionally. Furthermore, possible mode of action, efficacy and current stage of clinical trials of various drug combinations against COVID-19 disease has also been discussed in detail.Communicated by Ramaswamy H. Sarma.",2020-08-05
An updated systematic review and network meta-analysis of 25 randomized trials assessing the efficacy and safety of treatments in COVID-19 disease.,"To date, there is no definite effective treatment for the COVID- 19 pandemic. We performed an update network meta-analysis to compare and rank COVID-19 treatments according to their efficacy and safety. Literature search was performed from MEDLINE and CENTRAL databases from inception to September 5, 2020. Randomized clinical trials (RCTs) which compared the effect of any pharmacological drugs versus standard care or placebo 28-day after hospitalization in adult patients with COVID-19 disease were included. Risk ratio (RR) and 95% CI were calculated for 28-day all-cause mortality, clinical improvement, any adverse event (AEs), and viral clearance. A total of 25 RCTs, evaluating 17 different treatments, and 11,597 participants were analyzed. Remdesivir for 10- day compared to standard care (RR 0.69, 95% CI [0.48-0.99]), and a low dose compared to a high dose of HCQ (0.38, [0.17-0.89]) were associated with a lower risk of death. A total of 2,766 patients experienced clinical improvement, a 5-day course of remdesivir was associated with a higher frequency of clinical improvement compared to standard care (RR 1.21, 95% CI [1.00-1.47]). Compared to standard care, remdesivir for both 5 and 10 days, lopinavir/ritonavir, and dexamethasone reduced the risk of any severe AEs by 52% (0.48, 0.34-0.67), 24% (0.77, 0.63-0.92), 40% (0.60, 0.37-0.98), and 50% (0.50, 0.25-0.98) respectively. In this study of hospitalized patients with COVID-19, administration of remdesivir for 10-day compared to standard care was associated with lower 28-day all-cause mortality and serious AEs, and higher clinical improvement rate.",2021-01-01
Pharmacologicaltreatment of COVID-19: lights and shadows.,"At the end of December 2019, a novel coronavirus, the severe acute respiratory syndrome coronavirus 2, caused an outbreak of pneumonia spreading from Wuhan, Hubei province, to the whole country of China and then the entire world, forcing the World Health Organization to make the assessment that the coronavirus disease (COVID-19) can be characterized as a pandemic, the first ever caused by a coronavirus. To date, clinical evidence and guidelines based on reliable data and randomized clinical trials for the treatment of COVID-19 are lacking. In the absence of definitive management protocols, many treatments for COVID-19 are currently being evaluated and tested worldwide. Some of these options were soon abandoned due to ineffectiveness, while others showed promising results. The basic treatments are mainly represented by antiviral drugs, even if the evidence is not satisfactory. Among the antivirals, the most promising appears to be remdesivir. Corticosteroids and tocilizumab seem to guarantee positive results in selected patients so far, although the timing of starting therapy and the most appropriate therapeutic schemes remain to be clarified. Efficacy of the other drugs is still uncertain, and they are currently used as a cocktail of treatments in the absence of definitive guidelines. What will represent the real solution to the enormous problem taking place worldwide is the identification of a safe and effective vaccine, for which enormous efforts and investments are underway.",2020-05-19
Just the facts: What drugs are safe and effective for COVID-19?,"A 53-year-old male presents with cough, fever, and myalgias for 7 days. Vitals include temperature, 38.0°C; heart rate, 110; blood pressure, 118/70 mm Hg; respiration rate, 28; and oxygen saturation 83% on room air. His only past medical history is hypertension. Your community is in the midst of the coronavirus disease 2019 (COVID-19) pandemic. The patient is hypoxic but responds to oxygen supplementation with nasal cannula and a face mask. His chest x-ray demonstrates multifocal infiltrates. Are there any therapeutic agents currently available for COVID-19?",2020-09-01
The COVID-19 Infodemic: The complex task of elevating signal and eliminating noise,"In Situation Report #3 and 39 days before declaring COVID-19 a pandemic, the WHO declared a -19 infodemic. The volume of coronavirus tweets was far too great for one to find accurate or reliable information. Healthcare workers were flooded with which drowned the of valuable COVID-19 information. To combat the infodemic, physicians created healthcare-specific micro-communities to share scientific information with other providers. We analyzed the content of eight physician-created communities and categorized each message in one of five domains. We coded 1) an application programming interface to download tweets and their metadata in JavaScript Object Notation and 2) a reading algorithm using visual basic application in Excel to categorize the content. We superimposed the publication date of each tweet into a timeline of key pandemic events. Finally, we created NephTwitterArchive.com to help healthcare workers find COVID-19-related signal tweets when treating patients. We collected 21071 tweets from the eight hashtags studied. Only 9051 tweets were considered signal: tweets categorized into both a domain and subdomain. There was a trend towards fewer signal tweets as the pandemic progressed, with a daily median of 22% (IQR 0-42%. The most popular subdomain in Prevention was PPE (2448 signal tweets). In Therapeutics, Hydroxychloroquine/chloroquine wwo Azithromycin and Mechanical Ventilation were the most popular subdomains. During the active Infodemic phase (Days 0 to 49), a total of 2021 searches were completed in NephTwitterArchive.com, which was a 26% increase from the same time period before the pandemic was declared (Days −50 to −1). The COVID-19 Infodemic indicates that future endeavors must be undertaken to eliminate noise and elevate signal in all aspects of scientific discourse on Twitter. In the absence of any algorithm-based strategy, healthcare providers will be left with the nearly impossible task of manually finding high-quality tweets from amongst a tidal wave of noise.",2021-01-20
Safety and Efficacy of Different Therapeutic Interventions on Prevention and Treatment of COVID-19.,"Severe acute respiratory syndrome coronavirus 2 (SARS-CoV-2) is the strain of coronavirus that causes coronavirus disease 2019 (COVID-19), a respiratory illness. COVID-19 has now become a global public health crisis causing alarming numbers of morbidity and mortality. Ever since the COVID-19 pandemic started scientists, researchers, universities, companies, and institutions all around the world have been endeavoring to discover a potential treatment for COVID-19. Numerous studies and clinical trials on vaccines and drugs for the prevention and treatment of COVID-19 are underway across the world. However, the uncertainty around the efficacy and safety of various treatment regimens have become one of the biggest challenges in the battle against the SARS-CoV-2. This paper is a narrative review of articles regarding the various treatments and vaccines being tested for the SARS-CoV-2, available in the PubMed database along with Google Scholar. There are ongoing clinical trials on potential drugs such as remdesivir, favipiravir, lopinavir/ritonavir, chloroquine, and hydroxychloroquine, corticosteroids tocilizumab, azithromycin, anakinra, etc. and other therapeutic modalities like convalescent plasma therapy. Likewise, vaccines against SARS-CoV-2 are being developed and tested, including mRNA, non-replicating viral vector, DNA, protein subunit candidate vaccines, etc. Although some early-stage clinical trials and studies on these drugs and vaccines have shown positive results, definitive and conclusive results are yet to be obtained. Keywords: COVID-19; antiviral drugs; COVID-19 treatment; COVID-19 vaccine; SARS-CoV-2.",2020-09-07
"Derivatization and combination therapy of current COVID-19 therapeutic agents: a review of mechanistic pathways, adverse effects, and binding sites.","Current treatment of patients with coronavirus 2019 (COVID-19) involves repurposed drugs that inhibit viral infection by either binding to their respective targets or via modulating cellular signal transduction. However, there is still a great deal of efficacy enhancement through combination therapy and derivatization. Combination therapy should involve agents with significant activity and different mechanisms of action. The structural map of the interaction between a drug and its target protein will help guide drug discovery for devising safe and effective ways to treat COVID-19. Herein, we report numerous synthetic designs based on enhanced affinity to the viral carbohydrate-rich protein spikes and protein-binding sites of COVID-19.",2020-08-12
Treatment Armamentarium of COVID-19: Evolving Strategies and Evidence So Far.,"The outbreak of SARS-CoV-2 started in Hubei province of China in December 2019 and rapidly spread all over the world. It has infected more than 7 million people worldwide and has pushed half of the world in a state of lockdown. There is an urgent unmet need of interventions both for prevention and treatment of this disease and more than 500 clinical trials are ongoing in this regard. At present, no study with robust methodology have clearly demonstrated benefits of hydroxychloroquine for treatment, preexposure prophylaxis in healthcare workers or post exposure prophylaxis in COrona VIrus Disease-2019. Remdesivir has been shown to have modest benefits in moderate to severe disease, if administered early. Given the rapid pace of clinical information and discoveries, it is important for clinicians to be up to date with the latest, evidence-based treatment options available for this novel disease. Keeping up with this current pace of information, we review the clinical studies of different therapeutic options available to treat SARS-CoV-2.",2020-07-16
COVID-19 Therapeutics for Solid Organ Transplant Recipients; 6 Months Into the Pandemic: Where Are We Now?,"As in the general population with coronavirus 2019 (COVID-19) infection, therapeutic interventions in solid organ transplant (SOT) recipients have evolved over time. The preceding 6 months of the pandemic can be divided into 2 main therapeutic eras: the early era and the later era. The first era was characterized by the widespread use of drugs such as hydroxychloroquine with or without azithromycin, lopinavir-ritonavir, and tocilizumab. More recently, with the publication of larger trials, there has been increasing use of remdesivir, dexamethasone, and convalescent plasma, with the rapid proliferation of clinical trials including a wide variety of investigational and repurposed agents with antiviral or immunomodulatory effects. This overview focuses on what is known about the effects of different therapies in SOT recipients with COVID-19, mainly from case series and, more recently, larger multicenter registries; as well as outlining the information that will be needed to optimize management and outcomes in SOT recipients with COVID-19 in the future.",2021-01-01
Machine Learning Supports Clinical Decision in Optimized Treatment for COVID-19 Patients,"Background: It has been difficult to distinguish between mild, moderate, and severe cases at an early stage for COVID-19 patients, making it challenging to decide an optimized treatment for each patient. This machine learning system could predict the clinical course and be used to develop a novel method to provide optimal treatment based on risk. <br><br>Method: We applied machine learning techniques to international clinical data from a large cohort of patients with COVID-19 at 15 hospitals in Japan and three hospitals in New York City from January 1, 2020 to March 30, 2021. We analyzed clinical information of over 2000 COVID-19 patients comprising various races and ethnicities and built a severity and mortality prediction model. Furthermore, using a severity index with machine learning allowed early detection of patients most at-risk for developing severe illness to support the decision for the patient to receive optimized therapy. <br><br>Findings: We developed an international COVID-19 early prediction model for use at the time of hospital admission that predicts disease severity and mortality with high accuracy, 0.88 (AUC). Using the novel method of severity-matched analysis to assess treatment effectiveness, in the high-risk group, the Kaplan–Meier estimates of mortality by Day 30 were 26% in the dexamethasone treatment group and 63% in the non-treatment group. The Kaplan–Meier estimates of mortality were low at 3% with remdesivir and dexamethasone in combination and 49% with no remdesivir and dexamethasone treatment by Day 30. There may be an add-on effect of remdesivir to conventional dexamethasone. <br><br>Interpretation: The severity prediction index can be calculated, which can assist with an optimized treatment for COVID-19 patients in each risk group. The severity-matched treatment system could support the recommendation of optimized treatments, such as dexamethasone, remdesivir, or heparin, in high-risk groups by calculating the severity index predicted at the time of the first visit.<br><br>Trial Registration Details: The trial registration number was 2020142NI. <br><br>Funding Information: K.T., K.I., and Y.D. received funding from the Japan Agency for Medical Research and Development (AMED) (19fk0108153h0001). K.T. received funding from AMED (19jm0610015h0001). K.T. received funding from the Healthy Longevity Global Grand Challenge, Catalyst Award.<br><br>Declaration of Interests: The authors declare no competing interests. <br><br>Ethics Approval Statement: The study protocol was centrally reviewed by the Institutional Review Board of Tokyo University. The requirement for consent was waived given the retrospective and non-interventional nature of the study.",2021-07-20
Medication use during COVID-19: Review of recent evidence.,"<h4>Objective</h4>To keep health care providers, in response to the ongoing coronavirus disease 2019 (COVID-19) pandemic, informed about the medications that have been proposed to treat the disease and the evidence supporting their use.<h4>Quality of evidence</h4>A narrative review of medications most widely used to treat COVID-19 was conducted, outlining the best available evidence for each pharmacologic treatment to date. Searches were performed in PubMed, EMBASE, and MEDLINE using key words <i>COVID-19</i> and <i>treatment</i>, as well as related terms. Relevant research studies conducted in human populations and cases specific to patients with COVID-19 were included, as were relevant hand-searched papers and reviews. Only articles in English and Chinese were included.<h4>Main message</h4>While current management of patients with COVID-19 largely involves supportive care, without a widely available vaccine, practitioners have also resorted to repurposing medications used for other indications. This has caused considerable controversy, as many of these treatments have limited clinical evidence supporting their use and therefore pose implications for patient safety, drug access, and public health. For instance, medications such as hydroxychloroquine and chloroquine, lopinavir-ritonavir, nonsteroidal anti-inflammatory drugs, angiotensin-converting enzyme inhibitors, and angiotensin receptor blockers gained widespread media attention owing to hype, misinformation, or misinterpretation of research evidence.<h4>Conclusion</h4>Given the severity of the pandemic and the potential broad effects of implementing safe and effective treatment, this article provides a narrative review of the current evidence behind the most widely used medications to treat COVID-19 in order to enable health care practitioners to make informed decisions in the care of patients with this life-threatening disease.",2021-03-01
A case report on transient cardiomyopathy with cytokine storm in SARS-CoV-2.,"<h4>Background</h4>Cardiac manifestations during Severe Acute Respiratory Syndrome Corona Virus 2 (SARS-CoV-2) pandemic have included acute coronary syndrome, arrhythmias, myocarditis, and stress cardiomyopathy. However, the combination of cardiomyopathy and negative cardiac biomarkers has not yet been reported.<h4>Case summary</h4>A 49-year-old man admitted for respiratory failure secondary to SARS-CoV-2 developed new-onset cardiomyopathy with negative cardiac biomarkers. Left ventricular ejection fraction and strain improved 7 days after the initial echocardiogram, after administration of Tocilizumab, coinciding with clinical recovery, and improvement in inflammatory markers.<h4>Discussion</h4>As experience of cardiovascular manifestations of SARS-CoV-2 increases, more patients will likely present with cardiovascular manifestations; the recognition and proper management of these may improve patient outcomes.",2020-12-29
Pharmacotherapics Advice in Guidelines for COVID-19.,"Since December 2019 to May 2020, coronavirus disease 2019 (COVID-19) has infected over 6 million people worldwide. Due to its sudden and rapid outbreak, effective treatment for COVID-19 is scarce. Based on national clinical trials of novel treatments, China, Italy, Germany, and other countries and organizations have published multiple guidelines for COVID-19 and advised many medicines, such as chloroquine and tocilizumab. In this paper, we summarize the pharmacotherapy for COVID-19 according to those guidelines, highlight updates of the pharmacotherapy guidelines, and review the efficacy and safety of the indicated anti-COVID-19 drugs.",2020-06-24
Current Strategies of Antiviral Drug Discovery for COVID-19.,"SARS-CoV-2 belongs to the family of enveloped, single-strand RNA viruses known as Betacoronavirus in Coronaviridae, first reported late 2019 in China. It has since been circulating world-wide, causing the COVID-19 epidemic with high infectivity and fatality rates. As of the beginning of April 2021, pandemic SARS-CoV-2 has infected more than 130 million people and led to more than 2.84 million deaths. Given the severity of the epidemic, scientists from academia and industry are rushing to identify antiviral strategies to combat the disease. There are several strategies in antiviral drugs for coronaviruses including empirical testing of known antiviral drugs, large-scale phenotypic screening of compound libraries and target-based drug discovery. To date, an increasing number of drugs have been shown to have anti-coronavirus activities <i>in vitro</i> and <i>in vivo</i>, but only remdesivir and several neutralizing antibodies have been approved by the US FDA for treating COVID-19. However, remdesivir's clinical effects are controversial and new antiviral drugs are still urgently needed. We will discuss the current status of the drug discovery efforts against COVID-19 and potential future directions. With the ever-increasing movability of human population and globalization of world economy, emerging and reemerging viral infectious diseases seriously threaten public health. Particularly the past and ongoing outbreaks of coronaviruses cause respiratory, enteric, hepatic and neurological diseases in infected animals and human (Woo et al., 2009). The human coronavirus (HCoV) strains (HCoV-229E, HCoV-OC43, HCoV-NL63, and HCoV-HKU1) usually cause common cold with mild, self-limiting upper respiratory tract infections. By contrast, the emergence of three deadly human betacoronaviruses, middle east respiratory syndrome coronavirus (MERS) (Zaki et al., 2012), severe acute respiratory syndrome coronavirus (SARS-CoV) (Lee et al., 2003), the SARS-CoV-2 (Jin et al., 2020a) highlight the need to identify new treatment strategies for viral infections. SARS-CoV-2 is the etiological agent of COVID-19 disease named by World Health Organization (WHO) (Zhu N. et al., 2020). This disease manifests as either an asymptomatic infection or a mild to severe pneumonia. This pandemic disease causes extent morbidity and mortality in the whole world, especially regions out of China. Similar to SARS and MERS, the SARS CoV-2 genome encodes four structural proteins, sixteen non-structural proteins (nsp) and accessory proteins. The structural proteins include spike (S), envelope (E), membrane (M), nucleoprotein (N). The spike glycoprotein directly recognizes and engages cellular receptors during viral entry. The four non-structural proteins including papain-like protease (PL<sup>pro</sup>), 3-chymotrypsin-like protease (3CL<sup>pro</sup>), helicase, and RNA-dependent RNA polymerase (RdRp) are key enzymes involved in viral transcription and replication. The spike and the four key enzymes were considered attractive targets to develop antiviral agents (Zumla et al., 2016). The catalytic sites of the four enzymes of SARS-CoV2 share high similarities with SARS CoV and MERS in genomic sequences (Morse et al., 2020). Besides, the structures of the key drug-binding pockets are highly conserved among the three coronaviruses (Morse et al., 2020). Therefore, it follows naturally that existing anti-SARS-CoV and anti-MERS drugs targeting these enzymes can be repurposed for SARS-CoV-2. Based on previous studies in SARS-CoV and MERS-CoV, it is anticipated a number of therapeutics can be used to control or prevent emerging infectious disease COVID-19 (Li and de Clercq, 2020; Wang et al., 2020c; Ita, 2021), these include small-molecule drugs, peptides, and monoclonal antibodies. Given the urgency of the SARS-CoV-2 outbreak, here we discuss the discovery and development of new therapeutics for SARS-CoV-2 infection based on the strategies from which the new drugs are derived.",2021-05-13
"Pharmacological and non-pharmacological efforts at prevention, mitigation, and treatment for COVID-19.","A global outbreak of the SARS-CoV-2 virus has infected millions of people over a short period of time. The communicability and increased mortality from the SARS-CoV-2 infection mandated the WHO to declare COVID-19 a worldwide pandemic. The virus outbreak has spread when there are no approved vaccines, treatments, or prophylactic therapies available. Researchers from all over the world have prioritised development of vaccines and antivirals. Several vaccine projects have seen successes in preclinical, phase I, and phase II clinical trials using recombinant DNA, mRNA, live attenuated virus, S-protein subunits, virus like particles, and viral vectors. Initial findings from antivirals such as remdesivir, favipiravir, danoprevir or lopinavir with ritonavir are presented. Immunomodulatory molecules such as sarilumab, tocilizumab, janus kinase inhibitors, and hyperimmune convalescent plasma have mixed outcomes from initial clinical findings; however, pending randomised controlled trials will assist national health institutions to make treatment recommendations for COVID-19. Where compassionate use of remdesivir has shown some benefits, therapies such as hydroxychloroquine have proven harmful due to their toxicities. This review discusses pharmacological interventions at play and evidence-based successes and limitations of non-pharmacological therapies such as social distancing, personal protective equipment, and ventilator support associated with the prevention and treatment of COVID-19.",2020-07-16
The Current Understanding and Potential Therapeutic Options to Combat COVID-19,"Coronaviruses are a large group of viruses known to cause illnesses that vary between the common cold and severe acute respiratory syndrome (SARS) or Middle East respiratory syndrome (MERS). The novel coronavirus (SARS-CoV-2 or COVID19) was identified in December 2019 in Wuhan city, Hubei province of China, which represents a new strain that affects human populations. Till date the pathogen has infected more than 30 million people across the globe and killed close to one million. Currently, no specific medication and/or cure are available for this contagion. However, governments and pharmaceutical companies are working against time to quickly find an effective drug to defeat the virus. In the current review, we summarize the existing state of knowledge about COVID-19, available medications, and treatment options.",2021-01-12
COVID-19: The Immune Responses and Clinical Therapy Candidates.,"The pandemic of coronavirus disease 2019 (COVID-19), with rising numbers of patients worldwide, presents an urgent need for effective treatments. To date, there are no therapies or vaccines that are proven to be effective against severe acute respiratory syndrome coronavirus 2 (SARS-CoV-2). Several potential candidates or repurposed drugs are under investigation, including drugs that inhibit SARS-CoV-2 replication and block infection. The most promising therapy to date is remdesivir, which is US Food and Drug Administration (FDA) approved for emergency use in adults and children hospitalized with severe suspected or laboratory-confirmed COVID-19. Herein we summarize the general features of SARS-CoV-2's molecular and immune pathogenesis and discuss available pharmacological strategies, based on our present understanding of SARS-CoV and Middle East respiratory syndrome coronavirus (MERS-CoV) infections. Finally, we outline clinical trials currently in progress to investigate the efficacy of potential therapies for COVID-19.",2020-08-03
Remdesivir-Associated Significant Bradycardia: A Report of Three Cases.,"Recently, remdesivir was approved by the United States Food and Drug Administration for patients with Coronavirus disease 2019 (COVID-19). We herein describe 3 patients with COVID-19 who showed significant bradycardia and QTc prolongation after remdesivir administration. Bradycardia did not respond to atropine treatment in 2 of the patients, one of whom received theophylline and the other required a temporary pacemaker. Fortunately, the patients' heart rate and rhythm returned to normal after the discontinuation of remdesivir, albeit it lengthened their hospital stays. Careful monitoring during remdesivir infusion may decrease the risk of adverse cardiovascular side effects.",2021-04-01
Major ongoing clinical trials for COVID-19 treatment and studies currently being conducted or scheduled in Japan.,"The outbreak of coronavirus disease 2019 (COVID-19) caused by the severe acute respiratory syndrome coronavirus 2 (SARS-CoV-2) poses a serious threat to global public health and economies. Currently, hundreds of clinical trials on a wide variety of treatments against COVID-19 are being conducted around the world. Here, we conducted a search for ongoing clinical trials for the treatment of COVID-19 at the clinicaltrials.gov database on April 2, 2020. In total, 48 clinical trials were identified, and of these, 41 trials adopted drug intervention and the other 7 trials utilized biological intervention. The number of trials stratified by a chief country conducting the investigation were 18 in China, 5 in the United States, 4 in Canada, 3 in Italy, 2 in France and Brazil, and 4 trials are being performed multinationally. The drugs utilized in more than one trials were remdesivir (6 trials), lopinavir/ritonavir (6 trials), hydroxychloroquine (6 trials), interferon (5 trials), methylprednisolone (3 trials), nitric oxide gas (3 trials), oseltamivir (2 trials), arbidol (2 trials), and vitamin C (2 trials). We also described the Japanese trials which are now being conducted or scheduled, utilizing lopinavir/ritonavir, remdesivir, favipiravir, ciclesonide and nafamostat.",2020-04-01
The Impact of Pre-existing Comorbidities and Therapeutic Interventions on COVID-19.,"Evidence from the global outbreak of SARS-CoV-2 has clearly demonstrated that individuals with pre-existing comorbidities are at a much greater risk of dying from COVID-19. This is of great concern for individuals living with these conditions, and a major challenge for global healthcare systems and biomedical research. Not all comorbidities confer the same risk, however, many affect the function of the immune system, which in turn directly impacts the response to COVID-19. Furthermore, the myriad of drugs prescribed for these comorbidities can also influence the progression of COVID-19 and limit additional treatment options available for COVID-19. Here, we review immune dysfunction in response to SARS-CoV-2 infection and the impact of pre-existing comorbidities on the development of COVID-19. We explore how underlying disease etiologies and common therapies used to treat these conditions exacerbate COVID-19 progression. Moreover, we discuss the long-term challenges associated with the use of both novel and repurposed therapies for the treatment of COVID-19 in patients with pre-existing comorbidities.",2020-08-11
"Combating the Pandemic COVID-19: Clinical Trials, Therapies and Perspectives.","The coronavirus disease-19 (COVID-19) is caused due to the infection by a unique single stranded enveloped RNA virus, severe acute respiratory syndrome coronavirus-2 (SARS-CoV-2). The COVID-19 has claimed many lives around the globe, and a promising solution to end this pandemic is still awaited. Till date neither an exact antiviral drug nor a vaccine is available in the market for public use to cure or control this pandemic. Repurposed drugs and supportive measures are the only available treatment options. This systematic review focuses on different treatment strategies based on various clinical studies. The review discusses all the current treatment plans and probable future strategies obtained as a result of a systematic search in PubMed and Science Direct database. All the possible options for the treatment as well as prophylaxis of COVID-19 are discussed. Apart from this, the article provides details on the clinical trials related to COVID-19, which are registered under ClinicalTrials.gov. Potential of drugs based on the previous researches on SARS-CoV, MERS-CoV, Ebola, influenza, etc. which fall under the same category of coronavirus are also emphasized. Information on cell-based and immunology-based approaches is also provided. In addition, miscellaneous therapeutic approaches and adjunctive therapies are discussed. The drug repurposing options, as evidenced from various <i>in vitro</i> and <i>in silico</i> models, are also covered including the possible future solutions to this pandemic.",2020-11-17
Harnessing the immune system to overcome cytokine storm and reduce viral load in COVID-19: a review of the phases of illness and therapeutic agents.,"<h4>Background</h4>Coronavirus disease 2019 (COVID-19) is caused by Severe Acute Respiratory Syndrome Coronavirus 2 (SARS-CoV-2, previously named 2019-nCov), a novel coronavirus that emerged in China in December 2019 and was declared a global pandemic by World Health Organization by March 11th, 2020. Severe manifestations of COVID-19 are caused by a combination of direct tissue injury by viral replication and associated cytokine storm resulting in progressive organ damage.<h4>Discussion</h4>We reviewed published literature between January 1st, 2000 and June 30th, 2020, excluding articles focusing on pediatric or obstetric population, with a focus on virus-host interactions and immunological mechanisms responsible for virus associated cytokine release syndrome (CRS). COVID-19 illness encompasses three main phases. In phase 1, SARS-CoV-2 binds with angiotensin converting enzyme (ACE)2 receptor on alveolar macrophages and epithelial cells, triggering toll like receptor (TLR) mediated nuclear factor kappa-light-chain-enhancer of activated B cells (NF-ƙB) signaling. It effectively blunts an early (IFN) response allowing unchecked viral replication. Phase 2 is characterized by hypoxia and innate immunity mediated pneumocyte damage as well as capillary leak. Some patients further progress to phase 3 characterized by cytokine storm with worsening respiratory symptoms, persistent fever, and hemodynamic instability. Important cytokines involved in this phase are interleukin (IL)-6, IL-1β, and tumor necrosis factor (TNF)-α. This is typically followed by a recovery phase with production of antibodies against the virus. We summarize published data regarding virus-host interactions, key immunological mechanisms responsible for virus-associated CRS, and potential opportunities for therapeutic interventions.<h4>Conclusion</h4>Evidence regarding SARS-CoV-2 epidemiology and pathogenesis is rapidly evolving. A better understanding of the pathophysiology and immune system dysregulation associated with CRS and acute respiratory distress syndrome in severe COVID-19 is imperative to identify novel drug targets and other therapeutic interventions.",2020-10-15
COVID-19: Antiviral agents and enzyme inhibitors/receptor blockers in development.,"Novel 2019 coronavirus (severe acute respiratory syndrome coronavirus 2 [SARS-CoV-2]) and coronavirus disease 2019 (COVID-19), the respiratory syndrome it causes, have shaken the world to its core by infecting and claiming the lives of many people since originating in December 2019 in Wuhan, China. World Health Organization and several states have declared a pandemic situation and state of emergency, respectively. As there is no treatment for COVID-19, several research institutes and pharmaceutical companies are racing to find a cure. Advances in computational approaches have allowed the screening of massive antiviral compound libraries to identify those that may potentially work against SARS-CoV-2. Antiviral agents developed in the past to combat other viruses are being repurposed. At the same time, new vaccine candidates are being developed and tested in preclinical/clinical settings. This review provides a detailed overview of select repurposed drugs, their mechanism of action, associated toxicities, and major clinical trials involving these agents.",2021-03-23
Respiratory delivery of favipiravir-tocilizumab combination through mucoadhesive protein-lipidic nanovesicles: prospective therapeutics against COVID-19.,"Coronavirus disease 19 (COVID-19) is the prime global health concern of the year 2020. Infecting more than 112 million individuals so far, this pandemic has already reported more than 2.4 million deaths around the world. With such high infectivity and mortality, effective treatment intervention is the need of the hour. The integration of medical science with nanotechnology may solve the current problem by exploring collective benefits. In this manuscript, we theoretically proposed the duo-combination of an approved antiviral i.e. favipiravir along with an immunomodulator i.e. tocilizumab loaded in protein-lipid nanovesicles as an effective anti-COVID-19 therapeutic. This proposed nanomedicine delivered through the respiratory mode may enhance the effectiveness of the antiviral and help in restricting the virus and associated complications, utilizing both anti-viral activity and immunomodulation in COVID-19 patients. This proposed nanomedicine could be an effective treatment modality for the severe acute respiratory syndrome- coronavirus-2 (SARS-CoV-2) infected patients.",2021-03-17
Successful Management of COVID-19 Infection in 2 Early Post-Liver Transplant Recipients.,"<h4>Background</h4>Coronavirus disease 2019 (COVID-19) has affected all facets of life and continues to cripple nations. COVID-19 has taken the lives of more than 2.1 million people worldwide, with a global mortality rate of 2.2%. Current COVID-19 treatment options include supportive respiratory care, parenteral corticosteroids, and remdesivir. Although COVID-19 is associated with increased risk of morbidity and mortality in patients with comorbidities, the vulnerability, clinical course, optimal management, and prognosis of COVID-19 infection in patients with organ transplants has not been well described in the literature. The treatment of COVID-19 differs based on the organ(s) transplanted. Preliminary data suggested that liver transplant patients with COVID-19 did not have higher mortality rates than untransplanted COVID-19 patients. Table 1 depicts a compiled list of current published data on COVID-19 liver transplant patients. Most of these studies included both recent and old liver transplant patients. No distinction was made for early liver transplant patients who contract COVID-19 within their posttransplant hospitalization course. This potential differentiation needs to be further explored. Here, we report 2 patients who underwent liver transplantation who acquired COVID-19 during their posttransplant recovery period in the hospital.<h4>Case descriptions</h4>Two patients who underwent liver transplant and contracted COVID-19 in the early posttransplant period and were treated with hydroxychloroquine, methylprednisolone, tocilizumab, and convalescent plasma. This article includes a description of their hospital course, including treatment and recovery.<h4>Conclusion</h4>The management of post-liver transplant patients with COVID-19 infection is complicated. Strict exposure precaution practice after organ transplantation is highly recommended. Widespread vaccination will help with prevention, but there will continue to be patients who contract COVID-19. Therefore, continued research into appropriate treatments is still relevant and critical. A temporary dose reduction of immunosuppression and continued administration of low-dose methylprednisolone, remdesivir, monoclonal antibodies, and convalescent plasma might be helpful in the management and recovery of severe COVID-19 pneumonia in post-liver transplant patients. Future studies and experiences from posttransplant patients are warranted to better delineate the clinical features and optimal management of COVID-19 infection in liver transplant recipients.",2021-03-19
Therapeutic Options for COVID-19: A Review.,"An acute respiratory disease caused by a novel coronavirus [severe acute respiratory syndrome coronavirus 2 (SARS-CoV-2), previously known as 2019-nCoV], the coronavirus disease 2019 (COVID-19) was first detected in Wuhan, China. Since then, the virus has spread rapidly worldwide leading to a global public health crisis. Due to its devastating effect on public health, it is crucial to identify a viable therapeutic option to mitigate the damage the disease causes. In spite of various governments implementing aggressive global lock-down and quarantine protocols, the number of cases continues to follow an upward trend. At present, the therapeutic strategies are supportive or preventative, focusing on reducing transmission. Given the gravity of the situation, we aim to explore the drugs that have been tried so far and their efficacy when applied in clinical trials. Since newer interventions would take months to years to develop, by looking at the pool of existing therapeutic options, including remdesivir (RDV), plasma exchange or cytapheresis, hydroxychloroquine, baricitinib, and lopinavir (LPV), we have tried to detail the principles behind their use to treat COVID-19, current application, and adverse effects. Many coronaviruses have a highly mutable single-stranded RNA genome and hence discovering new drugs against the virus is going to be challenging owing to the possible viral genetic recombination. Extensive research is still needed to safely advocate the efficacy of the currently available therapeutic options.",2020-09-16
Critical Review of the Scientific Evidence and Recommendations in COVID-19 Management Guidelines.,"<h4>Background</h4>Little is known about the quality and potential impacts of the guidelines for coronavirus disease 2019 (COVID-19) management.<h4>Methods</h4>We systematically searched PubMed, Web of Science, Cochrane Library, guideline databases, and specialty society websites to evaluate the quality of the retrieved guidelines using the Appraisal of Guidelines for Research and Evaluation II.<h4>Results</h4>A total of 66 guidelines were identified. Only 24% were categorized as ""recommended"" for clinical practice. The 211 identified recommendations for COVID-19 management were classified into 4 topics: respiratory support (27), acute respiratory distress syndrome management (31), antiviral or immunomodulatory therapy (95), or other medicines (58). Only 63% and 56% of recommendations were supported by, respectively, assessment of the strength of the recommendations or level of evidence. There were notable discrepancies between the different guidelines regarding the recommendations on COVID-19 management.<h4>Conclusions</h4>The quality of the guidelines for COVID-19 management is heterogeneous, and the recommendations are rarely supported by evidence.",2021-07-14
"Medication Use Among Patients With COVID-19 in a Large, National Dataset: Cerner Real-World Data™.","<h4>Purpose</h4>The outbreak of coronavirus disease 2019 (COVID-19) required clinicians to use knowledge of therapeutic mechanisms of established drugs to piece together treatment regimens. The purpose of this study is to examine the trends in medication use among patients with COVID-19 across the United States using a national dataset.<h4>Methods</h4>We conducted a cross-sectional study of the COVID-19 cohort in the Cerner Real-World Data warehouse, which includes deidentified patient information for encounters associated with COVID-19 from December 1, 2019, through June 30, 2020. The primary variables of interest were medications given to patients during their inpatient COVID-19 treatment. We also identified demographic characteristics, calculated the proportion of patients with each medication, and stratified data by demographic variables.<h4>Findings</h4>Our sample included 51,169 inpatients from every region of the United States. Males and females were equally represented, and most patients were white and non-Hispanic. The largest proportion of patients were older than 45 years. Corticosteroids were used the most among all patients (56.5%), followed by hydroxychloroquine (17.4%), tocilizumab (3.1%), and lopinavir/ritonavir (1.1%). We found substantial variation in medication use by region, race, ethnicity, sex, age, and insurance status.<h4>Implications</h4>Variations in medication use are likely attributable to multiple factors, including the timing of the pandemic by region in the United States and processes by which medications are introduced and disseminated. This study is the first of its kind to assess trends in medication use in a national dataset and is the first large, descriptive study of pharmacotherapy in hospitalized patients with COVID-19. It provides an important glimpse into prescribing patterns during a pandemic.",2021-04-15
What are the drugs having potential against COVID-19?,"A disease emerged in the city of Wuhan, Hubei Province, Central China in the last month of 2019. It was pneumonia caused by a newly emerged coronavirus called COVID-19, later. Coronaviruses are enveloped RNA viruses belong to the Betacoronavirus family and infected birds, humans, and other mammals. In March 2020, the World Health Organization declared the COVID-19 outbreak could be characterized as a global pandemic because the disease spread, and a large number of people were infected and died in many countries on different continents by virtue of this new virus. Now, intensive work is underway about the pathogenic mechanisms and epidemiological properties of COVID-19, and a great effort is made to develop effective specific therapeutic drugs, vaccines, and/or treatment strategies against these diseases. Herein, we have focused on all treatment options available against COVID-19 pneumonia in this text.",2020-09-10
Remdesivir in Coronavirus Disease 2019 (COVID-19) treatment: a review of evidence.,"COVID-19 is an infectious disease caused by a novel β-coronavirus, belonging to the same subgenus as the Severe Acute Respiratory Syndrome (SARS) virus. Remdesivir, an investigational broad-spectrum antiviral agent has previously demonstrated in vitro activity against Severe Acute Respiratory Syndrome Coronavirus 2 (SARS-CoV-2), and in vivo efficacy against other related coronaviruses in animal models. Its safety profile has been tested in a compassionate use setting for patients with COVID-19. The current therapeutic studies demonstrate clinical effectiveness of remdesivir in COVID-19 patients by shortening time to clinical recovery, and hospital stay. In this review, we critically analyze the current evidence of remdesivir against COVID-19 and dissect the aspects over its safety and efficacy. Based on existing data, remdesivir can be regarded as a potential therapeutic agent against COVID-19. Further large-scale, randomized placebo-controlled clinical trials are, however, awaited to validate these findings.",2021-01-02
Pharmacological Treatment for the Management of COVID 19: A Narrative Review.,"Severe acute respiratory syndrome coronavirus 2 (SARS-CoV-2) infections is alarming worldwide incurring tremendous loss of life and possession. Individuals are facing a terrible pandemic condition in the absence of appropriate medicines and vaccines to combat SARS-CoV-2 infection. This review aimed to provide details on potential treatment steps that can be taken in the current pandemic-fighting situation in Nepal. A massive review was performed including 60 articles from the relevant field. Preliminary results on the efficacy of some existing anti-viral agents were found, however, promising data on effective treatment regimen for COVID 19 are yet to be obtained. This review examines various drugs and their mechanism of actions which are currently used in clinical trials or may be used to treat COVID-19 in the near future.",2021-07-01
Pharmacogenomics of COVID-19 therapies.,"A new global pandemic of coronavirus disease 2019 (COVID-19) has resulted in high mortality and morbidity. Currently numerous drugs are under expedited investigations without well-established safety or efficacy data. Pharmacogenomics may allow individualization of these drugs thereby improving efficacy and safety. In this review, we summarized the pharmacogenomic literature available for COVID-19 drug therapies including hydroxychloroquine, chloroquine, azithromycin, remdesivir, favipiravir, ribavirin, lopinavir/ritonavir, darunavir/cobicistat, interferon beta-1b, tocilizumab, ruxolitinib, baricitinib, and corticosteroids. We searched PubMed, reviewed the Pharmacogenomics Knowledgebase (PharmGKB<sup>®</sup>) website, Clinical Pharmacogenetics Implementation Consortium (CPIC) guidelines, the U.S. Food and Drug Administration (FDA) pharmacogenomics information in the product labeling, and the FDA pharmacogenomics association table. We found several drug-gene variant pairs that may alter the pharmacokinetics of hydroxychloroquine/chloroquine (CYP2C8, CYP2D6, SLCO1A2, and SLCO1B1); azithromycin (ABCB1); ribavirin (SLC29A1, SLC28A2, and SLC28A3); and lopinavir/ritonavir (SLCO1B1, ABCC2, CYP3A). We also identified other variants, that are associated with adverse effects, most notable in hydroxychloroquine/chloroquine (G6PD; hemolysis), ribavirin (ITPA; hemolysis), and interferon β -1b (IRF6; liver toxicity). We also describe the complexity of the risk for QT prolongation in this setting because of additive effects of combining more than one QT-prolonging drug (i.e., hydroxychloroquine/chloroquine and azithromycin), increased concentrations of the drugs due to genetic variants, along with the risk of also combining therapy with potent inhibitors. In conclusion, although direct evidence in COVID-19 patients is lacking, we identified potential actionable genetic markers in COVID-19 therapies. Clinical studies in COVID-19 patients are deemed warranted to assess potential roles of these markers.",2020-08-18
Harnessing immunotherapy to combat COVID-19: A modern snake oil or silver bullet?,"Coronavirus disease 2019 (COVID-19), an infectious disease caused by severe acute respiratory syndrome coronavirus (SARS-CoV-2), has emerged into a global health and economic menace. Amidst the COVID-19 turmoil, recent failures/uncertain outcomes in clinical trials involving the anti-malarial (hydroxychloroquine), anti-viral (remdesivir) or the combination of anti-malarial/antibiotic (hydroxychloroquine/azithromycin) regimens have predisposed the physicians to distrust these ""highly-touted"" drugs for COVID-19. In this milieu, immunotherapy might be a credible modality to target or modify specific/non-specific immune responses that interfere with the survival of intracellular pathogens. This scientific review throws light on the epidemiology of COVID-19, its pathogenesis and the current clinical scenario of immunotherapeutics including convalescent plasma (CP), type-1 interferons (IFN-I) and human monoclonal antibodies (mAbs) to combat COVID-19. The treatment outcomes underscore that immunotherapy might be a reliable tool to assuage COVID-19-associated immunopathology. However, specific patient pool studies are warranted to ascertain the precise (re)purposing of immunotherapeutics for COVID-19.",2020-11-01
"Fighting COVID-19: A quick review of diagnoses, therapies, and vaccines.","The coronavirus disease 2019 (COVID-19) pandemic caused by a novel coronavirus, SARS-CoV-2, has infected more than 22 million individuals and resulted in over 780,000 deaths globally. The rapid spread of the virus and the precipitously increasing numbers of cases necessitate the urgent development of accurate diagnostic methods, effective treatments, and vaccines. Here, we review the progress of developing diagnostic methods, therapies, and vaccines for SARS-CoV-2 with a focus on current clinical trials and their challenges. For diagnosis, nucleic acid amplification tests remain the mainstay diagnostics for laboratory confirmation of SARS-CoV-2 infection, while serological antibody tests are used to aid contact tracing, epidemiological, and vaccine evaluation studies. Viral isolation is not recommended for routine diagnostic procedures due to safety concerns. Currently, no single effective drug or specific vaccine is available against SARS-CoV-2. Some candidate drugs targeting different levels and stages of human responses against COVID-19 such as cell membrane fusion, RNA-dependent RNA polymerase, viral protease inhibitor, interleukin 6 blocker, and convalescent plasma may improve the clinical outcomes of critical COVID-19 patients. Other supportive care measures for critical patients are still necessary. Advances in genetic sequencing and other technological developments have sped up the establishment of a variety of vaccine platforms. Accordingly, numerous vaccines are under development. Vaccine candidates against SARS-CoV-2 are mainly based upon the viral spike protein due to its vital role in viral infectivity, and most of these candidates have recently moved into clinical trials. Before the efficacy of such vaccines in humans is demonstrated, strong international coordination and collaboration among studies, pharmaceutical companies, regulators, and governments are needed to limit further damage due the emerging SARS-CoV-2 virus.",2020-05-30
RETRACTED ARTICLE: Discovery of (<i>E</i>)-<i>N</i>-(4-cyanobenzylidene)-6-fluoro-3-hydroxypyrazine-2-carboxamide (cyanorona-20): the first potent and specific anti-COVID-19 drug.,"<h4>Abstract</h4>Specific inhibition of the viral RNA-dependent RNA polymerase (RdRp) of the newly-emerged severe acute respiratory syndrome coronavirus 2 (SARS-CoV-2) is a very promising strategy for developing highly potent medicines for coronavirus disease 2019 (COVID-19). However, almost all of the reported viral RdRp inhibitors (either repurposed drugs or new antiviral agents) lack selectivity against the SARS-CoV-2 RdRp. Herein, I discovered a new favipiravir derivative, (<i>E</i>)-<i>N</i>-(4-cyanobenzylidene)-6-fluoro-3-hydroxypyrazine-2-carboxamide (cyanorona-20), as the first potent SARS-CoV-2 inhibitor with very high selectivity (209- and 45-fold more potent than favipiravir and remdesivir, respectively). Based on the significant reduction in the in vitro SARS-CoV-2 replication/copies, strong computational cyanorona-20 ligand-RdRp protein interactions, and anti-RdRp activity of the parent favipiravir drug, SARS-CoV-2 inhibition is thought to be mediated through the coronaviral-2 RdRp inhibition. This promising selective anti-COVID-19 compound is also, to the best of our knowledge, the first bioactive derivative of favipiravir, the known antiinfluenza and antiviral drug. This new nucleoside analog was designed, synthesized, characterized, computationally studied (through pharmacokinetic calculations along with computational molecular modeling and prediction), and biologically evaluated for its anti-COVID-19 activities (through a validated in vitro anti-COVID-19 assay). The results of the biological assay showed that cyanorona-20 surprisingly exhibited very significant anti-COVID-19 activity (anti-SARS-CoV-2 EC<sub>50</sub> = 0.45 μM), and, in addition, it could be also a very promising lead compound for the design of new anti-COVID-19 agents. Cyanorona-20 is a new favipiravir derivative with promise for the treatment of SARS-CoV-2 infection.<h4>Graphic abstract</h4><h4>Supplementary information</h4>The online version contains supplementary material available at 10.1007/s11696-021-01640-9.",2021-05-16
Potential Anti-SARS-CoV-2 Therapeutics That Target the Post-Entry Stages of the Viral Life Cycle: A Comprehensive Review.,"The coronavirus disease-2019 (COVID-19) pandemic continues to challenge health care systems around the world. Scientists and pharmaceutical companies have promptly responded by advancing potential therapeutics into clinical trials at an exponential rate. Initial encouraging results have been realized using remdesivir and dexamethasone. Yet, the research continues so as to identify better clinically relevant therapeutics that act either as prophylactics to prevent the infection or as treatments to limit the severity of COVID-19 and substantially decrease the mortality rate. Previously, we reviewed the potential therapeutics in clinical trials that block the early stage of the viral life cycle. In this review, we summarize potential anti-COVID-19 therapeutics that block/inhibit the post-entry stages of the viral life cycle. The review presents not only the chemical structures and mechanisms of the potential therapeutics under clinical investigation, i.e., listed in clinicaltrials.gov, but it also describes the relevant results of clinical trials. Their anti-inflammatory/immune-modulatory effects are also described. The reviewed therapeutics include small molecules, polypeptides, and monoclonal antibodies. At the molecular level, the therapeutics target viral proteins or processes that facilitate the post-entry stages of the viral infection. Frequent targets are the viral RNA-dependent RNA polymerase (RdRp) and the viral proteases such as papain-like protease (PL<sup>pro</sup>) and main protease (M<sup>pro</sup>). Overall, we aim at presenting up-to-date details of anti-COVID-19 therapeutics so as to catalyze their potential effective use in fighting the pandemic.",2020-09-26
Comparing the efficacy of anti□infectious drugs for the treatment of mild to severe COVID-19 patients: a protocol for a systematic review and network meta-analysis of randomized clinical trials,"<h4>ABSTRACT</h4> <h4>Background</h4> COVID-19 is a viral infection spreading at a great speed and has quickly caused an extensive burden to individuals, families, countries, and the world. No intervention has yet been proven highly effective for the treatment of COVID-19. Different drugs were being evaluated and reported through randomized clinical trials, and more are currently under trial. This review aimed to compare the efficacy of anti-infectious drugs with a comparator of the standard of care or placebo in patients with COVID-19. <h4>Methods and analysis</h4> Two independent review authors will extract data and assess a risk of bias using RoB2. Randomized controlled trials (RCT) that evaluate single and/or combined antiviral drugs recommended by WHO latest guideline for the treatment of COVID-19 will be included. We will search for Pub Med, the Cochrane Center for Clinical Trial database (CENTRAL), clinicaltrials.gov, etc. databases for articles published in the English language between December 2019 to April 2021. We will follow the Preferred Reporting Items for Systematic Review and Meta-Analysis Protocols (PRISMA-P) involving Network Meta-analysis guidelines for the design and reporting of the results. The primary endpoints will be time to clinical recovery and time to RNA negativity. The certainty of evidence will be evaluated using the GRADE extension of NMA. Data analysis will be performed using the frequentist NMA approach with netmeta package implemented in R. <h4>Ethics and dissemination</h4> There are no ethical considerations associated with this study as we will use publicly available data from previously published studies. We plan to publish results in open access peer-reviewed journals. <h4>PROSPERO registration number</h4> ID=CRD42021230919. <h4>Strengths and limitations of this study</h4> This will be the first systematic review and network meta-analysis to assess the efficacy specific to anti-infectious drugs category for for mild to severe patients of COVID-19. Its compliance with the Preferred Reporting Items for Systematic Review and Meta-Analysis for Protocols (PRISMA-P) involving network meta-analysis(NMA) will ensure the quality of reporting. Doing both pairwise meta-analysis and network meta-analysis (NMA) can comprehensively analyse direct and indirect comparison results of different anti-infectious drugs for COVID 19 will give more reliable conclusions aswell as the rank of those drugs. There is risk of heterogeneity and inconsistency, given the different anti-infectious drugs that will be included; however, we try to control intransitivity by carefully identifying the eligibility criteria depending on PICOS strategy and assess inconsistency using local as well as global approaches. The limitation of this study is it will not explore the economic benefits of these drugs.",2021-03-20
Current targeted therapeutics against COVID-19: Based on first-line experience in China.,"SARS-CoV-2 is a novel strain, causing a global pandemic since the end of 2019. The majority of patients showed nonspecific symptoms such as fever, dry cough, and fatigue. Most patients have a good prognosis while some with severe conditions could rapidly progress to acute respiratory distress syndrome, septic shock, metabolic acidosis, coagulation dysfunction, and even die. The exacerbation of the patient's condition may be due to a cytokine storm in the body. Effective targeted therapies including antiviral and immunization are urgently needed. Although many clinical trials are already underway and the majority of patients have received antiviral therapy based on medication experience with severe acute respiratory syndrome (SARS) and Middle East respiratory syndrome (MERS), and preliminary results from some clinical trials, there are no antiviral drugs proven to be effective currently. We summarize the current therapeutic medicines used in the clinic, hope to be able to provide some implications for clinical medication.",2020-04-30
"COVID-19: Unmasking Emerging SARS-CoV-2 Variants, Vaccines and Therapeutic Strategies.","Severe acute respiratory syndrome coronavirus 2 (SARS-CoV-2) is the etiological agent of the coronavirus disease 2019 (COVID-19) pandemic, which has been a topic of major concern for global human health. The challenge to restrain the COVID-19 pandemic is further compounded by the emergence of several SARS-CoV-2 variants viz. B.1.1.7 (Alpha), B.1.351 (Beta), P1 (Gamma) and B.1.617.2 (Delta), which show increased transmissibility and resistance towards vaccines and therapies. Importantly, there is convincing evidence of increased susceptibility to SARS-CoV-2 infection among individuals with dysregulated immune response and comorbidities. Herein, we provide a comprehensive perspective regarding vulnerability of SARS-CoV-2 infection in patients with underlying medical comorbidities. We discuss ongoing vaccine (mRNA, protein-based, viral vector-based, etc.) and therapeutic (monoclonal antibodies, small molecules, plasma therapy, etc.) modalities designed to curb the COVID-19 pandemic. We also discuss in detail, the challenges posed by different SARS-CoV-2 variants of concern (VOC) identified across the globe and their effects on therapeutic and prophylactic interventions.",2021-07-06
Potential drug development and therapeutic approaches for clinical intervention in COVID-19.,"While the vaccination is now available to many countries and will slowly dissipate to others, effective therapeutics for COVID-19 is still illusive. The SARS-CoV-2 pandemic has posed an unprecedented challenge to researchers, scientists, and clinicians and affected the wellbeing of millions of people worldwide. Since the beginning of the pandemic, a multitude of existing anti-viral, antibiotic, antimalarial, and anticancer drugs have been tested, and some have shown potency in the treatment and management of COVID-19, albeit others failed to leave any positive impact and a few also became controversial as they showed mixed clinical outcomes. In the present article, we have brought together some of the candidate therapeutic drugs being repurposed or used in the clinical trials and discussed their clinical efficacy and safety for COVID-19.",2021-05-25
A Double-Edged Sword-Cardiovascular Concerns of Potential Anti-COVID-19 Drugs.,"Coronavirus disease 2019 (COVID-19) is a pandemic infection caused by Severe Acute Respiratory Syndrome Coronavirus 2 (SARS-CoV-2). COVID-19 significantly affects multiple systems including the cardiovascular system. Most importantly, in addition to the direct injury from the virus per se, the subsequent cytokine storm, an overproduction of immune cells and their activating compounds, causes devastating damage. To date, emerging anti-SARS-CoV-2 treatments are warranted to control epidemics. Several candidate drugs have been screened and are currently under investigation. These primarily include antiviral regimens and immunomodulatory regimens. However, beyond the anti-SARS-CoV-2 effects, these drugs may also have risks to the cardiovascular system, especially altering cardiac conduction. Herein, we review the cardiovascular risks of potential anti-COVID-19 drugs.",2020-06-17
COVID-19 associated complications and potential therapeutic targets.,"The global pandemic COVID-19, caused by novel coronavirus SARS-CoV-2, has emerged as severe public health issue crippling world health care systems. Substantial knowledge has been generated about the pathophysiology of the disease and possible treatment modalities in a relatively short span of time. As of August 19, 2020, there is no approved drug for the treatment of COVID-19. More than 600 clinical trials for potential therapeutics are underway and the results are expected soon. Based on early experience, different treatment such as anti-viral drugs (remdesivir, favipiravir, lopinavir/ritonavir), corticosteroids (methylprednisolone, dexamethasone) or convalescent plasma therapy are recommended in addition to supportive care and symptomatic therapy. There are several treatments currently being investigated to address the pathological conditions associated with COVID-19. This review provides currently available information and insight into pathophysiology of the disease, potential targets, and relevant clinical trials for COVID-19.",2020-09-12
Pharmacotherapy in COVID-19; A narrative review for emergency providers.,"<h4>Introduction</h4>The COVID-19 pandemic has been particularly challenging due to a lack of established therapies and treatment guidelines. With the rapid transmission of disease, even the off-label use of available therapies has been impeded by limited availability. Several antivirals, antimalarials, and biologics are being considered for treatment at this time. The purpose of this literature review is to synthesize the available information regarding treatment options for COVID-19 and serve as a resource for health care professionals.<h4>Objectives</h4>This narrative review was conducted to summarize the effectiveness of current therapy options for COVID-19 and address the controversial use of non-steroidal anti-inflammatory drugs (NSAIDs), angiotensin converting enzyme (ACE) inhibitors, and angiotensin receptor blockers (ARBs). PubMed and SCOPUS were queried using a combination of the keywords ""COVID 19,"" ""SARS-CoV-2,"" and ""treatment."" All types of studies were evaluated including systematic reviews, case-studies, and clinical guidelines.<h4>Discussion</h4>There are currently no therapeutic drugs available that are directly active against SARS-CoV-2; however, several antivirals (remdesivir, favipiravir) and antimalarials (chloroquine, hydroxychloroquine) have emerged as potential therapies. Current guidelines recommend combination treatment with hydroxychloroquine/azithromycin or chloroquine, if hydroxychloroquine is unavailable, in patients with moderate disease, although these recommendations are based on limited evidence. Remdesivir and convalescent plasma may be considered in critical patients with respiratory failure; however, access to these therapies may be limited. Interleukin-6 (IL-6) antagonists may be used in patients who develop evidence of cytokine release syndrome (CRS). Corticosteroids should be avoided unless there is evidence of refractory septic shock, acute respiratory distress syndrome (ARDS), or another compelling indication for their use. ACE inhibitors and ARBs should not be discontinued at this time and ibuprofen may be used for fever.<h4>Conclusion</h4>There are several ongoing clinical trials that are testing the efficacy of single and combination treatments with the drugs mentioned in this review and new agents are under development. Until the results of these trials become available, we must use the best available evidence for the prevention and treatment of COVID-19. Additionally, we can learn from the experiences of healthcare providers around the world to combat this pandemic.",2020-04-15
Drug Repurposing for Prevention and Treatment of COVID-19: A Clinical Landscape.,"SARS-CoV-2, the novel coronavirus strain responsible for the current pandemic of COVID-19, has rendered the entire humanity suffering. Several months have passed since the pandemic has struck. However, the world is still looking for an effective treatment plan to battle the viral infection. The first vaccine just received emergency approval in December 2020 for use in USA and UK. These are excellent news, however, the worldwide distribution of such vaccine, the possibility of virus mutation and the lack of data regarding the long-term effects of such vaccines are a significant concern. In addition, although remdesivir was recently approved by the FDA to be used as a clinical drug against COVID-19, it hasn't stood out yet as a proven form of therapeutics. Such inability to produce a novel therapy has caused enough inconveniences for the affected people worldwide. Repurposing the already available drugs to fight against the virus seems to be a reasonable option amidst such uncertainty. Given the vast collection of potential treatment candidates to be explored against COVID-19, there is a decent chance that a success in this regard will serve the intermediary purpose of clinically treating the infection until a COVID-19 vaccine is widely distributed worldwide and will be able to treat COVID-19 patients that do not adequately respond to vaccines. Such treatments may prove very useful in future coronavirus outbreaks too. Proper research into these repurposing treatments may yield a certain insight into the field of novel treatment production as well. This review study accumulates a relevant set of information about drugs and vaccines against COVID-19, in terms of their repurposing properties and the specific phases of clinical trials they are undergoing across the world.  A potential timeline is also suggested to estimate when an effective result can be expected from the ongoing clinical trials for a better anticipation of the drug landscape. This study will hopefully help accelerate investment of resources into development and discovery of drugs and vaccines against the infection.",2020-12-16
Cyanorona-20: The first potent anti-SARS-CoV-2 agent.,"Explicit hindrance and blockade of the viral RNA-dependent RNA polymerase (RdRp) of SARS-CoV-2 is considered one of the most promising and efficient approaches for developing highly potent remedies for COVID-19. However, almost all of the reported viral RdRp inhibitors (either repurposed or new antiviral drugs) lack specific selectivity against the novel coronaviral RdRp and still at a beginning phase of advancement. Herein, I discovered and introduce a new pyrazine derivative, (E)-N-(4-cyanobenzylidene)-6-fluoro-3-hydroxypyrazine-2-carboxamide (cyanorona-20), as the first potent SARS-CoV-2 RdRp inhibitor with very high selectivity (209- and 45-fold more potent than favipiravir and remdesivir, respectively). This promising selective specific anti-COVID-19 compound is also deemed to be the first distinctive derivative of favipiravir. Cyanorona-20, the unprecedented nucleoside/nucleotide analog, was designed, synthesized, characterized, computationally studied, and biologically evaluated for its anti-COVID-19 actions (through a precise in vitro anti-COVID-19 assay). The results of the biological assay displayed that cyanorona-20 surprisingly exhibited very high and largely significant anti-COVID-19 activities (anti-SARS-CoV-2 EC<sub>50</sub> = 0.45 μM), and, in addition, it could be also a very promising guide and lead compound for the design and synthesis of new anti-SARS-CoV-2 and anti-COVID-19 agents through structural modifications and further computational studies. Further appraisal for the improvement of cyanorona-20 medication is a prerequisite requirement in the coming days. In a word, the ascent of the second member (cyanorona-20 ""Corona Antidote"") of the novel and promising class of anti-COVID-19 pyrazine derivatives would drastically make a medical uprising in the pharmacotherapeutic treatment regimens and protocols of the recently-emerged SARS-CoV-2 infection and its accompanying COVID-19.",2021-05-29
Evaluating the Efficacy and Safety of the Existing Repurposed Pharmacological Agents for Treating COVID-19: A Meta-analysis and Systematic Review of Clinical Trials.,"<h4>Purpose</h4>The present study systematically searched important medical databases, assessed the quality of available pieces of evidence, and performed a meta-analysis to test the efficacy of different therapeutic options currently available for treating COVID-19.<h4>Materials and methods</h4>PubMed, CNKI, LILACS, Koreamed, WHO clinical trial registry, and medRxiv were searched since December 2019. Any observational or controlled study that tested the efficacy of any pharmacological intervention in COVID-19 patients either prospectively or retrospectively was included in the qualitative analysis. We assessed outcomes as dichotomous variables, i.e., a patient having a positive clinical outcome. Relative risks/risk ratios (RR) having a 95% confidence interval (CI) were derived. Studies conforming to inclusion criteria were pooled using the random-effect model.<h4>Results</h4>Nine trials on hydroxychloroquine (HCQ), six studies on antiviral, four studies on monoclonal antibodies, two on corticosteroids, two on convalescent plasma (CP), and one on interferon-α2b were included in the systematic review. Meta-analysis containing six scientific trials and analyzing 522 patients revealed that the relative risk of positive clinical outcomes with HCQ treatment was 1.042 (95% CI, 0.884 to 1.874) with a number needed to treat (NNT) of 12.6. A meta-analysis of two studies analyzing 285 patients showed that the relative risk of clinical resolution with lopinavir and ritonavir combination was 1.152 (95% CI 0.709 to 1.87). Out of various antiviral used, the only remdesivir showed a positive result in a case series. Monoclonal antibodies showed decreased C-reactive protein, decreased oxygen, and ventilator requirements. A corticosteroid may increase mortality with increased dose. Two small case series on CP showed some promising results.<h4>Conclusion</h4>The study showed slightly favorable results with HCQ, monoclonal antibodies, remdesivir, and CP in treating COVID-19 patients. Further research is warranted in establishing the efficacy of studied interventions.<h4>Prospero identifier</h4>CRD42020180979.<h4>How to cite this article</h4>Choupoo NS, Das SK, Haldar R, Sarkar H, Tewari R, Ray S. Evaluating the Efficacy and Safety of the Existing Repurposed Pharmacological Agents for Treating COVID-19: A Meta-analysis and Systematic Review of Clinical Trials. Indian J Crit Care Med 2020;24(11):1106-1113.",2020-11-01
Pharmacotherapy of COVID-19: Considerations for Pregnancy and Breastfeeding,"The coronavirus disease 2019 (COVID-19), caused by the severe acute respiratory syndrome coronavirus 2 (SARS-CoV-2) has become the chief concern of the international community in almost no time. As of May 9th, 2021, more than 150 million cases and 3.2 million deaths have been recorded. Considering the early struggle in treating COVID-19 patients, the researchers and clinicians have decided to try the previously available drugs according to their mechanisms of action. Hence, many antivirals, antibiotics, antiparasitics, and antipyretics have been proposed. Pregnant women, fetuses, and infants are known high-risk populations that are threatened during disease outbreaks. Therefore, this article reviews the safety of potential drugs for COVID-19 patients during pregnancy and breastfeeding.",2021-05-13
The Current Understanding and Potential Therapeutic Options to Combat COVID-19,"Coronaviruses are a large group of viruses known to cause illnesses that vary between the common cold and severe acute respiratory syndrome (SARS) or Middle East respiratory syndrome (MERS). The novel coronavirus (SARS-CoV-2 or COVID19) was identified in December 2019 in Wuhan city, Hubei province of China, which represents a new strain that affects human populations. Till date the pathogen has infected more than 30 million people across the globe and killed close to one million. Currently, no specific medication and/or cure are available for this contagion. However, governments and pharmaceutical companies are working against time to quickly find an effective drug to defeat the coronavirus. In the current review, we summarize the existing state of knowledge about COVID-19, available medications, and treatment options.",2021-01-06
A Case Series of Severe Hospitalized COVID-19 Patients Treated with Tocilizumab and Glucocorticoids: A Report from Saudi Arabian Hospital.,"<h4>Background</h4>The clinical spectrum of COVID-19 is variable and ranges from asymptomatic, mildly symptomatic, moderately severe and severe disease. A small proportion might develop severe disease and may have cytokine storm. One of the therapeutic options to treat such cases is Tocilizumab (TCZ). In this study, we present cases of severe COVID-19 treated with TCZ and glucocorticoids and discuss the treatment responses.<h4>Methods</h4>This is a retrospective observational study of severe COVID-19 cases treated with TCZ and glucocorticoids. The case series examined the characteristics and outcome of those patients.<h4>Results</h4>This study included 40 Severe Respiratory Syndrome Coronavirus 2 (SARS-CoV-2) confirmed patients who received TCZ and glucocorticoids. The mean age of the included patients was 57.55 (±Standard deviation 12.86) years. There were 34 (85%) males, 19 (47.5%) were obese (BMI >30), 13 (32.5%) over weight, and five (12.5%) normal weight. The mean days from positive SARS-CoV-2 polymerase chain reaction (PCR) test to admission was 1.641 (±3.2) days. Of the patients, 18 (45%) had diabetes mellitus, 14 (35%) had hypertension. The mean days from hospital admission to ICU was 1.8 (±2.6), 20 (50%) required mechanical ventilation, 39 (97.5%) had received prone position, seven (17.5%) had renal replacement therapy, 13 (32.5%) required inotropes, four (10%) had plasmapheresis, one (2.5%) had intravenous immunoglobulin, all patients received steroid therapy, and the majority 31 (77.5%) did not receive any anti-viral therapy. Of all the patients, six (15%) died, 28 (70%) were discharged and six (15%) were still in hospital.<h4>Conclusion</h4>The overall mortality rate was lower than those cited in meta-analysis. As our understanding of the COVID-19 continues, the approach and therapeutics are also evolving.",2021-01-22
COVID-19 Antiviral and Treatment Candidates: Current Status.,"The coronavirus disease 2019 (COVID-19) pandemic caused by the severe acute respiratory syndrome coronavirus 2 has severely impacted global health and economy. There is currently no effective approved treatment for COVID-19; although vaccines have been granted emergency use authorization in several countries, they are currently only administered to high-risk individuals, thereby leaving a gap in virus control measures. The scientific and clinical communities and drug manufacturers have collaborated to speed up the discovery of potential therapies for COVID-19 by taking advantage of currently approved drugs as well as investigatory agents in clinical trials. In this review, we stratified some of these candidates based on their potential targets in the progression of COVID-19 and discuss some of the results of ongoing clinical evaluations.",2021-02-15
Drug-Drug interactions between COVID-19 treatments and antipsychotics drugs: integrated evidence from 4 databases and a systematic review,"<h4>ABSTRACT</h4> <h4>Relevance</h4> Management of symptoms like anxiety, delirium and agitation cannot be neglected in COVID-19 patients. Antipsychotics are usually used for the pharmacological management of delirium, and confusion and behavioral disturbances. The selection of concomitant COVID-19 medications and antipsychotics should be evidence-based and closely monitored <h4>Objective</h4> To systematically review evidence-based available on drug-drug interactions between COVID-19 treatments and antipsychotics. <h4>Evidence Review</h4> Three databases were consulted: (a) Lexicomp® Drug Interactions, (b) Micromedex® Solutions Drugs Interactions, (c) Liverpool © Drug Interaction Group for COVID-19 therapies. To acquire more information on QT prolongation and TdP, the CredibleMeds® QTDrugs List was searched. Based on the information collected, the authors made a recommendation agreed to by consensus. In addition, a systematic review was conducted to find the clinical outcomes of drug-drug interactions between COVID-19 treatments and antipsychotics <h4>Results</h4> The main interaction between COVID-19 drugs and antipsychotics are the risk of QT prolongation and TdP, and CYP interactions. Remdesivir, favipiravir, baricinitib, and anakinra can be used concomitantly with antipsychotics with no risk of drug-drug interaction (except for hematological risk with clozapine and baricinitib). Tocilizumab is rather safe to use in combination with antipsychotics, although it can restore the activity of CYP3A4 and therefore its substrate metabolism may increase. The most demanding COVID-19 treatments for co-administration with antipsychotics are chloroquine, hydroxychloroquine, azithromycin (all prolong QT interval) and lopinavir / ritonavir (CYP interaction and risk of QT prolongation). <h4>Conclusions</h4> We urge to development of evidence-based guidelines that can help clinicians decide the safest treatment combination and monitoring necessary for each particular patient. The selection of concomitant COVID-19 medications and antipsychotics should be evidence-based and closely monitored.",2020-06-08
COVID-19 Clinical Trials: A Primer for the Cardiovascular and Cardio-Oncology Communities.,"The coronavirus disease-2019 (COVID-19) pandemic has resulted in a proliferation of clinical trials designed to slow the spread of severe acute respiratory syndrome-coronavirus-2 (SARS-CoV-2). Many therapeutic agents that are being used to treat patients with COVID-19 are repurposed treatments for influenza, Ebola, or for malaria that were developed decades ago and are unlikely to be familiar to the cardiovascular and cardio-oncology communities. Here, we provide a foundation for cardiovascular and cardio-oncology physicians on the front line providing care to patients with COVID-19, so that they may better understand the emerging cardiovascular epidemiology and the biological rationale for the clinical trials that are ongoing for the treatment of patients with COVID-19.",2020-04-17
COVID-19 Drug Treatment in China.,"<h4>Purpose of review</h4>An unprecedented outbreak of the novel coronavirus in China (COVID-19) occurred in December 2019, and then engulfed the entire world, presenting a significant and urgent threat to global health. Many research institutes have been involved in the development of drugs and vaccines against COVID-19.<h4>Recent findings</h4>At present, the strategy of new use of old drugs is mainly used to screen candidate drugs against the novel coronavirus (later termed severe acute respiratory syndrome coronavirus 2 (SARS-CoV-2)) and inhibit excessive immune response. Related research has made great progress.<h4>Summary</h4>In this review, we summarize the drugs used for COVID-19 treatment in China based on the emerging basic and clinical data. It is hoped that this review will be useful to provide guidance for the prevention, treatment, and control of COVID-19.",2020-09-07
COVID-19 Clinical Trials: A Primer for the Cardiovascular and Cardio-Oncology Communities.,"The coronavirus disease-2019 (COVID-19) pandemic has resulted in a proliferation of clinical trials designed to slow the spread of severe acute respiratory syndrome-coronavirus-2 (SARS-CoV-2). Many therapeutic agents that are being used to treat patients with COVID-19 are repurposed treatments for influenza, Ebola, or for malaria that were developed decades ago and are unlikely to be familiar to the cardiovascular and cardio-oncology communities. Here, the authors provide a foundation for cardiovascular and cardio-oncology physicians on the front line providing care to patients with COVID-19, so that they may better understand the emerging cardiovascular epidemiology and the biological rationale for the clinical trials that are ongoing for the treatment of patients with COVID-19.",2020-04-16
Comparison of Patient Clinical characteristics and Outcomes Between Different COVID-19 Peak Periods: A Single Center Retrospective Propensity Matched Analysis.,"Introduction While Coronavirus disease 2019 (COVID-19) specific treatments have been instituted, overall mortality rates among hospitalized patients remain significant. Our study aimed to evaluate patient clinical characteristics and outcomes comparing the different COVID-19 infection peak periods. Methods This is a retrospective study of all adult patients hospitalized with a confirmed diagnosis of COVID-19 between March 1 to April 24, 2020 and November 1 to December 31, 2020, which corresponded to the first and second waves of COVID-19 infection in our institution, respectively. Demographic and clinical characteristics of the patients were compared and used for propensity matching. Clinical outcomes, such as need for intubation, renal replacement therapy and inpatient mortality were subsequently compared between the two groups. Results Patients in the second COVID-19 wave had a significantly higher body mass index (32.58 vs 29.83, p <0.001), as well as prevalence of asthma (14% vs 8%, p=0.019) and chronic kidney disease (42% vs 18%, p <0.001). Almost all patients in the second COVID-19 wave received corticosteroid treatment (99% vs 30%, p <0.001), and significantly more patients received remdesivir (43% vs 2%, p <0.001). Meanwhile, none of the patients in the second COVID-19 wave were treated with tocilizumab or hydroxychloroquine. Differences in clinical outcomes, such as need for renal replacement therapy or intubation, and median length of stay were not statistically significant. Inpatient mortality remained largely unchanged between the two COVID-19 peak periods. Discussion/ Conclusion In our institution, after propensity matched analysis, clinical outcomes such as need for renal replacement therapy, intubation and inpatient mortality remained unchanged between the two COVID-19 peak periods.",2021-06-20
Early management of critically ill patients with COVID-19.,"Coronavirus disease 2019 (COVID-19) is associated with a severe acute respiratory condition requiring respiratory support and mechanical ventilation. Based on the pathophysiology and clinical course of the disease, a therapeutic approach can be adapted. Three phases have been identified, in which different strategies are recommended in a stepwise invasiveness approach. In the second or acute phase, patients are frequently admitted to the ICU for severe pneumonia and hypoxemia with evidence of a proinflammatory and hypercoagulable state. This stage is an opportunity to intervene early in the disease. Medical strategies and mechanical ventilation should be individualized to improve outcomes.",2020-10-19
Clinical trials for the prevention and treatment of COVID-19: current state of play.,"Since coronavirus disease 2019 (COVID-19) emerged in Wuhan, China in December 2019 and spread around the world, over 1100 clinical studies have been registered globally on clinical trials registries, including over 500 randomised controlled trials. Such rapid development and launch of clinical trials is impressive but presents challenges, including the potential for duplication and competition. There is currently no known effective treatment for COVID-19. In order to focus on those studies most likely to influence clinical practice, we summarise the 31 currently registered randomised trials with a target sample size of at least 1000 participants. We have grouped these trials into four categories: prophylaxis; treatment of outpatients with mild COVID-19; treatment of hospitalised patients with moderate COVID-19; and treatment of hospitalised patients with moderate or severe disease. The most common therapeutic agent being trialled currently is hydroxychloroquine (24 trials with potential sample size of over 25 000 participants), followed by lopinavir-ritonavir (seven trials) and remdesevir (five trials) There are many candidate drugs in pre-clinical and early phase development, and these form a pipeline for future large clinical trials if current candidate therapies prove ineffective or unsafe.",2020-06-27
Current COVID-19 treatments: Rapid review of the literature.,"<h4>Background</h4>As SARS-CoV-2 continues to spread worldwide, it has already resulted in over 110 million cases and 2.5 million deaths. Currently, there are no effective COVID-19 treatments, although numerous studies are under way. SARS-CoV-2, however, is not the first coronavirus to cause serious outbreaks. COVID-19 can be compared with previous human coronavirus diseases, such as Severe Acute Respiratory Syndrome (SARS) and Middle East Respiratory Syndrome (MERS), to better understand the development of treatments.<h4>Methods</h4>Databases Medline, Embase and WHO COVID-19 was systematically searched on 9 February 2021 for studies reporting on therapeutic effect of COVID-19 treatments. Clinical trials, case reports, observational studies and systematic reviews in the English language were eligible.<h4>Results</h4>1416 studies were identified and 40 studies were included in this review. Therapies included are: remdesivir, convalescent plasma, hydroxychloroquine, lopinavir/ ritonavir, interferon, corticosteroids, cytokine storm inhibitors and monoclonal antibodies. Remdesivir, convalescent plasma and interferon seems to provide some clinical benefits such as faster recovery time and reduced mortality, but these effects are not clinically significant. Some corticosteroids are effective in reducing mortality in severe COVID-19 patients. Hydroxychloroquine do not convey any beneficial, and therapies such as cytokine storm inhibitors and monoclonal antibodies were also not effective and require further investigation.<h4>Conclusions</h4>There is no single therapy effective against COVID-19. However, a combination of therapies administered at different stages of infection may provide some benefit. This conclusion is reflected in the limited effects of these treatments in previous human coronaviruses.",2021-04-24
"Differences between Clinical Protocols for the Treatment of Coronavirus Disease 2019 (COVID-19) in Andalusia, Spain.","Our objective was to compare clinical protocols for the treatment of the novel coronavirus disease 2019 (COVID-19) among different hospitals in Andalusia, Spain. We reviewed the current COVID-19 protocols of the 15 largest hospitals in Andalusia. Antiviral treatment, empirical antibacterial agents, adjunctive therapies, anticoagulant treatment, supportive care, hospital organization, and discharge recommendations were analyzed. All protocols included were the latest updates as of July 2020. Hydroxychloroquine in monotherapy was the most frequent antiviral drug recommended for mild respiratory illness with clinical risk factors (33.3%). Combined hydroxychloroquine with azithromycin or lopinavir/ritonavir was found in 40% of protocols. The recommended treatment for patients with mild and moderate pneumonias was different antiviral combinations including hydroxychloroquine plus azithromycin (93.3%) or hydroxychloroquine plus lopinavir/ritonavir (79.9%). Different combinations of hydroxychloroquine and lopinavir/ritonavir (46.7%) and triple therapy with hydroxychloroquine, azithromycin, and lopinavir/ritonavir (40%) were the most recommended treatments for patients with severe pneumonia. There were five corticosteroid regimens, which used dexamethasone, methylprednisolone, or prednisone, with different doses and treatment durations. Anakinra was included in seven protocols with six different regimens. All protocols included prophylactic heparin and therapeutic doses for thromboembolism. Higher prophylactic doses of heparin for high-risk patients and therapeutic doses for patients in critical condition were included in 53.3% and 33.3% of protocols, respectively. This study showed that COVID-19 protocols varied widely in several aspects (antiviral treatment, corticosteroids, anakinra, and anticoagulation for high risk of thrombosis or critical situation). Rigorous randomized clinical trials on the proposed treatments are needed to provide consistent evidence.",2020-09-19
Evaluation of the Current Therapeutic Approaches for COVID-19: A Systematic Review and a Meta-analysis.,"<b>Background:</b> Limited data on the efficacy and safety of currently applied COVID-19 therapeutics and their impact on COVID-19 outcomes have raised additional concern. <b>Objective and Methods:</b> To estimate the efficacy and safety of COVID-19 therapeutics, we performed meta-analyses of the studies reporting clinical features and treatments of COVID-19 published from January 21 to September 6, 2020. <b>Results:</b> We included 136 studies that involved 102,345 COVID-19 patients. The most prevalent treatments were antibiotics (proportion: 0.59, 95% CI: [0.51, 0.67]) and antivirals (proportion: 0.52, 95% CI: [0.44, 0.60]). The combination of lopinavir/ritonavir and Arbidol was the most effective in treating COVID-19 (standardized mean difference (SMD) = 0.68, 95% CI: [0.15, 1.21]). The use of corticosteroids was associated with a small clinical improvement (SMD = -0.40, 95% CI: [-0.85, -0.23]), but with a higher risk of disease progression and death (mortality: RR = 9.26, 95% CI: [4.81, 17.80]; hospitalization length: RR = 1.54, 95% CI: [1.39, 1.72]; severe adverse events: RR = 2.65, 95% CI: [2.09, 3.37]). The use of hydroxychloroquine was associated with a higher risk of death (RR = 1.68, 95% CI: [1.18, 2.38]). The combination of lopinavir/ritonavir, ribavirin, and interferon-β (RR = 0.34, 95% CI: [0.22, 0.54]); hydroxychloroquine (RR = 0.58, 95% CI: [0.39, 0.58]); and lopinavir/ritonavir (RR = 0.72, 95% CI: [0.56, 0.91]) was associated with reduced hospitalization length. Hydrocortisone (RR = 0.05, 95% CI: [0.03, 0.10]) and remdesivir (RR = 0.74, 95% CI: [0.62, 0.90]) were associated with lower incidence of severe adverse events. Dexamethasone was not significant in reducing disease progression (RR = 0.45, 95% CI: [0.16, 1.25]) and mortality (RR = 0.90, 95% CI: [0.70, 1.16]). The estimated combination of corticosteroids with antivirals was associated with a better clinical improvement than antivirals alone (SMD = -1.09, 95% CI: [-1.64, -0.53]). <b>Conclusion:</b> Antivirals are safe and effective in COVID-19 treatment. Remdesivir cannot significantly reduce COVID-19 mortality and hospitalization length, while it is associated with a lower incidence of severe adverse events. Corticosteroids could increase COVID-19 severity, but it could be beneficial when combined with antivirals. Our data are potentially valuable for the clinical treatment and management of COVID-19 patients.",2021-03-15
Novel coronavirus 2019 (COVID-19): A case report and review of treatments.,"<h4>Rationale</h4>Novel coronavirus 2019 (COVID-19) also known as severe acute respiratory syndrome coronavirus 2 (SARS-CoV-2) is an enveloped, non-segmented positive-sense RNA virus belonging to the beta-coronaviridae family. This virus is known to cause severe bilateral pneumonia and acute respiratory distress syndrome (ARDS) which can lead to difficulty breathing requiring mechanical ventilation and intensive care unit management.<h4>Patient concerns</h4>A 77-year-old female with a history of hypertension and hyperlipidemia who presented as a transfer to our hospital facility with worsening fevers, cough, and respiratory distress.<h4>Diagnosis</h4>Chest X-rays revealed bilateral infiltrates worse at the lung bases and CT scan of the chest showed bilateral ground-glass opacities consistent with COVID-19. While our testing revealed a negative COVID-19 result at our institution, the result at a previous hospital returned a positive result.<h4>Interventions</h4>She was being treated aggressively in the intensive care unit with high dose intravenous ascorbic acid, hydroxychloroquine, and anti-interleukin-6 monoclonal antibody. She also received a loading dose of remdesivir however was unable to complete the course due to organ failure and requirement of vasopressors for hemodynamic stability.<h4>Outcomes</h4>She remained critically ill and was eventually placed on comfort care as per the family's wishes and passed away.<h4>Lessons</h4>With a rapidly growing death rate and more than 200,000 confirmed cases worldwide, COVID-19 has become a global pandemic and major hit to our healthcare systems. While several companies have already begun vaccine trials and healthcare facilities have been using a wide-range of medications to treat the virus and symptoms, there is not yet an approved medication regimen for COVID-19 infections. The alarming increase in cases per day adds additional pressure to find a cure and decrease the global health burden and mortality rate.",2020-05-01
COVID-19 and the Response of Transplant Centers: the Global Response with an Emphasis on the Kidney Recipient.,"<h4>Purpose of the review</h4>In response to the COVID-19 pandemic, vulnerable populations, such as transplant patients, were at greater risk than the regular population. In order to protect these populations, transplant centers enacted new guidelines. We approach this review by looking at how different transplant regions responded to COVID-19 and analyze the unifying themes that have proven invaluable in the subsequent waves.<h4>Recent findings</h4>We noticed that most elective surgeries including living donor transplant operations were suspended in most countries. The response to deceased donor transplants varied between countries: in some deceased donor transplants continued with modified donor and recipient criteria, while in other countries this surgery was suspended. There was a general trend of decreasing or holding antimetabolites, treating the virus with hydroxychloroquine and/or azithromycin, and converting outpatient clinics to virtual clinics.<h4>Summary</h4>We learned how to carefully select donors and recipients, tailor immunosuppressant regiments, and implement telemedicine. The kidney recipient population can be effectively managed in times of crisis with appropriate accommodations and measures. This review can be a model for the transplant community for future pandemics.",2021-06-29
Convalescent Plasma for Pregnant Women with COVID-19: A Systematic Literature Review.,"The treatment of COVID-19 is particularly critical in pregnant women, considering the potential teratogenic effects of antiviral agents and the immune-depression related with pregnancy. The aim of this review is to systematically examine the current evidence on the clinical use of convalescent plasma during pregnancy. The electronic databases Medline PubMed Advanced Search Builder, Scopus, Web Of Science and Google Scholar were searched (until 1 January 2021). Inclusion criteria were pregnant women with COVID-19 (or SARS-CoV-2 infection), in whom convalescent plasma (or hyperimmune plasma) was used as treatment. We searched clinical trial registries (censored 5 January 2021) for eligible studies under way. After elimination of duplications, the initial search yielded 79 potentially relevant records, of which 67 were subsequently excluded. The 12 remaining records were case reports involving 12 pregnancies. Six of the mothers were reported to be well, two were reported to have preeclampsia, and in one case each the maternal outcome was described as survival, clinical improvement, discharged with oxygen and rehabilitation. With regard to the neonates, two were declared to be well, four had transient morbidity, two were critically ill and one died; normal ongoing pregnancies, but no post-delivery information, were reported for the remaining three cases. Clinical trials under way or planned to investigate the use of convalescent plasma for COVID-19 during pregnancy are lacking. This is the first systematic review of the literature regarding the treatment of COVID-19 in pregnancy. The published literature data seem to indicate that convalescent plasma administered to pregnant women with severe COVID-19 provides benefits for both the mother and the fetus. The quality of the available studies is, however, very limited since they are all case reports and thus suffer from relevant reporting bias.",2021-06-22
Molecular Docking Studies of SARS-Cov-2 Mainprotease Potential Inhibitors,"<title>Abstract</title>  <p><bold>BACKGROUND : </bold>SARS-Cov-2 causes an coronavirus disease 2019 (COVID-19), and the vaccines or drugs of this disease have not been found to inhibit this replication of the virus. Researchers are engaged in all fields of study to discover new potential inhibitors. This study aimed to compute the binding energy (BE) and interactions between the new potential inhibitors and the SARS-Cov-2 Mainprotease (Mpro).<bold>METHODS: </bold>In this study, we docked between twenty-seven patented drugs and the Mpro receptor (PDB ID: 6W63). The molecular docking calculation was performed using AutoDock Tools 1.5.6. software. Moreover, the information about the biological activity of ligands was calculated using the PASS online server. The result of the calculation was then analyzed and visualized using Biovia Discovery Studio Visualizer. Further calculation, such as the ligand-protein interaction using STITCH database and Lipinski’s rule five were employed in this research.<bold>RESULTS: </bold>The molecular docking calculation results showed that nelfinavir was strongly bound to Mpro with BE of -9,51 kcal/mol, followed by lopinavir, vitamin D, ritonavir, and dexamethasone. From these ligands, we considered dexamethasone because this ligand works as an anti-inflammatory agent. <bold>CONCLUSIONS: </bold>Following the calculation, nelfinavir, lopinavir, and dexamethasone are proposed as a potential inhibitor of the Mpro receptor, but there is a need for further investigation.</p>",2020-07-27
COVID-19 and Disease-Modifying Anti-rheumatic Drugs.,"<h4>Purpose of review</h4>Patients on disease-modifying anti-rheumatic drugs (DMARDs) remain concerned about potential risks of severe COVID-19 outcomes. Meanwhile, several DMARDs have been proposed as COVID-19 therapies.<h4>Recent findings</h4>In patients with autoimmune diseases, baseline glucocorticoid use is associated with severe COVID-19. While classes of DMARDs (e.g., conventional synthetic, targeted synthetic, and biologic) do not appear to be associated with higher risk, specific medications such as rituximab and sulfasalazine may be associated. Randomized clinical trials (RCTs) show that glucocorticoids reduce mortality in severe COVID-19. RCTs suggest other agents, such as baricitinib, may improve COVID-19 outcomes in certain populations. Baseline glucocorticoid use raises the risk of severe COVID-19 in patients with autoimmune diseases, but glucocorticoids are an effective treatment for those with severe COVID-19. Further research is needed to inform DMARD management in autoimmune disease patients during the pandemic and the role of DMARDs in COVID-19 treatment.",2021-04-24
Trends in the development of remdesivir based inventions against COVID-19 and other disorders: A patent review.,"The development of remdesivir has been a breakthrough for COVID-19 treatment. It has been approved in about 50 countries, including Saudi Arabia, since 2020. The generic structure of remdesivir was first disclosed in 2009. This patent review summarizes the remdesivir based inventions to treat/prevent COVID-19 and other disorders from 2009 to May 16, 2021, emphasizing the patents related to medical and pharmaceutical sciences. The primary patents/patent applications of remdesivir are related to its compositions, new combinations with other therapeutic agents, delivery systems, and new indications. The inventive combinations have displayed synergistic effects against COVID-19, whereas the delivery systems/compositions have improved patient compliance. The inventions related to new indications of remdesivir to treat Ebola, hepatitis, idiopathic pulmonary fibrosis, diabetic nephropathy, and cardiovascular complications enhance its therapeutic area. Many new innovative combinations and delivery systems of remdesivir are anticipated to provide better treatment for COVID-19.",2021-06-27
"Molecular Perspectives of SARS-CoV-2: Pathology, Immune Evasion, and Therapeutic Interventions.","The outbreak of coronavirus disease 2019 (COVID-19) has not only affected human health but also diverted the focus of research and derailed the world economy over the past year. Recently, vaccination against COVID-19 has begun, but further studies on effective therapeutic agents are still needed. The severity of COVID-19 is attributable to several factors such as the dysfunctional host immune response manifested by uncontrolled viral replication, type I interferon suppression, and release of impaired cytokines by the infected resident and recruited cells. Due to the evolving pathophysiology and direct involvement of the host immune system in COVID-19, the use of immune-modulating drugs is still challenging. For the use of immune-modulating drugs in severe COVID-19, it is important to balance the fight between the aggravated immune system and suppression of immune defense against the virus that causes secondary infection. In addition, the interplaying events that occur during virus-host interactions, such as activation of the host immune system, immune evasion mechanism of the virus, and manifestation of different stages of COVID-19, are disjunctive and require thorough streamlining. This review provides an update on the immunotherapeutic interventions implemented to combat COVID-19 along with the understanding of molecular aspects of the immune evasion of severe acute respiratory syndrome coronavirus 2 (SARS-CoV-2), which may provide opportunities to develop more effective and promising therapeutics.",2021-06-01
Emerging Pharmaceutical Treatments of Novel COVID-19: A Review.,"As a new decade began, COVID-19 quickly gained importance as it became the cause of the current global pandemic. Research has been focusing on studying the structure of SARS-CoV-2 and investigates possible pharmaceutical approaches. With the number of cases increasing every day, globally, multiple drugs are being researched as possible candidates. Although multiple drugs show promise in the treatment of COVID-19 via either inhibiting viral replication or preventing fusion of the virus to the ACE2 receptors, further investigation is still warranted and necessary before the admission of any type of pharmaceutical agent. Furthermore, several supplements have also been documented in being utilized as treatment of COVID-19. The exact mechanism and efficacy of current candidate drugs are still being explored through clinical trials. Despite the advancements in current research with emerging treatments, social distancing and engaging in preventative measures remains crucial to attempt to prevent the occurrence of more cases and deaths, worldwide. This review explores various drugs and their mechanism of action which are either currently being used in clinical trials or may be used in the future for the treatment of COVID-19.",2020-05-24
Comparative efficacy and safety of pharmacological interventions for the treatment of COVID-19: A systematic review and network meta-analysis of confounder-adjusted 20212 hospitalized patients,"<h4>ABSTRACT</h4> <h4>Objective</h4> To evaluate the comparative efficacy and safety of pharmacological interventions used in treating COVID-19 and form a basis for an evidence-based guideline of COVID-19 management by evaluating the level of evidence behind each treatment regimen in different clinical settings. <h4>Design</h4> Systematic review and network meta-analysis <h4>Data Sources</h4> PubMed, Google Scholar, MEDLINE, the Cochrane Library, medRxiv, SSRN, WHO International Clinical Trials Registry Platform, and ClinicalTrials.gov up to June 9 th , 2020. <h4>Study Selection</h4> Published and unpublished randomized controlled trials (RCTs) and baseline-adjusted observational studies which met our predefined eligibility criteria. <h4>Main Outcome Measures</h4> The outcomes of interest were mortality, progression to severe disease (severe pneumonia or admission to intensive care unit (ICU)), time to viral clearance, QT prolongation, fatal cardiac complications, and non-cardiac serious adverse events. The level of evidence behind each outcome was also measured using the Grading of Recommendations Assessment, Development, and Evaluation (GRADE) framework. <h4>Results</h4> 49 studies with a total of 20212 confounder-adjusted patients were included for analysis. The risk of progression to severe pneumonia or ICU admission was significantly reduced with tocilizumab (GRADE low), anakinra (GRADE very low), and remdesivir (GRADE high) compared to standard care. Tocilizumab was shown to reduce mortality rate for both moderate-severe patients in the non-ICU setting at admission (Odds ratio (OR) 0.31, 95% confidence interval (CI) 0.18 to 0.54, GRADE low) and critically ill patients in the ICU setting (OR 0.67, 95% CI 0.50 to 0.91, GRADE low). High dose IVIG reduced death rate (GRADE low) while corticosteroids increased mortality for critically ill patients (GRADE moderate). Convalescent plasma and hydroxychloroquine were shown to promote viral clearance (OR 11.39, 95% CI 3.91 to 33.18, GRADE low and OR 6.08, 95% CI 2.74 to 13.48, GRADE moderate, respectively) while not altering mortality or progression to the severe courses. The combination of hydroxychloroquine and azithromycin was shown to be associated with increased QT prolongation incidence (OR 1,85, 95% CI 1.05 to 3.26, GRADE low) and fatal cardiac complications in cardiac-impaired populations (OR 2.26, 95% CI 1.26 to 4.05, GRADE low). High-dose (>600mg/day) hydroxychloroquine monotherapy was significantly associated with increased non-cardiac serious adverse events (GRADE moderate). <h4>Conclusion</h4> Anti-inflammatory agents (tocilizumab, anakinra, and IVIG) and remdesivir may safely and effectively improve outcomes of hospitalized COVID-19 patients. Widely used hydroxychloroquine provides marginal clinical benefit in improving viral clearance rates whilst posing both cardiac and non-cardiac safety risks, especially in the vulnerable population. Only 20% of current evidence on pharmacological management of COVID-19 is on moderate and high evidence certainty and can be considered in practice and policy; remaining 80% are of low or very low certainty and warrant further studies to establish firm conclusions. <h4>Systematic Review Registration</h4> PROSPERO 2020: CRD42020186527. <h4>Summary Box</h4> <h4>Section 1: What is already known on this topic</h4> - Numerous clinical trials and observational studies have investigated various pharmacological agents as potential treatment for COVID-19. - <h4>Results: </h4> from numerous studies are heterogeneous and sometimes even contradictory to one another, making it difficult for clinicians to determine which treatments are truly effective. - Level of evidence behind each outcome from diverse studies remains unknown. <h4>Section 2: What this study adds</h4> - Anti-inflammatory agents (tocilizumab, anakinra, and IVIG) and remdesivir may safely and effectively improve clinical outcomes of COVID-19. - Widely used hydroxychloroquine provides marginal clinical benefit in improving viral clearance rates whilst posing both cardiac and non-cardiac safety risks. - Only 20% of current evidence on pharmacological management of COVID-19 is on moderate/high evidence certainty and can be considered in practice and policy; remaining 80% are of low or very low certainty and warrant further studies to establish firm conclusions.",2020-06-19
Management of an Early Onset Sepsis with COVID19 in a Premature Neonate - A Case Report,"<title>Abstract</title>  <p><bold>Background</bold>: neonates appear to be less affected by COVID-19 than adults. The overall challenge has been for all medical specialties, including neonatal intensive care. Unfortunately, current knowledge about severe acute respiratory distress syndrome of coronavirus 2 (SARS-CoV-2) infection is limited. <bold>Case</bold> <bold>presentation</bold>: In this report, we present an ill premature neonate who were born from mother with negative nasopharyngeal swab test for SARS-COV-2. On the 5th day of life, baby developed respiratory distress. Nasopharyngeal swab test for SARS-COV-2 was positive. Intubation and intratracheal surfactant was implemented. Patient was treated with Intravenous immunoglobulin and corticosteroid over a period of 14 days. <bold>Conclusion</bold>: The basis of treatment in neonatal covid19 is supportive care. Some studies have treated infants with various drugs such as Hydroxychloroquine, Favipiravir, and Remedsivir. In our case, we used corticosteroids and IVIg to treat a 5-day-old baby. We got good results after 2 weeks of treatment with dexamethasone 0.3 mg / kg per day and 2 g / kg IVIg (in three divided doses). It seems that these treatments, along with adjuvant ventilation and the use of endotracheal surfactants, can improve the patient's general condition.</p>",2021-06-07
Therapeutic role of corticosteroids in COVID-19: a systematic review of registered clinical trials.,"<h4>Background</h4>In March 2020, the World Health Organization declared the coronavirus disease 2019 as a global pandemic. Though antiviral drugs and antimalarial drugs are considered treatment options for treating coronavirus disease 2019 (COVID-19), no specific antivirals are currently available for its treatment. Efficient use of drug discovery approaches including repurposing or repositioning of drugs used in the treatment of severe acute respiratory syndrome coronavirus (SARS-CoV) and the Middle East respiratory syndrome coronavirus (MERS-CoV) is considered recently. The widespread application of corticosteroid therapy in COVID-19 should be backed with careful documented pragmatic research of its use in this context.<h4>Main body</h4>This article aims to analyze various trials registered across the globe providing an overall picture of the use of corticosteroids in the treatment of COVID-19. An extensive search was conducted on the clinical trial registries around the world to identify all the trials reporting information regarding the use of corticosteroids in COVID-19. Our initial search returned 231 trials, out of which 60 trials were finally included in the analysis. Fifty-six studies were interventional trials, and all the trials had clearly defined primary and secondary outcomes of interest, of which only 11 trials had evaluation of respiratory rate as one of their outcomes.<h4>Conclusion</h4>Few preliminary trial findings show promising results and recommend the use of methylprednisolone and dexamethasone in the severe form of the disease; however, there is insufficient data to prove its benefits over its risks. Routine use of corticosteroids should be favored only after a better insight is obtained, with the completion of these trials.",2021-03-17
COVID-19 pandemic crisis-a complete outline of SARS-CoV-2.,"<h4>Background</h4>Coronavirus (SARS-CoV-2), the cause of COVID-19, a fatal disease emerged from Wuhan, a large city in the Chinese province of Hubei in December 2019.<h4>Main body of abstract</h4>The World Health Organization declared COVID-19 as a pandemic due to its spread to other countries inside and outside Asia. Initial confirmation of the pandemic shows patient exposure to the Huanan seafood market. Bats might be a significant host for the spread of coronaviruses via an unknown intermediate host. The human-to-human transfer has become a significant concern due to one of the significant reasons that is asymptomatic carriers or silent spreaders. No data is obtained regarding prophylactic treatment for COVID-19, although many clinical trials are underway.<h4>Conclusion</h4>The most effective weapon is prevention and precaution to avoid the spread of the pandemic. In this current review, we outline pathogenesis, diagnosis, treatment, ongoing clinical trials, prevention, and precautions. We have also highlighted the impact of pandemic worldwide and challenges that can help to overcome the fatal disease in the future.",2020-11-17
"Examination of Medication Use Patterns by Age Group, Comorbidity, and Month in COVID-19 Positive Patients in a Large State-wide Health System During the Pandemic in 2020","<h4>Objectives</h4> Main objective was to systematically determine most frequently used medications among COVID-19 patients overall and by hospitalization status. Secondary objective was to measure use patterns of medications considered potential therapeutic options <h4>Design</h4> Retrospective cohort study. <h4>Setting</h4> The five academic medical centers of University of California Health. <h4>Participants</h4> University of California COVID Research Data Set (UC CORDS) patients between March 10, 2020 and December 31, 2020. <h4>Exposure(s)</h4> Confirmed COVID-19 positive by SARS-CoV-2 nucleic acid amplification. <h4>Main Outcome(s) and Measure(s)</h4> Main outcomes were percentages of patients prescribed medications, overall, by age group, and by comorbidity based on hospitalization status. Use percentage by month of COVID-19 diagnosis was measured. Cumulative count of potential therapeutic options was measured over time. <h4>Results</h4> Dataset included 22897 unique patients with COVID-19 (mean [SD] age, 42.4 [20.4] years; 12154 [53%] female). Among the sample, 6326 28%) were non-Hispanic White, 8475 (37%) were Hispanic, 1562 (7%) Asian, and 1313 (6%) Black. A COVID-related hospitalization occurred in 3546 patients. Of the hospitalized patients, more than 30% had baseline comorbidities of hypertension (48%), hyperlipidemia (37%), and type 2 diabetes (35%). Most frequently used medications in patients overall were acetaminophen (21.2%), albuterol (14.9%), ondansetron (13.9%), and enoxaparin (10.8%). Medications used were generally similar across ages and comorbidities. Prior to May, dexamethasone was rarely used, with well under 50 COVID-19 patients that had been hospitalized to that point receiving the medication. By mid-August, more than 500 patients to that point had received dexamethasone. Hydroxychloroquine use effectively halted in COVID-19 hospitalized patients after May. Throughout the period of March to December 2020, enoxaparin was used in the most patients to that point at any instance. By mid-December, more than 2000 in the analysis cohort of hospitalized patients had received enoxaparin. <h4>Conclusions and Relevance</h4> In this retrospective cohort study, across age and comorbidity groups, predominant utilization was for supportive care therapy. Dexamethasone and remdesivir experienced large increases in use. Conversely, hydroxychloroquine and azithromycin use markedly dropped. Medication utilization rapidly shifted towards more evidence-concordant treatment of patients with COVID-19 as rigorous study findings emerged.",2021-07-21
COVID-19: A need for new rather than repurposed antiviral drugs,"<h4>Background</h4>  SARS-CoV-2 infection, the causative agent of COVID-19, has resulted in over 2,500,000 deaths to date  1 . Although vaccines are becoming available, treatment options remain limited. Repurposing of compounds could reduce the time, cost, and risks associated with the development of new drugs and has been the focus of many clinical studies.  Here, we summarise available evidence on 29 FDA-approved compounds, from in vitro results to clinical trials, focussing on remdesivir, galidesivir and favipiravir, and test 29 antiviral compounds’ activity  in vitro .  <h4>Methods</h4>  A comprehensive search strategy was used to retrieve trials and publications related to antiviral compounds with potential efficacy to treat coronaviruses. These data were used to prioritise testing of a panel of antiviral drugs in vitro against patient isolates of SARS-CoV-2. An in vitro screen was carried out to determine the activity of 29 FDA-approved compounds. <h4>Results</h4>  625 clinical trials investigated 16 repurposed antiviral candidate compounds for the treatment of COVID-19. In vitro studies identified ten drug candidates with demonstrable anti-SARS-CoV-2 activity, including favipiravir, remdesivir, and galidesivir. To validate these findings, a drug screen was conducted using two cell lines and wildtype isolates of SARS-CoV-2 isolated from patients in the UK. While eight drugs with anti-SARS-CoV-2 activity were identified in vitro, activity in clinical trials has, as yet failed to demonstrate a strong effect on mortality. <h4>Conclusions</h4>  So far, no repurposed antiviral has shown a strong effect on mortality in clinical studies. The urgent need for novel antivirals in this pandemic is clear, despite the costs and time associated with their development. <h4>Research in Context</h4>  <h4>Evidence before this study</h4>  Repurposing of existing compounds for the treatment of COVID-19 has been the focus of many  in vitro studies and clinical trials, saving time, costs and risks associated with the research and development of new compounds.  <h4>Added value of this study</h4>  We reviewed the literature for 29 FDA-approved compounds with previously reported (or suspected) anti-SARS-CoV-2 activity and found 625 clinical trials that have been undertaken on 16 different drugs. We determined if repurposed antivirals are suitable for clinical trials based on previously published data, and conducted an additional  in vitro screen using locally circulating strains in the UK (PHE2 and GLA1). We report the difference in IC  50 from published data using Wuhan1/Wash1 strains with PHE2 and GLA1, including IC  50 values below 100μM for galidesivir in wild-type virus. Given the limited success of repurposed compounds in the treatment of COVID-19, we comment on the urgent need for new antivirals specifically targeting SARS-CoV-2.  <h4>Implications of all the available evidence</h4>  Our data show that most prospective compounds for repurposing show no anti-SARS-CoV-2 activity, and antiviral activity  in vitro does not always translate to clinical benefit. So far, no repurposed compound has shown a strong effect on mortality in clinical studies. Drugs, including monoclonal antibody therapies, that have been developed to target SARS-CoV-2 virus itself have shown most promise.",2021-03-25
Continuous Hemodiafiltration with the oXiris Filter Ameliorates Cytokine Storm and Induces Rapid Clinical Improvement in COVID-19 - A Case Report.,"Delayed interferon secretion and cytokine dysregulation are responsible for the life-threatening acute respiratory distress syndrome (ARDS), multiorgan dysfunction and shock in COVID 19, which closely resembles secondary hemophagocytic lymphohistiocytosis (sHLH). IL-6, a marker of hypercytokinemia in patients with COVID-19 is positively correlated with disease severity, development and progression of ARDS, and mortality. Therapy to either reduce IL-6 or inhibit its action with either non-specific inhibitors of inflammation like dexamthasone or Toclizumab a specific inhibitor of IL-6 has produced decrease in mortality. We describe a novel method of treatment in a patient with multiorgan involvement in COVID 19, using the oXiris hemofilter which delivers renal replacement therapy while also reducing cytokines like IL-6.",2021-04-07
THE TIME COURSE OF THERAPEUTIC INTERVENTIONS FOR COVID-19,"<h4>ABSTRACT</h4> <h4>BACKGROUND</h4> The spread of COVID-19 from Wuhan China, has been alarmingly rapid. Epidemiologic techniques succeeded in containing the disease in China, but efforts have not been as successful in the rest of the World, with a total of 29,155,581 confirmed cases of COVID-19, including 926,544 deaths worldwide as of September 15, 2020. Projections are for continued new infections and deaths if no effective therapeutic interventions can be initiated over the next several months. We performed a systematic review to determine the potential time course for development of treatments and vaccines, focusing on availability now and continuing in the last half of 2020. <h4>METHODS</h4> <h4>Clinical Trials</h4> We reviewed up-to-date information from several sources to identify potential treatments for COVID-19: The Reagan-Udall Expanded Access Navigator COVID-19 Treatment Hub was used to track the efforts of companies to develop agents. We focused on trials completed as of September 1, 2020 on identified agents We used several different sources: (A) covid-trials.org, then validated results on (B) clinicaltrials.gov and the (C) World Health Organization’s International Clinical Trials Registry Platform (WHO ICTRP). We excluded studies which were clearly observational, with no randomization, control, or comparison group. We further set a cutoff of 100 for numbers of subjects, since smaller trial size could lack statistical power to establish superiority of the intervention over the control. <h4>Publications</h4> We searched for published trial results on pubmed.gov and on medRxiv, the preprint server, and used a targeted Google™ search to find announcements of unpublished trial results <h4>RESULTS</h4> <h4>Clinical Trials in Recruitment</h4> As of our cutoff date of April 1, 2020, we found 409 trials meeting our minimum requirement of 100 subjects. The WHO Solidarity megatrial for hospitalized patients was launched in over 100 countries, actively comparing hydroxychloroquine (HCQ), lopanovir/ritonavir (LPV/r) alone and in combination with interferon beta-1, and remdesivir. The LPV/r alone and HCQ arms have already been discontinued. Of these, only 9 were conducted on outpatients. A few vaccine trials are hoping to complete Phase 3 enrollment by the end of the third quarter 2020, but a prolonged follow-up of patients will likely be required. <h4>Clinical trials Completed</h4> As of September 1, 2020, there were 231 trials reporting completion, Of these, only 59 studies enrolled 100 or more subjects. There were 34 trials in hospitalized patients, 9 directed at outpatients, and 8 prevention studies, <h4>Published Data</h4> As of September 1, 2020 we found 70 publications reporting findings in human studies on 13 classes of drugs and on 6 vaccines. There were 33 randomized placebo or active control studies; the rest were retrospective observational. Only seven publications dealt with outpatient care, the rest all in hospitalized patients. <h4>Available Treatments</h4> At this time, remdesivir and convalescent plasma have been granted emergency use authorization in the U.S.A., solely for hospitalized patients. There is also support for glucocorticoid treatment of the COVID-19 respiratory distress syndrome. No treatments or prophylaxis are offered for outpatients. <h4>CONCLUSION</h4> COVID-19 is propagated primarily by infected ambulatory individuals. There have been no options brought forward for prevention and non-hospital treatment with only a few randomized, controlled outpatient studies expected to yield results in time to impact on the continuing pandemic by the end of 2020. It will be necessary for public health authorities to make hard decisions, with limited data, to prevent the continued spread of the disease. The choices will be hardest when dealing with possible early release of safe and effective vaccines which would, of course, be of greatest benefit to the World’s population.",2020-06-02
Clinical Management of Adult Patients with COVID-19 Outside Intensive Care Units: Guidelines from the Italian Society of Anti-Infective Therapy (SITA) and the Italian Society of Pulmonology (SIP).,"<h4>Introduction</h4>The Italian Society of Anti-Infective Therapy (SITA) and the Italian Society of Pulmonology (SIP) constituted an expert panel for developing evidence-based guidance for the clinical management of adult patients with coronavirus disease 2019 (COVID-19) outside intensive care units.<h4>Methods</h4>Ten systematic literature searches were performed to answer ten different key questions. The retrieved evidence was graded according to the Grading of Recommendations Assessment, Development, and Evaluation methodology (GRADE).<h4>Results and conclusion</h4>The literature searches mostly assessed the available evidence on the management of COVID-19 patients in terms of antiviral, anticoagulant, anti-inflammatory, immunomodulatory, and continuous positive airway pressure (CPAP)/non-invasive ventilation (NIV) treatment. Most evidence was deemed as of low certainty, and in some cases, recommendations could not be developed according to the GRADE system (best practice recommendations were provided in similar situations). The use of neutralizing monoclonal antibodies may be considered for outpatients at risk of disease progression. For inpatients, favorable recommendations were provided for anticoagulant prophylaxis and systemic steroids administration, although with low certainty of evidence. Favorable recommendations, with very low/low certainty of evidence, were also provided for, in specific situations, remdesivir, alone or in combination with baricitinib, and tocilizumab. The presence of many best practice recommendations testified to the need for further investigations by means of randomized controlled trials, whenever possible, with some possible future research directions stemming from the results of the ten systematic reviews.",2021-07-30
Current pharmacological treatments for SARS-COV-2: A narrative review.,"The novel coronavirus, later identified as SARS-CoV-2, originating from Wuhan in China in November 2019, quickly spread around the world becoming a pandemic. Despite the knowledge of previous coronaviruses, such as those responsible for the SARS and MERS-CoV epidemic, there is no drug or prophylaxis treatment to this day. The rapid succession of scientific findings on SARS-CoV-2 provides a significant number of potential drug targets. Nevertheless, at the same time, the high quantity of clinical data, generated by a large number of rapidly infected people, require accurate tests regarding effective medical treatments. Several in vitro and in vivo studies were rapidly initiated after the outbreak of the pandemic COVID-19. Initial clinical studies revealed the promising potential of remdesivir that demonstrated a powerful and specific in vitro antiviral activity for COVID-19. Promising effects appear to be attributable to hydroxychloroquine. Remdesivir and hydroxychloroquine are being tested in ongoing randomized trials. In contrast, oseltamivir was not effective and corticosteroids are not currently recommended. However, few data from ongoing clinical trials are identifying low molecular weight heparins, innate immune system stimulating agents, and inflammatory modulating agents as potential effective agents. The authors assume that the current pandemic will determine the need for a systematic approach based on big data analysis for identifying effective drugs to defeat SARS-Cov-2. This work is aimed to be a general reference point and to provide an overview as comprehensive as possible regarding the main clinical trials in progress at the moment.",2020-06-27
Extraordinary Survival Benefits of Severe and Critical Patients with COVID-19 by Immune Modulators: The Outcome of a Clinical Trial in Bangladesh.,"<h4>Background</h4>Coronavirus disease (COVID)-19 has devasted the healthcare delivery system as well as social establishments of almost all countries of the world. However, vaccines for containing new cases of COVID-19 are yet to be realized. Also, presently available antiviral drugs and other standard of care (SOC) management strategies could not satisfactorily control COVID-19-related mortality, which has crossed the one million mark during the last 9 months. These facts present an emergent need for developing new, novel, and evolving therapeutic strategies for the management of COVID-19.<h4>Aim and objective</h4>This cohort study represents a clinical trial in real-life situations in Bangladesh where two immune modulators were applied in patients with severe and critical COVID-19 patients.<h4>Materials and methods</h4>A total of 199 confirmed patients of COVID-19 were enrolled in this study. All of them had severe and critical COVID-19 and they were hospitalized at the intensive care unit (ICU) of the Combined Military Hospital (CMH), Dhaka, Bangladesh. All patients were positive for SARS-CoV-2 by polymerase chain reaction (PCR) of the nasal swab and they were endowed with severe pneumonia, multiple organ dysfunctions, and coagulopathy. The median percentage of lung involvement was 65%. The mean oxygen saturation was 83%. The patients received two immune modulators (tocilizumab and bevacizumab) in different combinations to retrieve broader insights about the safety and efficacy of immune modulators in COVID-19 management.<h4>Results</h4>Out of the total 199 patients, 122 survived and 77 expired. A single dose of tocilizumab resulted in the survival of 71.5% (73 of 102 COVID-19 patients). On the other hand, a dramatic survival benefit was found in patients receiving bevacizumab (92%).<h4>Conclusion</h4>The study indicates that active treatment should be started as early as possible for COVID-19 patients as moderate COVID-patients may progress to more severe illnesses with grave consequences. The safety of two immune modulators has been recorded in this cohort of severe and critical COVID-19 patients. In order to have a proper use of these immune modulators, there is a need to accomplish controlled, blinded, and large-scale prospective studies with at least two arms.<h4>How to cite this article</h4>Islam MA, Mazumder MA, Akhter N, <i>et al.</i> Extraordinary Survival Benefits of Severe and Critical Patients with COVID-19 by Immune Modulators: The Outcome of a Clinical Trial in Bangladesh. Euroasian J Hepato-Gastroenterol 2020;10(2):68-75.",2020-07-01
Timely Administration of Tocilizumab Improves Survival of Hospitalized COVID-19 Patients,"Background: Accumulating evidence points to an overactive immune response in Covid-19 disease and potential clinical benefit of the interleukin-6 inhibitor tocilizumab. We assessed the efficacy of early tocilizumab treatment for hospitalized patients in a randomized phase II study.<br><br>Methods: Patients admitted to the general ward with proven Covid-19 and in need of supplemental oxygen were randomly assigned to receive standard of care with or without intravenous tocilizumab 8 mg/kg (maximal 800 mg). A second dose of tocilizumab was permitted if hypoxia persisted after 8 hrs. The primary endpoint of the study was 30-day mortality with a prespecified 2-sided significance level of α=0.10. A post-hoc analysis was performed for a combined endpoint of mechanical ventilation or death at 30 days.<br><br>Findings: A total of 354 patients (67% men; median age 66 years) were enrolled of whom 88% received dexamethasone. Thirty-day mortality was 19% (95% CI 14%-26%) in the standard arm versus 12% (95% CI: 8%-18%) in the tocilizumab arm, hazard ratio (HR)=0.62 (90% CI 0.39-0.98; p=0.086). 21% of patients were admitted to the ICU in each arm (p=0.89). The median stay in the ICU was 16 days (IQR 8-30) in the standard arm versus 9 days (IQR 5-16) in the tocilizumab arm (p=0.025). Mechanical ventilation or death at thirty days was 31% (95% CI 24%-38%) in the standard arm versus 21% (95% CI 16%-28%) in the tocilizumab arm, HR = 0.65 (95% CI 0.42-0.98; p=0.042).<br><br>Interpretation: Various studies have suggested a beneficial effect of tocilizumab in the treatment of COVID-19. This randomized phase II study, which met its primary endpoint, confirms these observations and demonstrates a clinically meaningful efficacy when given early in the disease course in hospitalized patients who need oxygen support, even when concomitantly treated with dexamethasone.<br><br>Trial Registration: The trial was designed as a prospective randomized (1:1) open label phase II trial and was registered in the Netherlands Trial register (https://www.trialregister.nl/trial/8504).<br><br>Funding Statement: Academic study, funded by participating hospitals. Roche supplied tocilizumab.<br><br>Declaration of Interests: None to declare. <br><br>Ethics Approval Statement: The trial was approved by the relevant medical ethical committee and was performed in accordance with Good Clinical Practice guidelines and the Helsinki Declaration.",2021-04-27
COVID-19: Pharmacology and kinetics of viral clearance.,"Coronavirus Disease 2019 (COVID-19) is a pandemic disease caused by the severe acute respiratory syndrome coronavirus 2 (SARS-CoV-2). The clinical spectrum of COVID-19 is broad and varies from mild to severe forms complicated by acute respiratory distress and death. This heterogeneity might reflect the ability of the host immune system to interact with SARS-CoV2 or the characteristics of the virus itself in terms of loads or persistence. Information on this issue might derive from interventional studies. However, results from high-quality trials are scarce. Here we evaluate the level of evidence of available published interventional studies, with a focus on randomised controlled trials and the efficacy of therapies on clinical outcomes. Moreover, we present data on a large cohort of well-characterized patients hospitalized at a single University Hospital in Milano (Italy), correlating viral clearance with clinical and biochemical features of patients.",2020-08-03
Potential Docking Affinity of Three Approved Drugs Against SARS-CoV-2 for COVID-19 Treatment,"Potential Docking Affinity of three Approved Drugs against SARS-CoV-2 for COVID-19 treatment. Venkata Sambasiva Rao  Rachakulla  1 , Hemanjali Devi Rachakulla  2 1 Department of Math,  Greene County High School, Greensboro, GA, 30642 USA.  2 Department of Science,  Jonesboro High School, Jonesboro, GA, 30236, USA.  1 Author for correspondence email:  rachakullav@gmail.com 2 Author email:  hemanjali27@gmail.com Abstract <h4>Objectives: </h4> : The availability of a safe and effective drug  for COVID-19 is well-recognized as an additional tool to contribute to the  control of the pandemic. At the same time, the challenges and efforts needed to  rapidly develop, evaluate, and produce this at scale are enormous. It is vital  that we evaluate as many vaccines as possible as we cannot predict how many  will turn out to be viable.  <h4>Methods: </h4> : In this study, we have measured the virtual interaction of  crystal data structures of protein downloaded from protein data bank (PDB ID 7BRP) with corticosteroid drug candidates  approved by FDA for other medical purposes which have less side effects. The results are analyzed in contrast some drugs candidates currently using for  the treatment of COVID-19.  <h4>Results: </h4> : The binding energies in kilocalories/mole obtained from the  docking of 7BRP protease with ligands under investigation Betamethasone  Phosphate (-6.9), Fluticasone (-6.1) and Dexamethasone (-5.9) and also with  currently using drug candidates Remdesivir(-6.5), Lopinavir (-6.0),  Baceprivir(-5.7), Rabavirin(-6), Ritinovir(-5.3), Hydroxyquinoline(-5.0),  Chloroquine (-4.7), Oseltamivir(-4.6), Favipiravir(-3.9).  <h4>Discussion: </h4> The docking results suggest a higher binding affinity of the drug  molecules under investigation against SARS-CoV-2 in contrast with other drug  candidates currently being used for the treatment of COVID-19. We have analyzed  bond interactions of protein-ligand from images in 10 modes of investigated  drugs in contrast with Remdesivir and also discussed the advantages of  inhalation methods of drug fluticasone.  <h4>Conclusion: </h4> From this  study, it can be suggested that these drugs are promising candidates for  antiviral treatment with high potential to fight against SARS-CoV-2 strain  keeping in view various ways of administration of drugs currently practicing.",2020-06-25
Results of Favipiravir Combined Treatment in Intensive Care Patients With Covid-19,"<title>Abstract</title>  <p><bold>Aim: </bold>Covid-19 (Coronavirus disease 2019) is a disease that has already taken place in human history. Although there is still no effective treatment and vaccine protocol, different treatment options are being tried. In this study, it was aimed to determine the basic characteristics and changes in laboratory findings of patients who were hospitalized with the diagnosis of Covid-19 in the intensive care unit and underwent treatment protocol containing favipiravir.<bold>Material and Method: </bold>It was carried out with the data of 179 inpatients in an intensive care unit between 01.06.2020 - 30.06.2020. The inclusion criterias of the study are to have a diagnosis of COVID-19 confirmed by PCR test, to be hospitalized in the intensive care unit, receiving therapy combined with favipravir and to have access to its data through the automation system. According to literature; the sociodemographic characteristics, some basic characteristics and some laboratory findings of the patients were evaluated. Statistical analyzes were performed using the Statistical Package for Social Sciences (SPSS) version 24.0 (IBM Corp .; Armonk, NY, USA).<bold>Findings: </bold>The average age of the study group is 60.9±16.4 years and 65.9% (n:118) of them are male. According to the clinical classification, more than half (50.8%, n: 91) are included in the ""high"" clinical classification. The most common chronic disease is ""hypertension (HT)"" (42.5%, n:76) and the most common symptom is ""fever"" (57.5%, n: 103). While 82.7% (n: 148) have widespread CT (Computed tomography) findings, CPR (C-Reactive protein) positivity rate is 65.4% (n: 117). Statistical significant difference was detected between three measurements of blood urea nitrogen (BUN), aspartat aminotransferase (AST), alanin aminotransfrase (ALT), CRP between the 1st and the 3rd day. <bold>Conclusion:</bold> Favipiravir demonstrates a proper safety profile. However, its side effects teratogenicity, hyperuricaemia and QTc (corrected QT interval) prolongation have not yet been adequately studied. It may be safe and tolerable in short-term use, but more evidence is needed to assess the longer-term effects of treatment.</p>",2020-12-23
Current evidence for directed and supportive investigational therapies against COVID-19.,"Coronavirus disease 2019 (COVID-19) is a global health crisis. There is currently a great need for effective and safe therapies directed at the disease, but no drugs are presently registered for use in COVID-19. Several directed therapies have been proposed, and most are still in clinical trials. Currently available published, peer-reviewed results mostly involve small sample sizes with study limitations restricting the interpretation of the findings. Many trials currently published also do not have a control group, limiting the interpretation of the effect of the intervention. Investigational directed therapies as well as investigational supportive therapies against COVID-19 are reviewed here. Chloroquine and hydroxychloroquine show promise as directed therapies, but current trial results are conflicting. Lopinavir/ritonavir also shows potential, but was started late in the disease course in most trials. No randomised controlled evidence is currently available for remdesivir and favipiravir. Corticosteroid use is not recommended for directed therapy against COVID-19, and the role of tocilizumab is currently unclear, based on limited evidence. Early initiation of investigational directed therapies may provide benefit in selected patients. The results from larger randomised controlled trials will clarify the place of these therapies in COVID-19 treatment.",2020-04-30
Concerns about pharmacokinetic (PK) and pharmacokinetic-pharmacodynamic (PK-PD) studies in the new therapeutic area of COVID-19 infection.,"In the context of the COVID-19 pandemic, several drugs have been repurposed as potential candidates for the treatment of COVID-19 infection. While preliminary choices were essentially based on in vitro potency, clinical translation into effective therapies may be challenging due to unfavorable in vivo pharmacokinetic properties at the doses chosen for this new indication of COVID-19 infection. However, available pharmacokinetic and pharmacokinetic-pharmacodynamic studies suffer from severe limitations leading to unreliable conclusions, especially in term of dosing optimization. In this paper we propose to highlight these limitations and to identify some of the major requirements that need to be addressed in designing PK and PK-PD studies in this era of COVID. A special attention should be paid to pre-analytical and analytical requirements and to the proper collection of covariates affecting dose-exposure relationships (co-medications, use of specific organ support techniques and other clinical and para-clinical data). We also promote the development of population PK and PK-PD models specifically dedicated to COVID-19 patients since those previously developed for other diseases (SEL, malaria, HIV) and clinical situations (steady-state, non-ICU patients) are not representative of severe patients. Therefore, implementation of well-designed PK and PD studies targeted to COVID-19 patients is urgently needed. For that purpose we call for multi-institutional collaborative work and involvement of clinical pharmacologists in multidisciplinary research consortia.",2020-07-10
Potential therapeutic agents against COVID-19: What we know so far.,"The emerging outbreak of coronavirus disease 2019 (COVID-19) caused by the severe acute respiratory syndrome coronavirus 2 continues to spread all over the world. Agents or vaccines of proven efficacy to treat or prevent human coronavirus infection are in urgent need and are being investigated vigorously worldwide. This review summarizes the current evidence of potential therapeutic agents, such as lopinavir/ritonavir, remdesivir, favipiravir, chloroquine, hydroxychloroquine, interferon, ribavirin, tocilizumab, and sarilumab. More clinical trials are being conducted for further confirmation of the efficacy and safety of these agents in treating COVID-19.",2020-06-01
Favipiravir Effects on the Control of Clinical Symptoms of Hospitalized COVID-19 Cases: An Experience with Iranian Formulated Dosage Form.,"Coronavirus disease -19 (COVID-19) pandemic, caused by SARS-CoV-2, has gradually spread worldwide, becoming a major public health event. This situation requires designing a novel antiviral agent against the SARS-CoV-2; however, this is time-consuming and the use of repurposed medicines may be promising. One such medicine is favipiravir, primarily introduced as an anti-influenza agent in east world. The aim of this study was to evaluate the efficacy and safety of favipiravir in comparison with lopinavir-ritonavir in SARS-CoV-2 infection. In this randomized clinical trial, 62 patients were recruited. These patients had bilateral pulmonary infiltration with peripheral oxygen saturation lower than 93%. The median time from symptoms onset to intervention initiation was seven days. Favipiravir was not available in the Iranian pharmaceutical market, and it was decided to formulate it at the research laboratory of School of Pharmacy, Shahid Beheshti University of Medical Sciences, Tehran, Iran. The patients received favipiravir tablet at a dose of 1600 mg orally twice a day for day one and then 600 mg orally twice a day for days 2 to 6. In the second group, the patients received lopinavir-ritonavir combination tablet at a dose of 200/50 mg twice a day for seven days. Fever, cough, and dyspnea were improved significantly in favipiravir group in comparison with lopinavir-ritonavir group on days four and five. Mortality rate and ICU stay in both groups were similar, and there was no significant difference in this regard (<i>P =</i> 0.463 and <i>P =</i> 0.286, respectively). Chest X-ray improvement also was not significantly different between the two groups. Adverse drug reactions occurred in both groups, and impaired liver enzymes were the most frequent adverse effect. In conclusion, early administration of oral favipiravir may reduce the duration of clinical signs and symptoms in patients with COVID-19 and hospitalization period. The mortality rate also should be investigated in future clinical trials.",2021-01-01
Current treatment in COVID-19 disease: a rapid review.,"The world has faced the most challenging pandemic of the modern era, that of severe acute respiratory syndrome coronavirus 2 infection, causing coronavirus disease and affecting over 35 million people globally. The wide range of clinical manifestations associated with this viral disease is thought to be related to the overexpression of inflammatory markers. Due to a dysregulated host response, the most severe form involves multi-organ failure and thromboembolic complications. Immunomodulatory therapies may help prevent its progression and anticoagulation has been shown to reduce the risk of thrombotic complications. As this is a new entity for the medical world, there are no known therapeutic options nor has the prevention of complications been established. Anti-inflammatory agents, antimicrobial therapy, and vitamin supplements are short of clear benefits, but there is limited data to review. Other agents, such as convalescent plasma, eculizumab, immunoglobulins, neutralizing IgG1 monoclonal antibodies, remdesivir, steroids, and tocilizumab, have shown a possible impact on inpatient length of stay and mortality rate. This review aims to assess the efficacy and safety of these available therapies in light of current evidence. We compare these treatment options based on their impact on symptom management, inpatient length of stay, and overall morbidity and mortality.",2021-01-29
Comprehensive Literature Review and Evidence evaluation of Experimental Treatment in COVID 19 Contagion.,"<h4>Importance</h4>Coronavirus 2019 pandemic (COVID 19) is caused by the Severe acute respiratory syndrome coronavirus 2 (SARS CoV-2) virus. The pandemic is affecting the livelihood of millions of people all over the world. At the time of preparing this report, the pandemic has affected 1 827 284 patients, with 113 031 deaths in 185 countries as per Johns Hopkins University. With no proven treatment for the disease, prevention of the disease in the community and healthcare setting is need of the hour.<h4>Objective</h4>To perform a comprehensive literature search for preventive measures and experimental treatment options. In this review, we have focused our discussion on the risk of disease transmission, supportive treatment, and possible treatment options based on available evidence.<h4>Evidence review</h4>We performed a literature search on google scholar, PubMed, and society guidelines for literature related to COVID 19 and previous coronavirus pandemics. We included data review articles, observational studies, and controlled trials to synthesize the treatment options for COVID 19.<h4>Findings</h4>In this article, we have extensively reviewed and discussed recommendations from various world organizations for the public and healthcare workers. We have also discussed currently available experimental treatments since there is no proven treatment for COVID 19. The best method of dealing with the current outbreak is to reduce the community spread and thus ""flatten the curve."" Although Hydroxychloroquine, Remdesivir, Lopinavir/Ritonavir, and Azithromycin have been tried, passive immunity through convalescent serum and vaccine is still at an experimental stage. Patients with severe COVID 19 infections could be considered for this experimental treatment through various national randomized control trials, which may eventually lead to an evidence-based treatment strategy.<h4>Conclusions and relevance</h4>Awareness of currently available experimental treatment among healthcare providers and exploration of possible treatment options through evidence is need of the hour. We have discussed the most recently available literature and evidence behind experimental treatment in this article.",2020-10-21
Efficacy and Safety of Tocilizumab in Patients with COVID-19: A Systematic Review and Meta-Analysis.,"<h4>Background: </h4> Tocilizumab (TCZ) is an anti-interleukin-6 antibody that has been used to treat patients with 2019 coronavirus disease (COVID-19). Numerous retrospective studies have shown beneficial treatment efficacy. Several recent randomized clinical trials have questioned the efficacy of TCZ in patients with COVID-19. Therefore, we performed an updated systematic review and meta-analysis to explore the effectiveness and safety of tocilizumab recently used for treating patients with COVID-19. <h4>Methods: </h4> Randomized clinical trials (RCTs) and comparative studies that compared the outcomes between TCZ and standard of care (SOC) were analysed. PubMed, EMBASE, and the Cochrane Library (inception to November 20, 2020) were systematically searched. Primary outcomes included mortality and the rate of requirement for mechanical ventilation (MV). In addition, several subgroup analyses stratified by disease severity, publication type and TCZ administration were performed. <h4>Results: </h4> Three RCTs, twenty-one cohort studies and nine case-control studies including 11,206 patients were finally included. The TCZ group included 2,794 patients (24.93%) and the SOC group included 8,412 patients (75.07%). The mortality rate (>14 days) of the TCZ group, 29.63% (590/1,991), was lower than the SOC group, 41.51% (2,380/5,734) (OR 0.64, 0.57 to 0.73; p <0.00001). However, no significant difference in-14-day mortality rates was observed between the two groups (13.53% vs 22.92%, p = 0.21). Meanwhile, the rate of MV was significantly decreased in the TCZ group compared with the SOC group (OR 0.42, 0.22 to 0.83; p = 0.01). According to the results of the subgroup analysis stratified by disease severity, TCZ only reduced the mortality rate for critical patients with COVID-19 compared with SOC (OR 0.60, 0.52 to 0.71; P < 0.00001), particularly for patients in the intensive care unit (ICU) or patients requiring MV. No statistically significant increase was recognized in the rates of secondary infections or thrombosis between the two groups. <h4>Conclusions: </h4> This systematic review and meta-analysis found that the addition of tocilizumab to the SOC might reduce mortality after 14 days in patients with COVID-19, particularly critical patients requiring MV. More extensive RCTs with longer follow-up periods are needed to validate these findings.",2021-01-14
COVID-19 – Present Treatments and Other Options,"Objective: This article aims to examine the effectiveness of antiviral drugs and vaccines that are frontrunners in the treatment of COVID-19 and explore the possibility of other options. <br><br>Methods: Sixty-plus review articles and clinical studies published in MEDLINE-PubMed, Cochran Library, Clinical Trials Gov, NIH, WHO, Google Scholars and Medical Journals were searched. Out of sixty studies and clinical trials, twenty-nine were selected. The inclusion criteria were large randomized scale clinical trials and unbiased articles. Studies with bias using the Cochran risk of bias tool for randomized studies were excluded. <br><br>Results: It has almost a year when the first case of SARS-CoV-2 infection was reported. Since then, the search for an effective antiviral drug is continuing. Remdesivir, convalescent plasma, and dexamethasone are the only available options with limited effectiveness. <br><br>Conclusion: The need for developing an antiviral drug against COVID-19 is more than ever. Searching the compounds with antiviral activity against COVID-19 from various sources, including plants, fungus, and bacteria may have the answer.<br><br>Funding Statement: None.<br><br>Declaration of Interests: None.<br><br>Ethics Approval Statement: No ethics committee or institutional review board was necessary because studies were already available in the literature.",2020-11-10
Potential repurposed SARS-CoV-2 (COVID-19) infection drugs.,"The global outbreak of COVID-19 viral infection is associated with the absence of specific drug(s) for fighting this viral infection. About 10 million people are already infected, about 500 000 deaths all over the world to date. Great efforts have been made to find solutions for this viral infection, either vaccines, monoclonal antibodies, or small molecule drugs; this can stop the spread of infection to avoid the expected human, economic and social catastrophe associated with this infection. In the literature and during clinical trials in hospitals, several FDA approved drugs for different diseases have the potential to treat or reduce the severity of COVID-19. Repurposing of these drugs as potential agents to treat COVID-19 reduces the time and cost to find effective COVID-19 agents. This review article summarizes the present situation of transmission, pathogenesis and statistics of COVID-19 in the world. Moreover, it includes chemistry, mechanism of action at the molecular level of the possible drug molecules which are liable for redirection as potential COVID-19 therapeutic agents. This includes polymerase inhibitors, protease inhibitors, malaria drugs, lipid lowering statins, rheumatoid arthritis drugs and some miscellaneous agents. We offer research data and knowledge about the chemistry and biology of potential COVID-19 drugs for the research community in this field.",2020-07-17
<i>In silico</i> study indicates antimalarials as direct inhibitors of SARS-CoV-2-RNA dependent RNA polymerase.,"Coronavirus disease 2019 (COVID-19) caused by Severe Acute Respiratory Syndrome Coronavirus 2 (SARS-CoV-2) has caused a global pandemic. RNA-dependent RNA polymerase (RdRp) is the key component of the replication or transcription machinery of coronavirus. Therefore SARS-CoV-2-RdRp has been chosen as an important target for the development of antiviral drug(s). During the early pandemic of the COVID-19, chloroquine and hydroxychloroquine were suggested by the researchers for the prevention or treatment of SARS-CoV-2. In our study, the antimalarial compounds have been screened and docked against SARS-CoV-2-RdRp (PDB ID: 7BTF), and it was observed that the antimalarials chloroquine, hydroxychloroquine, and amodiaquine exhibit good affinity. Since the crystal structure of SARS-CoV-2-RdRp with its substrate is not available, poliovirus-RdRp crystal structure co-crystallized with its substrate ATP (PDB ID: 2ILY) was used as a reference structure. The superimposition of SARS-CoV-2-RdRp and poliovirus-RdRp structures showed that the active sites of both of the RdRps superimposed very well. The amino acid residues involved in the binding of ATP in the case of poliovirus-RdRp and residues involved in binding with the antimalarial compounds with SARS-CoV-2-RdRp were compared. In both cases, the conserved residues were found to be involved in establishing the interactions. The MMGBSA and molecular dynamic simulation studies were performed to strengthen our docking results. Further residues involved in binding of antimalarials with SARS-CoV-2-RdRp were compared with the residues involved in the SARS-CoV-2-RdRp complexed with remdesivir [PDB ID: 7BV2]. It was observed that co-crystallized remdesivir and docked antimalarials bind in the same pocket of SARS-CoV-2 -RdRp.Communicated by Ramaswamy H. Sarma.",2021-01-21
The Pipeline of Therapeutics Testing During the Emergency Phase of the COVID-19 Outbreak.,"The coronavirus disease 19 (COVID-19) pandemic poses a serious threat to the sustainability of healthcare systems and is currently having a significant effect on living conditions worldwide. No therapeutic agent has yet proven to be effective for the treatment of COVID-19. The management of this disease currently relies on supportive care and the off-label and compassionate use of antivirals and immunomodulators. Nevertheless, there has been a great worldwide effort to progress research and test the efficacy and safety/tolerability profiles of numerous candidate agents that may positively affect the various clinical syndromes associated with COVID-19. In parallel, vaccination and chemoprophylaxis strategies are being investigated. This article provides a summary of interventional studies targeting COVID-19 during the emergency phase of the outbreak to broadly inform clinicians and researchers on what happened and what they can expect in upcoming months. The clinicaltrials.gov database and the European Union (EU) Clinical Trials Register were investigated on March 31, 2020, to identify all ongoing phase 1-4 research protocols testing pharmacological interventions targeting SARS-CoV-2 infection and/or clinical syndromes associated with COVID-19. Overall, six phase 1, four phase 1-2, 14 phase 2, ten phase 2-3, 19 phase 3, and nine phase 4 studies were identified, and the features of these studies are described in the present review. We also provide an updated overview of the change overtime in the pipeline following this emergency phase and based on the current epidemiology of the COVID-19 pandemic.",2020-09-24
Pharmacological insight into potential therapeutic agents for the deadly Covid-19 pandemic.,"Coronaviruses are pleomorphic, enveloped, or spherical viruses, which have a size ranging from 80 to 120 nm. These viruses act on receptors that cause the triggering of fusion. Coronaviruses were first described after cultivation from patients with common colds by Tyrell and Bynoe in 1966. There are various subtypes of coronavirus, 7 out of these can cause infection in human beings. The Alpha subtype is responsible for mild infection showing symptoms or infection without any prevailing symptoms. On the other hand, the beta subtype is responsible for very serious diseases leading to fatality. The lineage of this novel SARS-CoV-2 falls under the beta lineage of the beta coronavirus which has been observed to have a relation to the MERS and SARS coronavirus. In the Huanan market selling seafood, the transition of this novel virus in humans from animals has occurred. It has the potential to be the cause of widespread fatality amongst the people of the globe. On August 16, 2020, the World Health Organisation had reported 2,1294,845 cases which are confirmed to date out of which 413,372 deaths have occurred. Currently, no targeted antiviral vaccines or drugs to fight against COVID-19 infection have been approved for use in humans. This pandemic is fast emerging and drug repurposing is the only ray of hope which can ensure quick availability. Vaccine development is progressing each day with various platforms such as DNA, Live Attenuated Virus, Non-Replicating Viral Vector, Protein Subunit, and RNA, being utilized for the development. COVID-19 attacks the immune system of the host & this can result in a cytokine storm. As a result, various herbal agents both acting as antivirals and immunomodulatory can also be used. Convalescent Plasma Therapy and Mesenchymal Stem Cell therapy are also being explored as a plausible therapeutic. There remains a considerable unmet need for therapeutics to be addressed. The development and availability of accessible and efficient therapy are essential for the treatment of patients. This review discusses the epidemiology, pathogenesis, the tale of origin, and transmission of COVID-19 or Sars-Cov2 virus and gives evidence of potential therapeutic agents that can be explored to cast away this pandemic.",2020-10-13
Pride and Prejudice during the COVID-19 Pandemic: The Misfortune of Inappropriate Clinical Trial Design.,"Coronavirus Disease 2019 (COVID-19) is a rapidly evolving global pandemic for which more than a thousand clinical trials have been registered to secure therapeutic effectiveness, expeditiously. Most of these are single-center non-randomized studies rather than multi-center, randomized controlled trials. Single-arm trials have several limitations and may be conducted when spontaneous improvement is not anticipated, small placebo effect exists, and randomization to a placebo is not ethical. In an emergency where saving lives takes precedence, it is ethical to conduct trials with any scientifically proven design, however, safety must not be compromised. A phase II or III trial can be conducted directly in a pandemic with appropriate checkpoints and stopping rules. COVID-19 has two management paradigms- antivirals, or treatment of its complications. Simultaneous assessment of two different treatments can be done using 2 × 2 factorial schema. World Health Organization's SOLIDARITY trial is a classic example of the global research protocol which can evaluate the preferred treatment to combat COVID-19 pandemic. Short of that, a trial design must incorporate the practicality of the intervention used, and an appropriate primary endpoint which should ideally be a clinical outcome. Collaboration between institutions is needed more than ever to successfully execute and accrue in randomized trials.",2020-08-07
Comparing the First and Second Wave of COVID-19 in Kidney Transplant Recipients: An East-European Perspective.,"<h4>Background</h4>The present study examined whether patient characteristics, management, and outcome of kidney transplant recipients (KTx) with COVID-19 changed in the second versus the first pandemic wave.<h4>Methods</h4>We reviewed all available data (demographics, medical history, comorbidities, therapeutic interventions, and outcome) on our KTx with COVID-19 during the first wave (March-September 2020, n = 33) and the second wave (October 2020-February 2021, n = 149) of the COVID-19 pandemic.<h4>Results</h4>One hundred eighty-two out of our 1,503 KTx in active follow-up got COVID-19 during 12-month period, corresponding to a prevalence of 12.1%. No difference was found in age, gender distribution, comorbidities, body mass index, or baseline immunosuppression between the 2 COVID-19 waves. Bilateral COVID pneumonia was more frequent during the first wave. More KTx were managed as outpatients during the second wave (15 vs. 39%, p < 0.01). Calcineurin inhibitors were more sparingly reduced during the second wave, whereas antimetabolites were similarly reduced (91 vs. 86, p = ns). Admission to intensive care units was comparable between the first (27%) and second waves (23%). During the first wave, 8 out of 9 patients (89%) requiring intensive care died, whereas the mortality of the ICU patients in the second wave was 68% (23 deaths) (p = 0.2). The overall mortality was 24% during the first wave and 16% during the second wave (p = 0.21), while in-hospital mortality was identical between the CO-VID-19 waves (27%). Increasing age and poor allograft function were significant predictors of mortality.<h4>Conclusions</h4>Most patient characteristics and outcome were comparable between the first 2 COVID-19 waves. More KTx were managed as outpatients without an overall negative impact on outcome.",2021-07-29
Management of COVID-19 in people with epilepsy: drug considerations.,"People with epilepsy (PWE) are neither more likely to be infected by the coronavirus nor are they more likely to have severe COVID-19 manifestations because they suffer from epilepsy. However, management of COVID-19 in PWE may be more complicated than that in other individuals. Drug-drug interactions could pose significant challenges and cardiac, hepatic, or renal problems, which may happen in patients with severe COVID-19, may require adjustment to antiepileptic drugs (AEDs). In this review, we first summarize the potential drug-drug interactions between AEDs and drugs currently used in the management of COVID-19. We then summarize other challenging issues that may happen in PWE, who have COVID-19 and are receiving treatment.",2020-06-27
The efficacy and safety of Favipiravir in treatment of COVID-19: a systematic review and meta-analysis of clinical trials.,"The novel coronavirus outbreak began in late December 2019 and rapidly spread worldwide, critically impacting public health systems. A number of already approved and marketed drugs are being tested for repurposing, including Favipiravir. We aim to investigate the efficacy and safety of Favipiravir in treatment of COVID-19 patients through a systematic review and meta-analysis. This systematic review and meta-analysis were reported in accordance with the PRISMA statement. We registered the protocol in the PROSPERO (CRD42020180032). All clinical trials which addressed the safety and efficacy of Favipiravir in comparison to other control groups for treatment of patients with confirmed infection with SARS-CoV2 were included. We searched electronic databases including LitCovid/PubMed, Scopus, Web of Sciences, Cochrane, and Scientific Information Database up to 31 December 2020. We assessed the risk of bias of the included studies using Cochrane Collaboration criteria. All analyses were performed using the Comprehensive Meta-Analysis software version 2, and the risk ratio index was calculated. Egger and Begg test was used for assessing publication bias. Nine studies were included in our meta-analysis. The results of the meta-analysis revealed a significant clinical improvement in the Favipiravir group versus the control group during seven days after hospitalization (RR = 1.24, 95% CI: 1.09-1.41; P = 0.001). Viral clearance was more in 14 days after hospitalization in Favipiravir group than control group, but this finding marginally not significant (RR = 1.11, 95% CI: 0.98-1.25; P = 0.094). Requiring supplemental oxygen therapy in the Favipiravir group was 7% less than the control group, (RR = 0.93, 95% CI: 0.67-1.28; P = 0.664). Transferred to ICU and adverse events were not statistically different between two groups. The mortality rate in the Favipiravir group was approximately 30% less than the control group, but this finding not statistically significant. Favipiravir possibly exerted no significant beneficial effect in the term of mortality in the general group of patients with mild to moderate COVID-19. We should consider that perhaps the use of antiviral once the patient has symptoms is too late and this would explain their low efficacy in the clinical setting.",2021-05-26
The use of remdesivir for the management of patients with moderate-to-severe COVID-19: a systematic review.,"<h4>Objective</h4>We systematically reviewed the evidence of published original research to determine the role of remdesivir in the management of patients with COVID-19 and a moderate-to-severe course of illness.<h4>Methods</h4>A systematic search of articles was conducted in scientific databases, with the latest update in May 2021. This paper systematically reviewed the clinical evidence available (randomized controlled trials, compassionate use studies, and case reports) on the use of remdesivir for patients with moderate or severe COVID-19.<h4>Results</h4>A total of eleven studies were included: four studies based on compassionate use of remdesivir, three randomized, double-blind, placebo-controlled, multicentre trials, three randomized, open-label, phase III trials, and one case report. Clinical improvement and mortality rates in patients who used remdesivir varied across studies.<h4>Conclusion</h4>Given the current evidence, there is insufficient data to confidently recommend the use of remdesivir alone for the treatment of adult hospitalized patients with moderate-to-severe COVID-19. However, remdesivir may be considered along with an anti-inflammatory agent in patients with pneumonia, on oxygen support, provided there is close monitoring of clinical and laboratory parameters and adverse events.",2021-07-29
"SARS-CoV-2 Treatment Approaches: Numerous Options, No Certainty for a Versatile Virus.","SARS-CoV-2 is the most recent coronavirus which crossed the species barrier in 2019 and provoked a still ongoing and dangerous pandemic known as coronavirus disease 2019 (COVID-19). The SARS-CoV-2 infection has triggered an impressive amount of clinical and experimental studies to identify an effective and safe therapy to stop the pandemic spread. Hence, numerous trials and studies have scrutinized the analogies between SARS-CoV-2 and other corona viruses or the host-virus interactions and their similarities with immune system disorders. Still, the pathogenic mechanisms behind SARS-CoV-2 have been partially deciphered and the current therapies have not yet met the initial enthusiastic expectations. So far COVID-19 therapies have targeted various pathogenic mechanisms, namely the neutralization of ACE2 receptors or SARS-CoV-2 spike protein epitopes, the disruption of the endocytic pathways using hydroxychloroquine, arbidol, or anti-Janus kinase inhibitors, the inhibition of RNA-dependent RNA polymerase using nucleotide analogues such as remdesivir, immunosuppressive drugs or molecules acting on the immune response (corticoids, interferons, monoclonal antibodies against inflammatory cytokines, mesenchymal stem cells) and convalescent plasma administration together with numerous drugs with unproven effect against SARS-CoV-2 but with potential antiviral activities (antiretrovirals, antimalarial drugs, antibiotics, etc.). Nevertheless, these therapies have been associated with side effects and contradictory results. At the same time a specific SARS-CoV-2 vaccine is a long-term solution requiring clinical validation and important investments together with appropriate strategies to promote the confidence in the safety of the new vaccine. The article revises the current state of SARS-CoV-2 therapeutic options but advises towards a more cautious and individualized treatment approach centred on the clinical features, immune particularities, and the risk-benefit balance.",2020-08-26
Drug-induced organ injury in coronavirus disease 2019 pharmacotherapy: Mechanisms and challenges in differential diagnosis and potential protective strategies.,"The world is currently facing an unprecedented pandemic caused by a newly recognized and highly pathogenic coronavirus disease 2019 (COVID-19; induced by SARS-CoV-2 virus), which is a severe and ongoing threat to global public health. Since COVID-19 was officially declared a pandemic by the World Health Organization in March 2020, several drug regimens have rapidly undergone clinical trials for the management of COVID-19. However, one of the major issues is drug-induced organ injury, which is a prominent clinical challenge. Unfortunately, most drugs used against COVID-19 are associated with adverse effects in different organs, such as the kidney, heart, and liver. These side effects are dangerous and, in some cases, they can be lethal. More importantly, organ injury is also a clinical manifestation of COVID-19 infection. These adverse reactions are increasingly recognized as outcomes of COVID-19 infection. Therefore, the differential diagnosis of drug-induced adverse effects from COVID-19-induced organ injury is a clinical complication. This review highlights the importance of drug-induced organ injury, its known mechanisms, and the potential therapeutic strategies in COVID-19 pharmacotherapy. We review the potential strategies for the differential diagnosis of drug-induced organ injury. This information can facilitate the development of therapeutic strategies, not only against COVID-19 but also for future outbreaks of other emerging infectious diseases.",2021-05-11
Evaluation of the Prescribed Drugs to Elderly in a Tertiary Healthcare Center for Possible Drug Interactions with Investigational Drugs for COVID-19 Treatment.,"<h4>Objective</h4>Earlier identifying drug interactions may help in risk reduction in elderly patients.<h4>Methods</h4>Drug prescription data of 212 elderly patients of tertiary health care center had been analyzed for possible drug interactions with investigational drugs for COVID-19 treatment. Drug interaction had been checked from Stockley's Drug Interaction 2019 and Martindale the Complete Drug Reference 2017 and standard reference books of Pharmacology.<h4>Findings</h4>Different types of drugs prescribed in the elderly were 260 and out of which 68 (26.36%) were in the category of fixed-dose combinations. Around 150 (70.75%) elderly patients were having one or more associated comorbidities. Thirty-five drugs prescribed to elderly had been found to cause drug interaction with investigational drugs for COVID-19. Possible drug interactions are mediated through CYP3A4 (eighteen patients), CYP2D6 (seven patients) isoenzymes, or <i>P</i> glycoproteins transporters (three patients).<h4>Conclusion</h4>Possible drug interactions predicted in this study suggested need for modification of dose of drug or watchfulness for adverse effects. If these drug interactions are considered beforehand, complications can be prevented on account of these drug interactions in elderly who are suffering from COVID-19.",2020-10-01
Severe acute respiratory syndrome coronavirus 2 (SARS-CoV2) in Kidney transplant patients: A case series and literature review.,"COVID-19 is a novel highly contagious disease caused by the severe acute respiratory syndrome coronavirus 2 (SARS-CoV-2). Immunosuppressed people are at a higher risk for unfavourable outcomes if infected with SARS-CoV-2, as cellular immunity plays a key role in determining the course and outcome in COVID-19. Kidney transplant recipients (KTRs) are thus a distinct subset of the population. We describe our early experience with 2 KTRs requiring hospital admission due to COVID-19 and who recovered well. We conclude that timely intervention in the form of modifying immunosuppression and close monitoring and institution of further measures based on clinical severity is needed in KTRs with COVID-19.",2021-02-03
"COVID-19: Antiviral Agents, Antibody Development and Traditional Chinese Medicine.","The World Health Organization (WHO) has declared coronavirus disease 2019 (COVID-19) is the first pandemic caused by coronavirus named severe acute respiratory syndrome coronavirus 2 (SARS-CoV-2). Currently, there is no effective anti-SARS-CoV-2 drug approved worldwide for treatment of patients with COVID-19. Therapeutic options in response to the COVID-19 outbreak are urgently needed. To facilitate the better and faster development of therapeutic COVID-19 drugs, we present an overview of the global promising therapeutic drugs, including repurposing existing antiviral agents, network-based pharmacology research, antibody development and traditional Chinese medicine. Among all these drugs, we focus on the most promising drugs (such as favipiravir, tocilizumab, SARS-CoV-2 convalescent plasma, hydroxychloroquine, Lianhua Qingwen, interferon beta-1a, remdesivir, etc.) that have or will enter the final stage of human testing-phase III-IV clinical trials.",2020-09-30
COVID-19 infection and rheumatoid arthritis: mutual outburst cytokines and remedies.,"In March 2020, COVID-19 infection caused by SARS-CoV-2 has been declared to be a global pandemic, where its complications, severity and mortality are reported to be due to the released inflammatory cytokines or the so-called cytokine storm. This is quite similar to that observed in the autoimmune and chronic inflammatory rheumatic disease, rheumatoid arthritis (RA). It was hypothesized that RA patients are at a higher risk of acquiring COVID-19; however, recent studies reported that they are not when compared to the rest of the population. In this review, we aim to highlight the mutual pathological features, cytokine profiles and risk factors between COVID-19 and RA. Also, many researchers are currently working to explore therapeutic agents that could aid in the eradication of COVID-19 infection. Due to the similarity between the inflammation status in COVID-19 and RA, many anti-rheumatic drugs such as hydroxychloroquine, tocilizumab, baricitinib and anakinra were proposed to be therapeutic modalities for COVID-19 infection.",2021-04-08
Pharmacogenomics and COVID-19: clinical implications of human genome interactions with repurposed drugs.,"The outbreak of Coronavirus disease 2019 (COVID-19) has evolved into an emergent global pandemic. Many drugs without established efficacy are being used to treat COVID-19 patients either as an offlabel/compassionate use or as a clinical trial. Although drug repurposing is an attractive approach with reduced time and cost, there is a need to make predictions on success before the start of therapy. For the optimum use of these repurposed drugs, many factors should be considered such as drug-gene or dug-drug interactions, drug toxicity, and patient co-morbidity. There is limited data on the pharmacogenomics of these agents and this may constitute an obstacle for successful COVID-19 therapy. This article reviewed the available human genome interactions with some promising repurposed drugs for COVID-19 management. These drugs include chloroquine (CQ), hydroxychloroquine (HCQ), azithromycin, lopinavir/ritonavir (LPV/r), atazanavir (ATV), favipiravir (FVP), nevirapine (NVP), efavirenz (EFV), oseltamivir, remdesivir, anakinra, tocilizumab (TCZ), eculizumab, heme oxygenase 1 (HO-1) regulators, renin-angiotensin-aldosterone system (RAAS) inhibitors, ivermectin, and nitazoxanide. Drug-gene variant pairs that may alter the therapeutic outcomes in COVID-19 patients are presented. The major drug variant pairs that associated with variations in clinical efficacy include CQ/HCQ (CYP2C8, CYP2D6, ACE2, and HO-1); azithromycin (ABCB1); LPV/r (SLCO1B1, ABCB1, ABCC2 and CYP3A); NVP (ABCC10); oseltamivir (CES1 and ABCB1); remdesivir (CYP2C8, CYP2D6, CYP3A4, and OATP1B1); anakinra (IL-1a); and TCZ (IL6R and FCGR3A). The major drug variant pairs that associated with variations in adverse effects include CQ/HCQ (G6PD; hemolysis and ABCA4; retinopathy), ATV (MDR1 and UGT1A1*28; hyperbilirubinemia; and APOA5; dyslipidemia), NVP (HLA-DRB1*01, HLA-B*3505 and CYP2B6; skin rash and MDR1; hepatotoxicity), and EFV (CYP2B6; depression and suicidal tendencies).",2021-02-04
In Pursuit of Freedom from COVID-19 Awareness in India: An Infodemiological Analysis.,"<b>How to cite this article:</b> Sarkar S, Khanna P. In Pursuit of Freedom from COVID-19 Awareness in India: An Infodemiological Analysis. Indian J Crit Care Med 2021;25(4):470-472.",2021-04-01
"Practice considerations on the use of investigational anti-COVID-19 medications: Dosage, administration and monitoring.","<h4>What is known and objective</h4>Understanding investigational medications is important. Many older drugs are being investigated for repurposing against COVID-19. We comment on various drugs currently undergoing such trials to optimize their safe use.<h4>Comment</h4>We describe medications used during early COVID-19 outbreaks in South Korea, focusing on practice aspects including the method of drug administration, drug formulation, patient-monitoring for adverse reactions and drug interactions informed by our experience during the 2015 outbreak of Middle East respiratory syndrome (MERS). We comment on hydroxychloroquine, chloroquine, lopinavir/ritonavir with zinc supplement, remdesivir, tocilizumab, ciclesonide, niclosamide and high-dose intravenous immunoglobulin (IVIG).<h4>What is new and conclusion</h4>Effective therapies are urgently needed to manage COVID-19, and existing drugs such as antivirals and antimalarials are under investigation for repurposing to meet this need. This process requires up-to-date drug information to ensure optimum use, particularly safety and efficacy profiles of the medications, until convincing evidence is reported.",2020-06-11
Missing clinical trial data: the evidence gap in the safety of potential COVID-19 drugs,"<title>Abstract</title>  <p>Background: Several drugs are being repurposed for the treatment of the coronavirus disease 2019 (COVID-19) pandemic based on in vitro or early clinical findings. As these drugs are being used in varied regimens and dosages, it is important to enable synthesis of existing safety data from clinical trials. However, availability of safety information is limited by a lack of timely reporting of clinical trial results on public registries or through academic publication. We aimed to analyse the evidence gap in safety data by quantifying the number of missing clinical trial results for drugs potentially being repurposed for COVID-19 by conducting a rapid review of results posting on ClinicalTrials.gov and in academic publications. <h4>Methods:</h4> ClinicalTrials.gov was searched for 19 drugs that have been identified as potential treatments for COVID-19. Relevant clinical trials for any prior indication were listed by identifier (NCT number) and checked for results and for timely result reporting (within 395 days of the primary completion date). Additionally, PubMed and Google Scholar were searched to identify publications of results not listed on the registry. A second, blinded search of 10% of trials was conducted to assess reviewer concordance. <h4>Results:</h4> Of 3754 completed trials, 1516 (40.4%) did not post results on ClinicalTrials.gov or in the academic literature. 1172 (31.2%) completed trials had tabular results on ClinicalTrials.gov. A further 1066 (28.4%) completed trials had results from the literature search, but did not report results on ClinicalTrials.gov. Key drugs missing clinical trial results include hydroxychloroquine (37.0% completed trials unreported), favipiravir (77.8%) and lopinavir (40.5%). <h4>Conclusions:</h4> There is an important evidence gap for the safety of drugs being repurposed for COVID-19. This uncertainty could cause a large burden of additional morbidity and mortality during the pandemic. We recommend caution in experimental drug use for non-severe disease and urge clinical trial sponsors to report missing results retrospectively.</p>",2020-10-20
Natural history of COVID-19 and current knowledge on treatment therapeutic options.,"Despite intense research there is currently no effective vaccine available against the new severe acute respiratory syndrome coronavirus-2 (SARS-CoV-2) emerged in the later 2019 and responsible for the COVID-19 pandemic. This infectious and communicable disease has become one of the major public health challenges in the world. The clinical management of COVID-19 has been limited to infection prevention and control measures associated with supportive care such as supplemental oxygen and mechanical ventilation. Meanwhile efforts to find an effective treatment to inhibit virus replication, mitigate the symptoms, increase survival and decrease mortality rate are ongoing. Several classes of drugs, many of them already in use for other diseases, are being evaluated based on the body of clinical knowledge obtained from infected patients regarding to the natural history and evolution of the infection. Herein we will provide an updated overview of the natural history and current knowledge on drugs and therapeutic agents being tested for the prevention and treatment of COVID-19. These include different classes of drugs such as antiviral agents (chloroquine, ivermectin, nitazoxanide, hydroxychloroquine, lopinavir, remdesivir, tocilizumab), supporting agents (Vitamin C, Vitamin D, azithromycin, corticosteroids) and promising investigational vaccines. Considering the controversies and excessive number of compounds being tested and reported in the literature we hope that this review can provide useful and updated consolidated information on potential drugs used to prevent, control and treat COVID-19 patients worldwide.",2020-07-03
Evaluation of Current Therapies for COVID-19 Treatment.,"The virus SARS-CoV-2, the etiological agent of COVID-19, is responsible for more than 400,000 deaths worldwide as of 10 June 2020. As a result of its recent appearance (December 2019), an efficacious treatment is not yet available. Although considered a lung infection since its emergence, COVID-19 is now causing multiple organ failure, requiring a continuous adjustment in the procedures. In this review, we summarize the current literature surrounding unproven therapies for COVID-19. Analyses of the clinical trials were grouped as chemotherapy, serotherapy, anticoagulant, and the use of human recombinant soluble ACE2 therapies. We conclude that, while no agent has hit the threshold for quality of evidence to demonstrate efficacy and safety, preliminary data show potential benefits. Moreover, there is a possibility for harm with these unproven therapies, and the decision to treat should be based on a comprehensive risk-benefit analysis.",2020-07-22
"COVID-19 Investigational Treatments in Use Among Hospitalized Patients Identified Through the US Coronavirus Disease 2019-Associated Hospitalization Surveillance Network, March 1-June 30, 2020.","Using a coronavirus disease 2019 (COVID-19)-associated hospitalization surveillance network, we found that 42.5% of hospitalized COVID-19 cases with available data from March 1-June 30, 2020, received ≥1 COVID-19 investigational treatment. Hydroxychloroquine, azithromycin, and remdesivir were used frequently; however, hydroxychloroquine and azithromycin use declined over time, while use of remdesivir increased.",2020-11-09
Mortality Benefit of Convalescent Plasma in COVID-19: A Systematic Review and Meta-Analysis.,"<b>Importance/Background:</b> With a scarcity of high-grade evidence for COVID-19 treatment, researchers and health care providers across the world have resorted to classical and historical interventions. Immunotherapy with convalescent plasma (CPT) is one such therapeutic option. <b>Methods:</b> A systematized search was conducted for articles published between December 2019 and 18th January 2021 focusing on convalescent plasma efficacy and safety in COVID-19. The primary outcomes were defined as mortality benefit in patients treated with convalescent plasma compared to standard therapy/placebo. The secondary outcome was pooled mortality rate and the adverse event rate in convalescent plasma-treated patients. <b>Results:</b> A total of 27,706 patients were included in the qualitative analysis, and a total of 3,262 (2,127 in convalescent plasma-treated patients and 1,135 in the non-convalescent plasma/control group) patients died. The quantitative synthesis in 23 studies showed that the odds of mortality in patients who received plasma therapy were significantly lower than those in patients who did not receive plasma therapy [odds ratio (OR) 0.65, 95% confidence interval (CI) 0.53-0.80, <i>p</i> < 0.0001, <i>I</i> <sup>2</sup> = 15%). The mortality benefit remains the same even for 14 trials/prospective studies (OR 0.59, 95% CI 0.43-0.81, <i>p</i> = 0.001, <i>I</i> <sup>2</sup> = 22%) as well as for nine case series/retrospective observational studies (OR 0.78, 95% CI 0.65-0.94, <i>p</i> = 0.01, <i>I</i> <sup>2</sup> = 0%). However, in a subgroup analysis for 10 randomized controlled trials (RCTs), there was no statistically significant reduction in mortality between the CPT group compared to the non-CPT group (OR 0.76, 95% CI 0.53-1.08, <i>p</i> = 0.13, <i>I</i> <sup>2</sup> = 7%). Furthermore, the sensitivity analysis of 10 RCTs, excluding the study with the highest statistical weight, displayed a lower mortality rate compared to that of non-CPT COVID-19 patients (OR 0.64, 95% CI 0.42-0.97, <i>p</i> = 0.04, <i>I</i> <sup>2</sup> = 0%). The observed pooled mortality rate was 12.9% (95% CI 9.7-16.9%), and the pooled adverse event rate was 6.1% (95% CI 3.2-11.6), with significant heterogeneity. <b>Conclusions and Relevance:</b> Our systemic review and meta-analysis suggests that CPT could be an effective therapeutic option with promising evidence on the safety and reduced mortality in concomitant treatment for COVID-19 along with antiviral/antimicrobial drugs, steroids, and other supportive care. Future exploratory studies could benefit from more standardized reporting, especially in terms of the timing of interventions and clinically relevant outcomes, like days until discharge from the hospital and improvement of clinical symptoms.",2021-04-09
Potential drug-drug interactions associated with drugs currently proposed for COVID-19 treatment in patients receiving other treatments.,"Patients with COVID-19 are sometimes already being treated for one or more other chronic conditions, especially if they are elderly. Introducing a treatment against COVID-19, either on an outpatient basis or during hospitalization for more severe cases, raises the question of potential drug-drug interactions. Here, we analyzed the potential or proven risk of the co-administration of drugs used for the most common chronic diseases and those currently offered as treatment or undergoing therapeutic trials for COVID-19. Practical recommendations are offered, where possible.",2020-07-24
COVID-19: An Update About the Discovery Clinical Trial.,"Finding efficacious and safe treatments for COVID-19 emerges as a crucial need in order to control the spread of the pandemic. Whereas plasma therapy attracts much interest, the European project Discovery focuses on the potentialities of small molecules like remdesivir, the combination of lopinavir/ritonavir, hydroxychloroquine, and chloroquine. Results recently published on the clinical evaluation of those drugs are compiled in this brief report, although complete data are still impatiently awaited.",2020-05-14
"Traveling for heart transplantation and returning with COVID-19: a logistical, clinical, and pharmacotherapeutic challenge from the Middle East.","Heart transplantation (HT) has become a standard option for patients with end-stage heart failure (HF). However, the scarcity of donor availability remains a major hurdle for receiving this novel therapy, especially in the context of the rapidly spreading severe acute respiratory syndrome coronavirus 2 (SARS-CoV-2; COVID-19) pandemic. We report the case of a patient in the United Arab Emirates (UAE) with advanced HF who was glucose-6-phosphate dehydrogenase deficient and had a history of type 2 diabetes mellitus with diabetic retinopathy and nephropathy, chronic kidney disease stage II, and hyperlipidemia. He was referred for HT abroad and was subsequently caught in the midst of the COVID-19 pandemic in New York, the US state most affected by the crisis at the time. Despite limited experience with favipiravir, we judged it to be the most appropriate agent with this patient's complex history given the lower risk for QT prolongation, no need for renal-dose adjustment, and no reported drug-drug interactions. Given the limited clinical experience with this agent, particularly for our patient, we decided to adopt strategies to mitigate and monitor the potential for QT prolongation. We outline the logistical, clinical, and pharmacological challenges that the poly-morbid patient and our HT program in the Middle-East faced under those novel circumstances.",2020-10-31
Immune reconstitution and severity of COVID-19 among hematopoietic cell transplant recipients.,"Severe acute respiratory syndrome coronavirus 2 can lead to life-threatening coronavirus disease 2019 (COVID-19) infections in patients with hematologic malignancies, particularly among hematopoietic cell transplant (HCT) recipients. We describe two patients with COVID-19 during the pre-engraftment period after HCT and review previous reports of COVID-19 in HCT recipients. Because of significant mortality from COVID-19, primarily after allogeneic HCT, early, preemptive, and optimal directed therapy may improve outcomes and reduce the mortality rate but still needs to be established in clinical trials.",2021-04-03
Evolving Treatment Patterns for Hospitalized COVID-19 Patients in the United States in April 2020-July 2020.,"We sought to examine the trend (April-July) in the treatment patterns among hospitalized COVID-19 patients using the Premier Healthcare Database (PHD). In the analysis, we identified 53,264 patients from 302 hospitalsthat continuously provided inpatient data from April 1, 2020 to July 31, 2020 to the PHD, a nationwide, population-based multihospital research database in the US. We used generalized estimating equations (GEE) models to assess changes in the proportion of therapies used during the study period. After adjusting for patient and provider factors, a decline in hydroxychloroquine and an increase in azithromycin and dexamethasone were observed among COVID-19 patients during the 4-month study period.",2021-01-25
"Minimum manufacturing costs, national prices and estimated global availability of new repurposed therapies for COVID-19","<h4>Background</h4> Currently, only dexamethasone, tocilizumab and sarilumab have conclusively been shown to reduce mortality of COVID-19. Safe and effective treatments will need to be both affordable and widely available globally to be used alongside vaccination programmes. This analysis will estimate and compare potential generic minimum costs of a selection of approved COVID-19 drug candidates with available international list prices. <h4>Methods</h4> We searched for repurposed drugs that have been approved by at least one of the WHO, FDA or NICE, or at least given emergency use authorisation or recommended for off-label prescription. Drug prices were searched for, for dexamethasone, budesonide, baricitinib, tocilizumab, casirivimab and imdevimab, and sarilumab using active pharmaceutical ingredients (API) data extracted from global shipping records. This was compared with national pricing data from a range of low, medium, and high-income countries. Annual API export volumes from India were used to estimate the current availability of each drug. <h4>Results</h4> Repurposed therapies can be generically manufactured for some treatments at very low per-course costs, ranging from $2.58 for IV dexamethasone (or $0.19 orally) and $4.34 for inhaled budesonide. No export price data was available for baricitinib, tocilizumab, casirivimab and imdevimab or sarilumab, but courses of these treatments are priced highly, ranging from $6.67 for baricitinib to $875.5 for sarilumab. When comparing international list prices, we found wide variations between countries. <h4>Conclusions</h4> Successful management of COVID-19 will require equitable access to treatment for all populations, not just those able to pay high prices. Dexamethasone and budesonide are widely available and affordable, whilst monoclonal antibodies and IV treatment courses are more expensive. <h4>Key Points</h4> Re-purposed drugs must be affordable worldwide to compliment COVID-19 vaccine programmes. Estimated costs/course were: dexamethasone (Oral $0.22, IV $2.58), budesonide ($4.34), baricitnib ($6.67), tocilizumab ($410.59), sarilumab ($875.70). Casirivimab and imdevimab = no data available. High drug prices will limit access.",2021-06-03
Human coronaviruses and therapeutic drug discovery.,"<h4>Background</h4>Coronaviruses (CoVs) are distributed worldwide and have various susceptible hosts; CoVs infecting humans are called human coronaviruses (HCoVs). Although HCoV-specific drugs are still lacking, many potent targets for drug discovery are being explored, and many vigorously designed clinical trials are being carried out in an orderly manner. The aim of this review was to gain a comprehensive understanding of the current status of drug development against HCoVs, particularly severe acute respiratory syndrome coronavirus 2 (SARS-CoV-2).<h4>Main text</h4>A scoping review was conducted by electronically searching research studies, reviews, and clinical trials in PubMed and the CNKI. Studies on HCoVs and therapeutic drug discovery published between January 2000 and October 2020 and in English or Chinese were included, and the information was summarized. Of the 3248 studies identified, 159 publication were finally included. Advances in drug development against HCoV, especially SARS-CoV-2, are summarized under three categories: antiviral drugs aimed at inhibiting the HCoV proliferation process, drugs acting on the host's immune system, and drugs derived from plants with potent activity. Furthermore, clinical trials of drugs targeting SARS-CoV-2 are summarized.<h4>Conclusions</h4>During the spread of COVID-19 outbreak, great efforts have been made in therapeutic drug discovery against the virus, although the pharmacological effects and adverse reactions of some drugs under study are still unclear. However, well-designed high-quality studies are needed to further study the effectiveness and safety of these potential drugs so as to provide valid recommendations for better control of the COVID-19 pandemic.",2021-03-16
Quality of and Recommendations for Relevant Clinical Practice Guidelines for COVID-19 Management: A Systematic Review and Critical Appraisal.,"<b>Background:</b> The morbidity and mortality of coronavirus disease 2019 (COVID-19) are still increasing. This study aimed to assess the quality of relevant COVID-19 clinical practice guidelines (CPGs) and to compare the similarities and differences between recommendations. <b>Methods:</b> A comprehensive search was conducted using electronic databases (PubMed, Embase, and Web of Science) and representative guidelines repositories from December 1, 2019, to August 11, 2020 (updated to April 5, 2021), to obtain eligible CPGs. The Appraisal of Guidelines for Research and Evaluation (AGREE II) tool was used to evaluate the quality of CPGs. Four authors extracted relevant information and completed data extraction forms. All data were analyzed using R version 3.6.0 software. <b>Results:</b> In total, 39 CPGs were identified and the quality was not encouragingly high. The median score (interquartile range, IQR) of every domain from AGREE II for evidence-based CPGs (EB-CPGs) versus (vs.) consensus-based CPG (CB-CPGs) was 81.94% (75.00-84.72) vs. 58.33% (52.78-68.06) in scope and purpose, 59.72% (38.89-75.00) vs. 36.11% (33.33-36.11) in stakeholder involvement, 64.58% (32.29-71.88) vs. 22.92% (16.67-26.56) in rigor of development, 75.00% (52.78-86.81) vs. 52.78% (50.00-63.89) in clarity of presentation, 40.63% (22.40-62.50) vs. 20.83% (13.54-25.00) in applicability, and 58.33% (50.00-100.00) vs. 50.00% (50.00-77.08) in editorial independence, respectively. The methodological quality of EB-CPGs were significantly superior to the CB-CPGs in the majority of domains (<i>P</i> < 0.05). There was no agreement on diagnosis criteria of COVID-19. But a few guidelines show Remdesivir may be beneficial for the patients, hydroxychloroquine +/- azithromycin may not, and there were more consistent suggestions regarding discharge management. For instance, after discharge, isolation management and health status monitoring may be continued. <b>Conclusions:</b> In general, the methodological quality of EB-CPGs is greater than CB-CPGs. However, it is still required to be further improved. Besides, the consistency of COVID-19 recommendations on topics such as diagnosis criteria is different. Of them, hydroxychloroquine +/- azithromycin may be not beneficial to treat patients with COVID-19, but remdesivir may be a favorable risk-benefit in severe COVID-19 infection; isolation management and health status monitoring after discharge may be still necessary. Chemoprophylaxis, including SARS-CoV 2 vaccines and antiviral drugs of COVID-19, still require more trials to confirm this.",2021-06-10
Clinical efficacy of antiviral agents against coronavirus disease 2019: A systematic review of randomized controlled trials.,"Despite aggressive efforts on containment measures for the coronavirus disease 2019 (COVID-19) pandemic around the world, severe acute respiratory syndrome coronavirus 2 (SARS-CoV-2) is continuously spreading. Therefore, there is an urgent need for an effective antiviral agent. To date, considerable research has been conducted to develop different approaches to COVID-19 therapy. In addition to early observational studies, which could be limited by study design, small sample size, non-randomized design, or different timings of treatment, an increasing number of randomized controlled trials (RCTs) investigating the clinical efficacy and safety of antiviral agents are being carried out. This study reviews the updated findings of RCTs regarding the clinical efficacy of eight antiviral agents against COVID-19, including remdesivir, lopinavir/ritonavir, favipiravir, sofosbuvir/daclatasvir, sofosbuvir/ledipasvir, baloxavir, umifenovir, darunavir/cobicistat, and their combinations. Treatment with remdesivir could accelerate clinical improvement; however, it lacked additional survival benefits. Moreover, 5-day regimen of remdesivir might show adequate effectiveness in patients with mild to moderate COVID-19. Favipiravir was only marginally effective regarding clinical improvement and virological assessment based on the results of small RCTs. The present evidence suggests that sofosbuvir/daclatasvir may improve survival and clinical outcomes in patients with COVID-19. However, the sample sizes for analysis were relatively small, and all studies were exclusively conducted in Iran. Further larger RCTs in other countries are warranted to support these findings. In contrast, the present findings of limited RCTs did not indicate the use of lopinavir/ritonavir, sofosbuvir/ledipasvir, baloxavir, umifenovir, and darunavir/cobicistat in the treatment of patients hospitalized for COVID-19.",2021-06-26
Research progress on repositioning drugs and specific therapeutic drugs for SARS-CoV-2.,"SARS-CoV-2 has been widely spread around the world and COVID-19 was declared a global pandemic by the WHO. Limited clinically effective antiviral drugs are available now. The development of anti-SARS-CoV-2 drugs has become an urgent work worldwide. At present, potential therapeutic targets and drugs for SARS-CoV-2 are continuously reported, and many repositioning drugs are undergoing extensive clinical research, including remdesivir and chloroquine. On the other hand, structures of many important viral target proteins and host target proteins, including that of RdRp and Mpro were constantly reported, which greatly promoted structure-based drug design. This paper summarizes the current research progress and challenges in the development of anti-SARS-CoV-2 drugs, and proposes novel short-term and long-term drug research strategies.",2020-07-08
The role of antirheumatics in patients with COVID-19.,"The COVID-19 pandemic has resulted in more than 2 million deaths globally. Two interconnected stages of disease are generally recognised; an initial viral stage and a subsequent immune response phase with the clinical characteristics of hyperinflammation associated with acute respiratory distress syndrome. Therefore, many immune modulators and immunosuppressive drugs, which are widely used in rheumatological practice, have been proposed as treatments for patients with moderate or severe COVID-19. In this Review, we provide an overview of what is currently known about the efficacy and safety of antirheumatic therapies for the treatment of patients with COVID-19. Dexamethasone has been shown to reduce COVID-19 related mortality, interleukin-6 inhibitors to reduce risk of cardiovascular or respiratory organ support, and baricitinib to reduce time to recovery in hospitalised patients requiring oxygen support. Further studies are needed to identify whether there is any role for glucocorticoids in patients with less severe COVID-19. Although evidence on the use of other antirheumatic drugs has suggested some benefits, results from adequately powered clinical trials are urgently needed. The heterogeneity in dosing and the absence of uniform inclusion criteria and defined stage of disease studied in many clinical trials have affected the conclusions and comparability of trial results. However, after the success of dexamethasone in proving the anti-inflammatory hypothesis, the next 12 months will undoubtedly bring further clarity about the clinical utility and optimal dose and timing of other anti-rheumatic drugs in the management of COVID-19.",2021-03-30
Use of Remdesivir in Myasthenia gravis and COVID-19.,"Myasthenia gravis and the associated pharmacologic management options could place patients at higher risk of contracting severe acute respiratory syndrome coronavirus 2 and exhibiting more severe manifestations of the novel coronavirus disease 2019 (COVID-19). Multiple agents have been studied for the management of the COVID-19, including remdesivir. To date, no published reports have evaluated the utilization of the antiviral remdesivir in patients with myasthenia gravis. We describe the first reported clinical course of three patients with myasthenia gravis who safely received remdesivir in combination with dexamethasone for the management of COVID-19.",2021-04-27
Treatment patterns in US patients hospitalized with COVID-19 and pulmonary involvement.,"This study describes the baseline characteristics and treatment patterns of US patients hospitalized with a diagnosis of coronavirus disease 2019 (COVID-19) and pulmonary involvement. Patients hospitalized with pulmonary involvement due to COVID-19 (first hospitalization) were identified in the IBM Explorys® electronic health records database. Demographics, baseline clinical characteristics, and in-hospital medications were assessed. For evaluation of in-hospital medications, results were stratified by race, geographic region, age, and month of admission. Of 6564 hospitalized patients with COVID-19-related pulmonary involvement, 50.4% were male, and mean (SD) age was 62.6 (16.4) years; 75.2% and 23.6% of patients were from the South and Midwest, respectively, and 50.2% of patients were African American. Compared with African American patients, a numerically higher proportion of White patients received dexamethasone (19.7% vs. 31.8%, respectively), nonsteroidal anti-inflammatory drugs (NSAIDs; 27.1% vs. 34.9%), bronchodilators (19.8% vs. 29.5%), and remdesivir (9.3% vs. 21.0%). Numerically higher proportions of White patients than African American patients received select medications in the South but not in the Midwest. Compared with patients in the South, a numerically higher proportion of patients in the Midwest received dexamethasone (20.1% vs. 34.5%, respectively), NSAIDs (19.6% vs. 55.7%), bronchodilators (15.9% vs. 41.3%), and remdesivir (10.6% vs. 23.1%). Inpatient use of hydroxychloroquine decreased over time, whereas the use of dexamethasone and remdesivir increased over time. Among US patients predominantly from the South and Midwest hospitalized with COVID-19 and pulmonary involvement, differences were seen in medication use between different races, geographic regions, and months of hospitalization.",2021-05-31
Interventions for treatment of COVID-19: A living systematic review with meta-analyses and trial sequential analyses (The LIVING Project).,"<h4>Background</h4>Coronavirus disease 2019 (COVID-19) is a rapidly spreading disease that has caused extensive burden to individuals, families, countries, and the world. Effective treatments of COVID-19 are urgently needed.<h4>Methods and findings</h4>This is the first edition of a living systematic review of randomized clinical trials comparing the effects of all treatment interventions for participants in all age groups with COVID-19. We planned to conduct aggregate data meta-analyses, trial sequential analyses, network meta-analysis, and individual patient data meta-analyses. Our systematic review is based on Preferred Reporting Items for Systematic Reviews and Meta-Analysis (PRISMA) and Cochrane guidelines, and our 8-step procedure for better validation of clinical significance of meta-analysis results. We performed both fixed-effect and random-effects meta-analyses. Primary outcomes were all-cause mortality and serious adverse events. Secondary outcomes were admission to intensive care, mechanical ventilation, renal replacement therapy, quality of life, and nonserious adverse events. We used Grading of Recommendations Assessment, Development and Evaluation (GRADE) to assess the certainty of evidence. We searched relevant databases and websites for published and unpublished trials until August 7, 2020. Two reviewers independently extracted data and assessed trial methodology. We included 33 randomized clinical trials enrolling a total of 13,312 participants. All trials were at overall high risk of bias. We identified one trial randomizing 6,425 participants to dexamethasone versus standard care. This trial showed evidence of a beneficial effect of dexamethasone on all-cause mortality (rate ratio 0.83; 95% confidence interval [CI] 0.75-0.93; p < 0.001; low certainty) and on mechanical ventilation (risk ratio [RR] 0.77; 95% CI 0.62-0.95; p = 0.021; low certainty). It was possible to perform meta-analysis of 10 comparisons. Meta-analysis showed no evidence of a difference between remdesivir versus placebo on all-cause mortality (RR 0.74; 95% CI 0.40-1.37; p = 0.34, I2 = 58%; 2 trials; very low certainty) or nonserious adverse events (RR 0.94; 95% CI 0.80-1.11; p = 0.48, I2 = 29%; 2 trials; low certainty). Meta-analysis showed evidence of a beneficial effect of remdesivir versus placebo on serious adverse events (RR 0.77; 95% CI 0.63-0.94; p = 0.009, I2 = 0%; 2 trials; very low certainty) mainly driven by respiratory failure in one trial. Meta-analyses and trial sequential analyses showed that we could exclude the possibility that hydroxychloroquine versus standard care reduced the risk of all-cause mortality (RR 1.07; 95% CI 0.97-1.19; p = 0.17; I2 = 0%; 7 trials; low certainty) and serious adverse events (RR 1.07; 95% CI 0.96-1.18; p = 0.21; I2 = 0%; 7 trials; low certainty) by 20% or more, and meta-analysis showed evidence of a harmful effect on nonserious adverse events (RR 2.40; 95% CI 2.01-2.87; p < 0.00001; I2 = 90%; 6 trials; very low certainty). Meta-analysis showed no evidence of a difference between lopinavir-ritonavir versus standard care on serious adverse events (RR 0.64; 95% CI 0.39-1.04; p = 0.07, I2 = 0%; 2 trials; very low certainty) or nonserious adverse events (RR 1.14; 95% CI 0.85-1.53; p = 0.38, I2 = 75%; 2 trials; very low certainty). Meta-analysis showed no evidence of a difference between convalescent plasma versus standard care on all-cause mortality (RR 0.60; 95% CI 0.33-1.10; p = 0.10, I2 = 0%; 2 trials; very low certainty). Five single trials showed statistically significant results but were underpowered to confirm or reject realistic intervention effects. None of the remaining trials showed evidence of a difference on our predefined outcomes. Because of the lack of relevant data, it was not possible to perform other meta-analyses, network meta-analysis, or individual patient data meta-analyses. The main limitation of this living review is the paucity of data currently available. Furthermore, the included trials were all at risks of systematic errors and random errors.<h4>Conclusions</h4>Our results show that dexamethasone and remdesivir might be beneficial for COVID-19 patients, but the certainty of the evidence was low to very low, so more trials are needed. We can exclude the possibility of hydroxychloroquine versus standard care reducing the risk of death and serious adverse events by 20% or more. Otherwise, no evidence-based treatment for COVID-19 currently exists. This review will continuously inform best practice in treatment and clinical research of COVID-19.",2020-09-17
MO385THE IMPACT OF SARS-COV-2 INFECTION ON MORTALITY IN CKD PATIENTS – A SINGLE-CENTER PILOT STUDY,"Abstract <h4>Background and Aims</h4> Since the beginning of 2019, once COVID-19 pandemic was declared, there is a keen interest in understanding the impact of SARS-CoV-2 infection on chronic kidney disease (CKD) patients, regarding the influence on CKD progression and the suitable therapy options, as most of the indicated medications are contraindicated for a glomerular filtration rate (GFR) below 30 ml/min, and, in addition, there is a little experience in dialyzed patients. The aim of our single-center pilot study is to determine the influence of SARS-CoV-2 infection on CKD patients’ (dialyzed or not) outcome and hospitalization rate. <h4>Method</h4> We evaluated the patients diagnosed with COVID-19, admitted in our Department between October and December 2020. The inclusion criteria were: age > 18 years old, diagnosis of CKD – predialysis and hemodialyzed patients. The exclusion criteria were: patients without pre-existing CKD. All included subjects signed the patients’ consent. To all included patients we performed the following tests: total blood count, erythrocyte sedimentation rate, C-reactive protein, fibrinogen, ferritin, serum free iron, serum creatinine, urea, uric acid, calcemia, total proteins, electrolytes and acid-base balance, urinary exams (including urine culture), coagulation and lipid profile, quantitative D-dimer, IL-6, procalcitonin, and imaging tests (CT, pulmonary Rx, abdominal ultrasonography). The patients were monitored by the infectious disease medical team that adjusted the therapy according to the patients’ lab and imagistic results. The specific treatment for SARS-CoV-2 infection included primary anti-interleukin receptor monoclonal antibody drugs (such as Anakinra, Tocilizumab), corticotherapy (dexamethasone), anti-retroviral therapy (remdesivir, favipiravir) only in hemodialyzed patients or in those presenting an eGFR > 30 mL/min, antibiotics, antifungal drugs, and oxygen-therapy. Usually, anti-interleukin receptor monoclonal antibody consisted in 7 doses, administrated every 48 hours. The dose of all other recommended drugs was adapted according to the patients’ eGFR. <h4>Results</h4> A total of 63 patients were admitted in our Department and were under our care, presenting medium or severe forms of SARS-CoV-2 infection. After applying the inclusion and exclusion criteria, only 38 patients were considered eligible: 21 male patients (mean age 63.52 ± 13.82 years), and 17 female patients (mean age 67.24 ± 12.83 years). 31.57% represented the percentage of death during the hospitalization (due to the severity of the disease, 4 patients died within 24 hours) in patients presenting heterogenous comorbidities, such as diabetes mellitus, hypertension, pre-existing glomerulonephritis and/or oncological pathologies; we also noticed that female gender represented 58.33% of the deceased patients. The mean hospitalization period in the deceased patients was 6.42 ± 5.38 days – 4 ± 3.21 days in female gender, and 9.8 ± 6.30 days in male gender. <h4>Conclusion</h4> Most of our patients, although diagnosed with medium and severe forms of SARS-CoV-2 infection, presented a favorable evolution, and an adequate response to the specific medication. We observed that most of the deceased cases were female patients, and compared to the male deceased subject, female deceased patients presented a lower period of hospitalization. Therefore, probably female CKD patients with comorbidities and diagnosed with COVID-19 are more predisposed to an unfavorable prognosis. Further and larger clinical trials are necessary to validate the impact of SARS-CoV-2 infection on mortality in CKD patients.",2021-05-01
Safety profile of treatments administered in COVID 19 infection in pregnant women.,"SARS-CoV-2 infection has unexpectedly arrived in our society. In pregnant women, the situation has been similar to general population. Some drugs have been used empirically, and obstetricians have to consider whether the same treatments used in the general population were valid for pregnant women with severe disease, according to their safety profile for both the mother and the fetus. There has been a wide experience with the use of hydroxychloroquine and lopinavir/ritonavir in pregnant women. Tocilizumab and interferon beta could be used if benefits exceed risks. There is no experience using remdesivir in pregnancy.",2021-02-25
Could Histamine H1 Receptor Antagonists Be Used for Treating COVID-19?,"COVID-19 has rapidly become a pandemic worldwide, causing extensive and long-term health issues. There is an urgent need to identify therapies that limit SARS-CoV-2 infection and improve the outcome of COVID-19 patients. Unbalanced lung inflammation is a common feature in severe COVID-19 patients; therefore, reducing lung inflammation can undoubtedly benefit the clinical manifestations. Histamine H1 receptor (H1 receptor) antagonists are widely prescribed medications to treat allergic diseases, while recently it has emerged that they show significant promise as anti-SARS-CoV-2 agents. Here, we briefly summarize the novel use of H1 receptor antagonists in combating SARS-CoV-2 infection. We also describe the potential antiviral mechanisms of H1 receptor antagonists on SARS-CoV-2. Finally, the opportunities and challenges of the use of H1 receptor antagonists in managing COVID-19 are discussed.",2021-05-26
Efficacy and Safety of Tocilizumab in Patients with COVID-19 : A Systematic Review and Meta-Analysis.,"<h4>Background: </h4> Tocilizumab (TCZ) is an anti-interleukin-6 antibody that has been used to treat patients with 2019 coronavirus disease (COVID-19). Numerous retrospective studies have shown beneficial treatment efficacy. Several recent randomized clinical trials have questioned the efficacy of TCZ in patients with COVID-19. Therefore, we performed an updated systematic review and meta-analysis to explore the effectiveness and safety of tocilizumab recently used for treating patients with COVID-19. <h4>Methods: </h4> Randomized clinical trials (RCTs) and comparative studies that compared the outcomes between TCZ and standard of care (SOC) were analysed. PubMed, EMBASE, and the Cochrane Library (inception to November 20, 2020) were systematically searched. Primary outcomes included mortality and the rate of requirement for mechanical ventilation (MV). In addition, several subgroup analyses stratified by disease severity, publication type and TCZ administration were performed. <h4>Results: </h4> Three RCTs, twenty-one cohort studies and nine case-control studies including 11,206 patients were finally included. The TCZ group included 2,794 patients (24.93%) and the SOC group included 8,412 patients (75.07%). The mortality rate (>14 days) of the TCZ group, 29.63% (590/1,991), was lower than the SOC group, 41.51% (2,380/5,734) (OR 0.64, 0.57 to 0.73; p <0.00001). However, no significant difference in-14-day mortality rates was observed between the two groups (13.53% vs 22.92%, p = 0.21). Meanwhile, the rate of MV was significantly decreased in the TCZ group compared with the SOC group (OR 0.42, 0.22 to 0.83; p = 0.01). According to the results of the subgroup analysis stratified by disease severity, TCZ only reduced the mortality rate for critical patients with COVID-19 compared with SOC (OR 0.60, 0.52 to 0.71; P < 0.00001), particularly for patients in the intensive care unit (ICU) or patients requiring MV. No statistically significant increase was recognized in the rates of secondary infections or thrombosis between the two groups. <h4>Conclusions: </h4> This systematic review and meta-analysis found that the addition of tocilizumab to the SOC might reduce mortality after 14 days in patients with COVID-19, particularly critical patients requiring MV. More extensive RCTs with longer follow-up periods are needed to validate these findings.",2020-12-30
"COVID-19: Unmasking Emerging SARS-CoV-2 Variants, Vaccines and Therapeutic Strategies","Severe acute respiratory syndrome coronavirus 2 (SARS-CoV-2) is the etiological agent of the coronavirus disease 2019 (COVID-19) pandemic which has been a topic of major concern to global human health. The challenge to restrain the COVID-19 pandemic is further compounded by the emergence of several SARS-CoV-2 variants viz. B.1.1.7, B.1.351, P1 and, B.1.617., which show in-creased transmissibility and resistance towards vaccines and therapies. Importantly, the likelihood of susceptibility to SARS-CoV-2 infection among individuals with dysregulated immune response or comorbidities needs greater attention. Herein, we provide a comprehensive perspective regarding ongoing vaccine (mRNA, protein-based, viral vector based etc.) and therapeutic (mono-clonal antibodies, small molecules, plasma therapy, etc.) modalities designed to curb the COVID-19 pandemic. We also discuss in detail the challenges posed by different SARS-CoV-2 variants of concern (VOC) identified across the globe and their effects on therapeutic and prophylactic interventions.",2021-06-02
Therapeutic drugs for SARS-CoV-2 treatment: Current state and perspective.,"The disease caused by viral pneumonia called severe acute respiratory syndrome coronavirus type-2 (SARS-CoV-2) declared by the World Health Organization is a global pandemic that the world has witnessed since the last Ebola epidemic, SARS and MERS viruses. Many chemical compounds with antiviral activity are currently undergoing clinical investigation in order to find treatments for SARS-CoV-2 infected patients. On-going drug-drug interaction examinations on new, existing, and repurposed antiviral drugs are yet to provide adequate safety, toxicological, and effective monitoring protocols. This review presents an overview of direct and indirect antiviral drugs, antibiotics, and immune-stimulants used in the management of SARS-CoV-2. It also seeks to outline the recent development of drugs with anti-coronavirus effects; their mono and combination therapy in managing the disease vis-à-vis their biological sources and chemistry. Co-administration of these drugs and their interactions were discussed to provide significant insight into how adequate monitoring of patients towards effective health management could be achieved.",2020-11-27
The Efficacy and Adverse Effects of Favipiravir on COVID-19 Patients: A Systematic Review and Meta-Analysis of Published Clinical Trials and Observational Studies,"Background: The burden of COVID-19 on healthcare systems worldwide requires an efficient treatment option. Favipiravir, a nucleoside analog, is a potential COVID-19 treatment. Therefore, this study aimed to evaluate the efficacy and adverse events of favipiravir in COVID-19 patients.<br><br>Method: In our systematic review and meta-analysis, we performed searches of PubMed, Scopus, Embase, Web of Science, the Cochrane Library, Google Scholar, European PMC, Virtual Health Library, mRCT, ClinicalTrials.gov, SIGLE, the WHO COVID-19 research article database, Covid-evidence.org, and the iSearch COVID-19 Portfolio with the latest update on February 8  th  , 2021. All types of studies in which favipiravir was used on COVID-19 patients were included and extracted by two independent authors. All studies underwent systematic review, data from controlled trials underwent meta-analysis. Our protocol was registered on PROSPERO as CRD42020206305.<br><br>Findings:  145 studies (15 randomized controlled trials (RCTs), one non-RCT, 21 observational studies, two case series, and 106 case reports) were included. In comparison to standard of care (SOC), favipiravir showed a higher rate of viral clearance at day 5 (RR=1·49, p=0·03), defervescence at day 3 (RR=1·91, p<0·01), chest computed tomography (CT) improvement at day 14-15 (RR=1·40, p<0·01), and hospital discharge at day 10-11 (RR=1·31, p<0·01). Regarding adverse events, the favipiravir groups had higher rates of hyperuricemia (RR=9·42, p<0·01), but lower rates of nausea (RR=0·41, p<0·01) and vomiting (RR=0·09, p=0·02).<br><br>Interpretation: Adding favipiravir to the standard of care provides better outcomes for COVID-19 patients. Pregnant and lactating women as well as a history of hyperuricemia or gouty arthritis should be noticed when using favipiravir. Using favipiravir could reduce the rate of nausea and vomiting for some patients.<br><br>Registration Details: Registered on PROSPERO as CRD42020206305.<br><br>Funding Information: Grant Asian clinical trial network construction project (Number JP20LK0201001J0001) by Japan Agency for Medical Research and Development (AMED).<br><br>Declaration of Interests: We declare no competing interests.",2021-07-20
Placental transfer and safety in pregnancy of medications under investigation to treat coronavirus disease 2019.,"<h4>Objective</h4>Treatment of coronavirus disease 2019 is mostly symptomatic, but a wide range of medications are under investigation against severe acute respiratory syndrome coronavirus 2. Although pregnant women are excluded from clinical trials, they will inevitably receive therapies whenever they seem effective in nonpregnant patients and even under compassionate use.<h4>Methods</h4>We conducted a review of the literature on placental transfer and pregnancy safety data of drugs under current investigation for coronavirus disease 2019.<h4>Results</h4>Regarding remdesivir, there are no data in pregnant women. Several other candidates already have safety data in pregnant women, because they are repurposed drugs already used for their established indications. Thus, they may be used in pregnancy, although their safety in the context of coronavirus disease 2019 may differ from conventional use. These include HIV protease inhibitors such as lopinavir/ritonavir that have low placental transfer, interferon that does not cross the placental barrier, and hydroxychloroquine or chloroquine that has high placental transfer. There are also pregnancy safety and placental transfer data for colchicine, steroids, oseltamivir, azithromycin, and some monoclonal antibodies. However, some drugs are strictly prohibited in pregnancy because of known teratogenicity (thalidomide) or fetal toxicities (renin-angiotensin system blockers). Other candidates including tocilizumab, other interleukin 6 inhibitors, umifenovir, and favipiravir have insufficient data on pregnancy outcomes.<h4>Conclusion</h4>In life-threatening cases of coronavirus disease 2019, the potential risks of therapy to the fetus may be more than offset by the benefit of curing the mother. Although preclinical and placental transfer studies are required for a number of potential anti-severe acute respiratory syndrome coronavirus 2 drugs, several medications can already be used in pregnant women.",2020-06-22
Antiviral treatment could not provide clinical benefit in management of mild COVID-19: A Retrospective Experience from Field hospital.,"<h4>Background</h4>Coronavirus disease 2019 (COVID-19) has affected over 145 million infected people and 3 million deaths worldwide. There has been limited data to recommend either for or against use of antiviral regimens in mild COVID-19 patients. This study aimed to compare clinical outcomes between mild COVID-19 patients receiving antiviral drugs and those without.<h4>Method</h4>Thai patients diagnosed with COVID-19 at field hospital affiliated to Thammasat University Hospital, Thailand were evaluated between January 1, 2020 and April 13, 2021. Patients' data, clinical presentation, past medical history, laboratory results, and treatment outcomes were extensively reviewed.<h4>Results</h4>Five hundred patients with positive tests were included in the study. The mean age was 35.9 years; 46% males. There were 225 (45%), 207 (41.4%), 44 (8.8%), 18 (3.6%), 6 (1.2%) patients with asymptomatic, mild, moderate, severe, and critical COVID-19, respectively. Of 207 mild COVID-19 patients, 9 (4.3%) received lopinavir/ritonavir or darunavir/ritonavir, 17 (8.2%) received favipiravir, while 175 (84.5%) had only supportive care. Mild COVID-19 patients receiving antiviral treatment had longer median length of hospital stay [13 days (IQR 11-14) vs. 10 days (IQR 8-12), p < 0.001] than patients having only supportive treatment. Antiviral drug use was significantly associated with longer hospital stay (>10 days) in mild COVID-19 patients (OR 5.52; 95%CI 2.12-14.40, p < 0.001). Adverse drug reactions such as diarrhea, abdominal pain, and hepatitis were also demonstrated in our COVID-19 patients with antiviral treatments. Majority of patients (97.6%) recovered without any complications and were discharged home. Two deaths were caused by acute respiratory distress syndrome from severe COVID-19 pneumonia.<h4>Conclusion</h4>Antiviral treatment could not provide superior clinical outcomes to supportive care in mild COVID-19 patients. Mild COVID-19 patients receiving antiviral medication had longer length of hospital stay than those without. Standard supportive care and regular monitoring of disease progression might be keys for successful management of mild COVID-19.",2021-07-31
"Effect of age, comorbidity and remission status on outcome of COVID-19 in patients with hematological malignancies.","<h4>Background</h4>There is scarcity of data on outcome of COVID-19 in patients with hematological malignancies. Primary objective of study was to analyse the 14-day and 28-day mortality. Secondary objectives were to correlate age, comorbidities and remission status with outcome.<h4>Methods</h4>Retrospective multicentre observational study conducted in 11 centres across India. Total 130 patients with hematological malignancies and COVID-19 were enrolled.<h4>Results</h4>Fever and cough were commonest presentation. Eleven percent patients were incidentally detected. Median age of our cohort was 49.5 years. Most of our patients had a lymphoid malignancy (n = 91). One-half patients (52%) had mild infection, while moderate and severe infections contributed to one-fourth each. Sixty seven patients (52%) needed oxygen For treatment of COVID-19 infection, half(n = 66) received antivirals. Median time to RT-PCR COVID-19 negativity was 17 days (7-49 days). Nearly three-fourth (n = 95) of our patients were on anticancer treatment at time of infection, of which nearly two-third (n = 59;64%) had a delay in chemotherapy. Overall, 20% (n = 26) patients succumbed. 14-day survival and 28-day survival for whole cohort was 85.4% and 80%, respectively. One patient succumbed outside the study period on day 39. Importantly, death rate at 1 month was 50% and 60% in relapse/refractory and severe disease cohorts, respectively. Elderly patients(age ≥ 60) (p = 0.009), and severe COVID-19 infection (p = 0.000) had a poor 14-day survival. The 28-day survival was significantly better for patients in remission (p = 0.04), non-severe infection (p = 0.00), and age < 60 years (p = 0.05).<h4>Conclusions</h4>Elderly patients with hematological malignancy and severe covid-19 have worst outcomes specially when disease is not in remission.",2020-12-08
"A Revisit to the Research Updates of Drugs, Vaccines, and Bioinformatics Approaches in Combating COVID-19 Pandemic.","A new strain of coronavirus severe acute respiratory syndrome coronavirus 2 (SARS-CoV-2) responsible for the coronavirus disease 2019 (COVID-19) pandemic was first detected in the city of Wuhan in Hubei province, China in late December 2019. To date, more than 1 million deaths and nearly 57 million confirmed cases have been recorded across 220 countries due to COVID-19, which is the greatest threat to global public health in our time. Although SARS-CoV-2 is genetically similar to other coronaviruses, i.e., SARS and Middle East respiratory syndrome coronavirus (MERS<i>-</i>CoV), no confirmed therapeutics are yet available against COVID-19, and governments, scientists, and pharmaceutical companies worldwide are working together in search for effective drugs and vaccines. Repurposing of relevant therapies, developing vaccines, and using bioinformatics to identify potential drug targets are strongly in focus to combat COVID-19. This review deals with the pathogenesis of COVID-19 and its clinical symptoms in humans including the most recent updates on candidate drugs and vaccines. Potential drugs (remdesivir, hydroxychloroquine, azithromycin, dexamethasone) and vaccines [mRNA-1273; measles, mumps and rubella (MMR), bacille Calmette-Guérin (BCG)] in human clinical trials are discussed with their composition, dosage, mode of action, and possible release dates according to the trial register of US National Library of Medicines (clinicaltrials.gov), European Union (clinicaltrialsregister.eu), and Chinese Clinical Trial Registry (chictr.org.cn) website. Moreover, recent reports on <i>in silico</i> approaches like molecular docking, molecular dynamics simulations, network-based identification, and homology modeling are included, toward repurposing strategies for the use of already approved drugs against newly emerged pathogens. Limitations of effectiveness, side effects, and safety issues of each approach are also highlighted. This review should be useful for the researchers working to find out an effective strategy for defeating SARS-CoV-2.",2021-01-25
Challenges in COVID-19 drug treatment in patients with advanced liver diseases: A hepatology perspective.,"The global incidence of coronavirus disease 2019 (COVID-19) continues to increase despite health care efforts. The disease is caused by coronavirus 2 with high transmission and mortality rates. Little is known about the management of COVID-19 in advanced liver disease. The aim of work was to propose a plan for management of this drastic disease in case of this specific population with review of medications that could be suitable for advanced liver disease. All the guidelines and medications available for treatment of COVID-19 were reviewed with selection of the less toxic medications that could be used in advanced liver disease. Drugs suitable to manage COVID-19 in patients with liver disease might include remdesivir intravenously, nitazoxanide + sofosbuvir, ivermectin, tocilizumab, convalescent plasma, and low molecular weight heparin in certain situations. Advanced liver disease is associated with portal hypertension and splenomegaly with reduction of blood elements and immune dysfunction and impaired T cell function. Thus, when confronted by cytokine storm as an immune response to COVID-19, there may be an increase in the mortality rate of these patients. Through this review, a plan to treat COVID-19 in this special group of patients with advanced cirrhosis is proposed.",2020-12-01
"Interactions Between Remdesivir, Ribavirin, Favipiravir, Galidesivir, Hydroxychloroquine and Chloroquine with Fragment Molecular of the COVID-19 Main Protease with Inhibitor N3 Complex (PDB ID:6LU7) Using Molecular Docking.","We started a study on the molecular docking of six potential pharmacologically active inhibitors compounds that can be used clinically against the COVID-19 virus, in this case, remdesivir, ribavirin, favipiravir, galidesivir, hydroxychloroquine and chloroquine interacting with the main COVID-19 protease in complex with a COVID-19 N3 protease inhibitor. The highest values of affinity energy found in order from highest to lowest were chloroquine (CHL), hydroxychloroquine (HYC), favipiravir (FAV), galidesivir (GAL), remdesivir (REM) and ribavirin (RIB). The possible formation of hydrogen bonds, associations through London forces and permanent electric dipole were analyzed. The values of affinity energy obtained for the hydroxychloroquine ligands was -9.9 kcal/mol and for the chloroquine of -10.8 kcal/mol which indicate that the coupling contributes to an effective improvement of the affinity energies with the protease. Indicating that, the position chosen to make the substitutions may be a pharmacophoric group, and cause changes in the protease.",2020-12-01
"COVID-19 treatment: Much research and testing, but far, few magic bullets against SARS-CoV-2 coronavirus.","The new virus of the of β-Coronaviruses genus, SARS-CoV-2, is the causative agent of coronavirus disease-2019 (COVID-19) and is winning a proverbial chess match against all players simultaneous, including physicians, clinicians, pathologists, doctors, scientists, economists, athletes and politicians. The COVID-19 outbreak has seriously threatened public health, killing the most vulnerable persons and causing general panic. To stop this disease, effective remedies (i.e., drugs, vaccines, personal protection elements, etc.) are urgently required. Unfortunately, no registered specific therapies (including antiviral therapies, immune-modulating agents and vaccines) are currently available to treat coronavirus infections, highlighting an urgent need for therapeutics targeting SARS-CoV-2. In this work, fourteen existing small molecule drugs or/and experimental drugs selected by experts and examined from the point of view of bioavailability via the Lipinski-Veber rules and assessment of their physicochemical descriptors. The aim of this study is to discover selected pattern similarities and peculiar characteristics that could be useful for antiviral drug optimization, drug combination or new antiviral agent design.",2020-07-15
COVID-19 treatment combinations and associations with mortality in a large multi-site healthcare system.,"<h4>Introduction</h4>During the early months of the COVID-19 pandemic, mortality associated with the disease declined in the United States. The standard of care for pharmacological interventions evolved during this period as new and repurposed treatments were used alone and in combination. Though these medications have been studied individually, data are limited regarding the relative impact of different medication combinations. The objectives of this study were to evaluate the association of COVID-19-related mortality and observed medication combinations and to determine whether changes in medication-related practice patterns and measured patient characteristics, alone, explain the decline in mortality seen early in the COVID-19 pandemic.<h4>Methods</h4>A retrospective cohort study was conducted at a multi-hospital healthcare system exploring the association of mortality and combinations of remdesivir, corticosteroids, anticoagulants, tocilizumab, and hydroxychloroquine. Multivariable logistic regression was used to identify predictors of mortality for both the overall population and the population stratified by intensive care and non-intensive care unit admissions. A separate model was created to control for the change in unmeasured variables over time.<h4>Results</h4>For all patients, four treatment combinations were associated with lower mortality: Anticoagulation Only (OR 0.24, p < 0.0001), Anticoagulation and Remdesivir (OR 0.25, p = 0.0031), Anticoagulation and Corticosteroids (OR 0.53, p = 0.0263), and Anticoagulation, Corticosteroids and Remdesivir (OR 0.42, p = 0.026). For non-intensive care unit patients, the same combinations were significantly associated with lower mortality. For patients admitted to the intensive care unit, Anticoagulation Only was the sole treatment category associated with decreased mortality. When adjusted for demographics, clinical characteristics, and all treatment combinations there was an absolute decrease in the mortality rate by 2.5% between early and late periods of the study. However, when including an additional control for changes in unmeasured variables overtime, the absolute mortality rate decreased by 5.4%.<h4>Conclusions</h4>This study found that anticoagulation was the most significant treatment for the reduction of COVID-related mortality. Anticoagulation Only was the sole treatment category associated with a significant decrease in mortality for both intensive care and non-intensive care patients. Treatment combinations that additionally included corticosteroids and/or remdesivir were also associated with decreased mortality, though only in the non-intensive care stratum. Further, we found that factors other than measured changes in demographics, clinical characteristics or pharmacological interventions accounted for an additional decrease in the COVID-19-related mortality rate over time.",2021-06-11
Clinical Features and Outcome of Low and High Corticosteroids in Admitted COVID-19 Patients.,"<h4>Introduction</h4>There is no specific anti-viral therapies for 2019 Coronavirus Diseases (COVID-19) infection. Here, we compared patients receiving steroids at different dosages versus no steroids in severe and critical COVID-19 patients.<h4>Methods</h4>We retrospectively studied COVID-19 patients who received low-dose or high-dose corticosteroid therapy compared to no steroid.<h4>Results</h4>The study period, June-August 2020, included 169 patients with COVID-19 were included and there were 39.1% female and 60.9% male with an average age of 53.1 years. The distribution of cases was as follows: high-dose 39 (23.1%), low-dose 54 (32.0%), and no steroid 76 (45.5%). Of all the patients, Intensive Care Unit (ICU) admission was for 31 (18.3%), nine (5.3%) required intubation, and 52 (30.8%) had no comorbidities. There is no difference in the mean age between the different groups. However, those being treated with steroid were more likely to have a high sequential organ failure assessment (SOFA) score (0.37 ± 0.68, 0.36 ± 0.67 and 0.04 ± 0.34, for low-dose, high-dose steroid and no steroid groups, respectively (<i>p</i> = 0.001). Cox regression was not possible as the mortality rate was very low (3/169; 1.78%) and none of the multivariate methods would be possible. However, there was a significant difference in the hospital Length of stay (LOS) and the ICU LOS.<h4>Conclusion</h4>Cox regression was not possible as the mortality rate was very low (1.78%) and none of the multivariate methods would be possible as the model will not converge. However, in <i>t</i>-test only, intubation was associated risk of mortality.",2021-06-02
Therapeutic Options Against the New Coronavirus: Updated Clinical and Laboratory Evidences.,"The pandemic caused by the new coronavirus (SARS-Cov-2) has encouraged numerous <i>in vitro</i> studies and clinical trials around the world, with research groups testing existing drugs, novel drug candidates and vaccines that can prevent or treat infection caused by this virus. The urgency for an effective therapy is justified by the easy and fast viral transmission and the high number of patients with severe respiratory distress syndrome who have increasingly occupied intensive care hospital beds, leading to a collapse in health systems in several countries. However, to date, there is no sufficient evidence of the effectiveness of any researched therapy. The off-label or compassionate use of some drugs by health professionals is a reality in all continents, whose permission by regulatory agencies has been based on the results of some clinical trials. In order to guide decision-making for the treatment of COVID-19, this review aims to present studies and guidelines on the main therapies that have been and are currently being tested against SARS-CoV-2 and to critically analyze the reported evidences.",2020-09-15
Modalities and Mechanisms of Treatment for Coronavirus Disease 2019.,"Coronavirus disease 2019 (COVID-19), which is caused by severe acute respiratory syndrome coronavirus 2 (SARS-CoV-2), is spreading rapidly throughout the world. Although COVID-19 has a relatively low case severity rate compared to SARS and Middle East Respiratory syndrome it is a major public concern because of its rapid spread and devastating impact on the global economy. Scientists and clinicians are urgently trying to identify drugs to combat the virus with hundreds of clinical trials underway. Current treatments could be divided into two major part: anti-viral agents and host system modulatory agents. On one hand, anti-viral agents focus on virus infection process. Umifenovir blocks virus recognizing host and entry. Remdesivir inhibits virus replication. Chloroquine and hydroxychloroquine involve preventing the whole infection process, including virus transcription and release. On the other hand, host system modulatory agents are associated with regulating the imbalanced inflammatory reaction and biased immune system. Corticosteroid is believed to be commonly used for repressing hyper-inflammation, which is one of the major pathologic mechanisms of COVID-19. Convalescent plasma and neutralizing antibodies provide essential elements for host immune system and create passive immunization. Thrombotic events are at high incidence in COVID-19 patients, thus anti-platelet and anti-coagulation are crucial, as well. Here, we summarized these current or reproposed agents to better understand the mechanisms of agents and give an update of present research situation.",2021-02-08
A critical review on environmental presence of pharmaceutical drugs tested for the covid-19 treatment.,"On March 11, 2020, the World Health Organization (WHO) declared COVID-19 a pandemic. The outbreak caused a worldwide impact, becoming a health threat to the general population and its professionals. To date, there are no specific antiviral treatments or vaccines for the COVID-19 infection, however, some drugs are being clinically tested. The use of these drugs on large scale raises great concern about their imminent environmental risk, since the elimination of these compounds by feces and urine associated with the inefficiency of sewage treatment plants in their removal can result in their persistence in the environment, putting in risk the health of humans and of other species. Thus, the goal of this work was to conduct a review of other studies that evaluated the presence of the drugs chloroquine, hydroxychloroquine, azithromycin, ivermectin, dexamethasone, remdesivir, favipiravir and some HIV antivirals in the environment. The research indicated the presence of these drugs in the environment in different regions, with concentration data that could serve as a basis for further comparative studies following the pandemic.",2021-06-30
Effective drugs used to combat SARS-CoV-2 infection and the current status of vaccines.,"Severe acute respiratory syndrome coronavirus 2 (SARS-CoV-2) is a causal factor of the coronavirus disease 2019 (COVID-19). Drug repurposing, portraying patented drugs as a successful drug development technique, could shorten the period and minimize costs relative to de novo drug exploration. Recently several drugs have been used as anti-SARS-CoV-2 such as Remdesivir, Favipiravir, Hydroxychloroquine, Azithromycin, Lopinavir/Ritonavir, Nafamostat mesylate and so on. Despite such efforts, there is currently no successful broad-spectrum antiviral countermeasures to combat SARS-CoV-2 or possibly potential CoVs pandemic. Therefore it is desperately important to recognize and test widely efficient, reliable anti-CoV therapies now and in the future. Remdesivir and Favipiravir were more promising despite having side effects; it had prominent efficacy and efficiency while still not yet approved as the official anti-viral drug for SARS CoV-2. In this review, we summarizes the current drug and vaccine discovery status against SARS-CoV-2, predicting that these efforts will help create effective drugs and vaccines for SARS-CoV-2.",2021-01-28
"DFT, molecular docking and molecular dynamics simulation studies on some newly introduced natural products for their potential use against SARS-CoV-2.","Throughout the history, natural products always give new paths to develop new drugs. As with many other diseases, natural compounds can be helpful in the treatment of COVID-19. SARS-CoV-2 main protease enzyme has an important role in viral replication and transcription. Therefore, inhibiting this enzyme may be helpful in the treatment of COVID-19. In this study, it is aimed to investigate eight natural compounds which have recently entered the literature, computationally for their potential use against SARS-CoV-2. For this purpose, first, density functional theory (DFT) calculations were performed on the investigated compounds, and energy minimizations, geometry optimizations, vibrational analyses, molecular electrostatic potential map calculations were carried out. After DFT calculations, geometry optimized structures were subjected to molecular docking calculations with the use of SARS-CoV-2 main protease (pdb id: 5r80) and top-scoring ligand-receptor complexes were obtained. In the next part of the study, molecular dynamics (MD) simulations were performed on the top-scoring ligand-receptor complexes to investigate the stability of the ligand-receptor complexes and the interactions between ligands and receptor in more detail. Additionally, in this part of the study, binding free energies are calculated with the use of molecular mechanics with Poisson-Boltzmann surface area (MM-PBSA) method. Results showed that, all ligand-receptor complexes remain stable during the MD simulations and most of the investigated compounds but especially two of them showed considerably high binding affinity to SARS-CoV-2 main protease. Finally, in the study, ADME (adsorption, desorption, metabolism, excretion) predictions and drug-likeness analyses were performed on the investigated compounds.",2021-05-22
Effects of Immune System-Related Medications on COVID-19 Outcome in a Cohort of Iranian Patients: Preliminary Report of a Data Mining Study.,"<h4>Background</h4>Regulation of the immune system is critical for fighting against viral infections. Both suppression and hyperactivity of the immune system result in failure of treatment. The present study was designed to show the effects of immune system-related medications on mortality and length of stay (LOS) in a cohort of Iranian patients with coronavirus disease 2019 (COVID-19).<h4>Methods</h4>A data mining study was performed on 6417 cases of COVID-19 covered by 17 educational hospitals of Iran University of Medical Sciences, Tehran. Association of a researcher-designed drug list with death and LOS was studied. For death outcome, logistic regression was used reporting odds ratio (OR) with 95% confidence interval (CI). For LOS, right censored Poisson regression was used reporting incidence rate ratio (IRR) with 95% CI.<h4>Results</h4>Among the corticosteroids, prednisolone was a risk factor on death (OR = 1.41, 95%CI = 1.03 - 1.94). This association was increased after adjustment of age interactions (OR = 3.45, 95%CI = 1.01 - 11.81) and was removed after adjustment of ICU admission interactions (OR = 2.64, 95%CI = 0.70 - 9.92). Hydroxychloroquine showed a protecting effect on death (OR = 0.735, 95%CI = 0.627 - 0.862); however, this association was removed after adjustment of age interactions (OR = 0.76, 95%CI = 0.41 - 1.40). Among the antivirals, oseltamivir showed a protecting effect on death (OR = 0.628, 95%CI = 0.451 - 0.873); however, this association was removed after adjustment of age interactions (OR = 0.45, 95%CI = 0.11 - 1.82). For reduction of LOS, the only significant association was for hydroxychloroquine (IRR = 0.85, 95%CI = 0.79 - 0.92).<h4>Conclusion</h4>The results of such data mining studies can be used in clinics until completing the evidence. Hydroxychloroquine may reduce mortality in some specific groups; however, its association may be confounded by some latent variables and unknown interactions. Administration of corticosteroids should be based on the conditions of each case.",2021-07-02
Comprehensive Systematic Review to Identify putative COVID-19 Treatments: Roles for Immunomodulator and Antiviral Treatments,"<h4>Objectives</h4> To identify putative COVID-19 treatments and identify the roles of immunomodulators and antivirals in disease management. <h4>Design</h4> Systematic review. <h4>Data sources</h4> PubMed, bioRxiv.org and medRxiv.org were searched for studies suggestive of effective treatments for COVID-19. Additional studies were identified via a snowballing method applied to the references of retrieved papers as well as a subsequent targeted search for drug names. <h4>Review methods</h4> Inclusion criteria included any case series or randomised control trials in any language that were published from 18th December 2019 to 18th April 2020 and described COVID-19 treatment. Of an initial 2140 studies identified from the initial search, 29 studies were found to meet the inclusion criteria and included in this comprehensive systematic review. <h4>Results</h4> 19 studies of antiviral treatments for COVID-19 have been reported and seven studies for immunomodulatory treatments. Six randomised controlled trials have been published with one positive trial for Hydroxychloroquine. This small study consisted of 31 patients though subsequent studies showed contradictory findings. All the remaining studies were observational studies, retrospective case reviews or non-randomised trials and these results are difficult to interpret due to methodological issues. <h4>Conclusions</h4> To date, an impressive number of studies have been performed in a short space of time, indicative of a resilient clinical trials infrastructure. However, there is a lack of high quality evidence to support any novel treatments for COVID-19 to be incorporated into the current standard of care. The majority of the studies of treatments for COVID-19 could only be found in pre-print servers. Future clinical reviews should therefore be Comprehensive Systematic Reviews involving pre-print studies to prevent potential unnecessary replications of clinical studies.",2020-08-14
Risk Assessment of Drug-Induced Long QT Syndrome for Some COVID-19 Repurposed Drugs.,"The risk-benefit ratio associated with the use of repurposed drugs to treat severe acute respiratory syndrome-coronavirus 2 (SARS-CoV-2)-related infectious coronavirus disease 2019 (COVID-19) is complicated because benefits are awaited, not proven. A thorough literature search was conducted to source information on the pharmacological properties of 5 drugs and 1 combination (azithromycin, chloroquine, favipiravir, hydroxychloroquine, remdesivir, and lopinavir/ritonavir) repurposed to treat COVID-19. A risk assessment of drug-induced long QT syndrome (LQTS) associated with COVID-19 repurposed drugs was performed and compared with 23 well-known torsadogenic and 10 low torsadogenic risk compounds. Computer calculations were performed using pharmacokinetic and pharmacodynamic data, including affinity to block the rapid component of the delayed rectifier cardiac potassium current (I<sub>Kr</sub> ) encoded by the human ether-a-go-go gene (hERG), propensity to prolong cardiac repolarization (QT interval) and cause torsade de pointes (TdP). Seven different LQTS indices were calculated and compared. The US Food and Drug Administration (FDA) Adverse Event Reporting System (FAERS) database was queried with specific key words relating to arrhythmogenic events. Estimators of LQTS risk levels indicated a very high or moderate risk for all COVID-19 repurposed drugs with the exception for azithromycin, although cases of TdP have been reported with this drug. There was excellent agreement among the various indices used to assess risk of drug-induced LQTS for the 6 repurposed medications and 23 torsadogenic compounds. Based on our results, monitoring of the QT interval shall be performed when some COVID-19 repurposed drugs are used, as such monitoring is possible for hospitalized patients or with the use of biodevices for outpatients.",2020-11-18
"An overview of the safety, clinical application and antiviral research of the COVID-19 therapeutics.","Since a novel coronavirus pneumonia outbreak in late December 2019, coronavirus disease -19 (COVID-19) epidemic has gradually spread worldwide, becoming a major public health event. No specific antivirals are currently available for COVID-19 caused by severe acute respiratory syndrome coronavirus 2 (SARS-CoV-2). The treatments for COVID-19 are mainly based on the experiences of similar virus such SARS-CoV, MERS-CoV, HIV and influenza viruses. Scientists have taken great efforts to investigate the effective methods for the treatment of COVID-19. Up to now, there are over 1000 clinical studies for COVID-19 all over the world. In this article, we reviewed the current options for COVID-19 therapy including small molecules such as Remdesivir, Favipiravir, Lopinavir/Ritonavir etc, peptide inhibitors of ACE2, Traditional Chinese Medicines and Biologics such as SARS-CoV-2-specific neutralizing antibodies, mesenchymal stem cells and vaccines etc. Meanwhile, we systematically reviewed their clinical safety, clinical applications and progress of antiviral researches. The therapeutic effect of these antiviral drugs is summarized and compared, hoping to provide some ideas for clinical options of COVID-19 treatment and also provide experiences for the life-threatening virus diseases in the future.",2020-07-13
Potential specific therapies in COVID-19.,"COVID-19 has grown into a global pandemic that has strained healthcare throughout the world. There is a sense of urgency in finding a cure for this deadly virus. In this study, we reviewed the empiric options used in common practice for COVID-19, based on the literature available online, with an emphasis on human experiences with these treatments on severe acute respiratory syndrome-associated coronavirus (SARS-COV-1) and other viruses. Convalescent blood products are the most promising potential treatment for use in COVID-19. The use of chloroquine or hydroxychloroquine (HCQ), remdesivir, and tocilizumab are some of the other promising potential therapies; however, they are yet to be tested in randomized clinical trials (RCTs). The use of lopinavir-ritonavir did not prove beneficial in a large RCT. The use of corticosteroids should be avoided in COVID-19 pneumonia unless used for other indications, based on the suggestion of harm in patients with SARS-COV-1 and Middle Eastern Respiratory Syndrome (MERS) infection. <i>The reviews of this paper are available via the supplemental material section.</i>",2020-01-01
AI4CoV: Matching COVID-19 Patients to Treatment Options Using Artificial Intelligence,"We developed AI4CoV, a novel AI system to match thousands of COVID-19 clinical trials to patients based on each patient’s eligibility to clinical trials in order to help physicians select treatment options for patients. AI4CoV leveraged Natural Language Processing (NLP) and Machine Learning to parse through eligibility criteria of trials and patients’ clinical manifestations in their clinical notes, both presented in English text, to accomplish 92.76% AUROC on a cross-validation test with 3,156 patient-trial pairs labeled with ground truth of suitability. Our retrospective multiple-site review shows that according to AI4CoV, severe patients of COVID-19 generally have less treatment options suitable for them than mild and moderate patients and that suitable and unsuitable treatment options are different for each patient. Our results show that the general approach of AI4CoV is useful during the early stage of a pandemic when the best treatments are still unknown.",2020-11-30
Reducing SARS-CoV-2 pathological protein activity with small molecules.,"Coronaviruses are dangerous human and animal pathogens. The newly identified coronavirus SARS-CoV-2 is the causative agent of COVID-19 outbreak, which is a real threat to human health and life. The world has been struggling with this epidemic for about a year, yet there are still no targeted drugs and effective treatments are very limited. Due to the long process of developing new drugs, reposition of existing ones is one of the best ways to deal with an epidemic of emergency infectious diseases. Among the existing drugs, there are candidates potentially able to inhibit the SARS-CoV-2 replication, and thus inhibit the infection of the virus. Some therapeutics target several proteins, and many diseases share molecular paths. In such cases, the use of existing pharmaceuticals for more than one purpose can reduce the time needed to design new drugs. The aim of this review was to analyze the key targets of viral infection and potential drugs acting on them, as well as to discuss various strategies and therapeutic approaches, including the possible use of natural products. We highlighted the approach based on increasing the involvement of human deaminases, particularly APOBEC deaminases in editing of SARS-CoV-2 RNA. This can reduce the cytosine content in the viral genome, leading to the loss of its integrity. We also indicated the nucleic acid technologies as potential approaches for COVID-19 treatment. Among numerous promising natural products, we pointed out curcumin and cannabidiol as good candidates for being anti-SARS-CoV-2 agents.",2021-04-05
Individual Characteristics as Prognostic Factors of the Evolution of Hospitalized COVID-19 Romanian Patients: A Comparative Observational Study between the First and Second Waves Based on Gaussian Graphical Models and Structural Equation Modeling.,"This study examines the role played by individual characteristics and specific treatment methods in the evolution of hospitalized patients with coronavirus disease 2019 (COVID-19), through the lens of an observational study performed in a comparative approach between the first and second waves of coronavirus pandemic in Romania. The research endeavor is configured on a two-fold approach, including a detailed observation of the evolution of 274 hospitalized patients with COVID-19 (145 in the first wave and 129 in the second wave of infection) according to specific treatment methods applied and patients' individual features, as well as an econometric (quantitative) analysis through structural equation modeling and Gaussian graphical models designed to acknowledge the correlations and causal relationship between all considered coordinates. The main results highlight that the specific treatment methods applied had a positive influence on the evolution of COVID-19 patients, particularly in the second wave of coronavirus pandemic. In case of the first wave of COVID-19 infection, GGM results entail that there is a strong positive correlation between the evolution of the patients and the COVID-19 disease form, which is further positively correlated with the treatment scheme. The evolution of the patients is strongly and inversely correlated with the symptomatology and the ICU hospitalization. Moreover, the disease form is strongly and inversely correlated with oxygen saturation and the residence of patients (urban/rural). The symptomatology at first appearance also strongly depends on the age of the patients (positive correlation) and of the fact that the patient is a smoker or non-smoker and has other comorbidities. Age and gender are also important credentials that shape the disease degree and patient evolution in responding to treatment as well, our study attesting strong interconnections between these coordinates, the form of disease, symptomatology and overall evolution of the patients.",2021-05-02
A Comprehensive Summary of the Knowledge on COVID-19 Treatment.,"Currently, the world is challenged by the coronavirus disease 2019 (COVID-19) pandemic. Epidemiologists and researchers worldwide are invariably trying to understand and combat this precarious new disease. Scrutinizing available drug options and developing potential new drugs are urgent needs to subdue this pandemic. Several intervention strategies are being considered and handled worldwide with limited success, and many drug candidates are yet in the trial phase. Despite these limitations, the development of COVID-19 treatment strategies has been accelerated to improve the clinical outcome of patients with COVID-19, and some countries have efficiently kept it under control. Recently, the use of natural and traditional medicine has also set the trend in coronavirus treatment. This review aimed to discuss the prevailing COVID-19 treatment strategies available globally by examining their efficacy, potential mechanisms, limitations, and challenges in predicting a future potential treatment candidate and bridging them with the effective traditional Chinese medicine (TCM). The findings might enrich the knowledge on traditional alternative medication and its complementary role with Western medicine in managing the COVID-19 epidemic.",2021-02-01
Abnormal Liver Biochemistry Tests and Acute Liver Injury in COVID-19 Patients: Current Evidence and Potential Pathogenesis.,"Globally, millions of persons have contracted the coronavirus disease 2019 (COVID-19) over the past several months, resulting in significant mortality. Health care systems are negatively impacted including the care of individuals with cancers and other chronic diseases such as chronic active hepatitis, cirrhosis and hepatocellular carcinoma. There are various probable pathogenic mechanisms that have been presented to account for liver injury in COVID-19 patients such as hepatotoxicity cause by therapeutic drugs, severe acute respiratory syndrome coronavirus 2 (SARS-CoV-2) infection of the bile duct cells and hepatocytes, hypoxia and systemic inflammatory response. Liver biochemistry tests such as aspartate aminotransferase (AST), alanine aminotransferase (ALT), gamma-glutamyl transferase (GGT) and alkaline phosphatase (ALP) are deranged in COVID-19 patients with liver injury. Hepatocellular damage results in the elevation of serum AST and ALT levels in early onset disease while a cholestatic pattern that develops as the disease progress causes higher levels of ALP, GGT, direct and total bilirubin. These liver biochemistry tests are prognostic markers of disease severity and should be carefully monitored in COVID-19 patients. We conducted a systematic review of abnormal liver biochemistry tests in COVID-19 and the possible pathogenesis involved. Significant findings regarding the severity, hepatocellular pattern, incidence and related clinical outcomes in COVID-19 patients are highlighted.",2021-07-01
SARS-CoV-2: Targeted managements and vaccine development.,"Infection with the severe acute respiratory syndrome coronavirus-2 (SARS-CoV-2) results in diverse outcomes. The symptoms appear to be more severe in males older than 65 and people with underlying health conditions; approximately one in five individuals could be at risk worldwide. The virus's sequence was rapidly established days after the first cases were reported and identified an RNA virus from the Coronaviridae family closely related to a Betacoronavirus virus found in bats in China. SARS-CoV-2 is the seventh coronavirus known to infect humans, and with the severe acute respiratory syndrome (SARS) and the Middle East respiratory syndrome (MERS), the only ones to cause severe diseases. Lessons from these two previous outbreaks guided the identification of critical therapeutic targets such as the spike viral proteins promoting the virus's cellular entry through the angiotensin-converting enzyme 2 (ACE2) receptor expressed on the surface of multiple types of eukaryotic cells. Although several therapeutic agents are currently evaluated, none seems to provide a clear path for a cure. Also, various types of vaccines are developed in record time to address the urgency of efficient SARS-CoV-2 prevention. Currently, 58 vaccines are evaluated in clinical trials, including 11 in phase III, and 3 of them reported efficacy above 90 %. The results so far from the clinical trials suggest the availability of multiple effective vaccines within months.",2020-12-01
The growing complexity of COVID-19 drug and vaccine candidates: challenges and critical transitions.,"COVID-19 has nowadays affected almost all our societies and global health systems. The latest deadly pandemic has heavily influenced both life and livelihood worldwide. SARS-CoV-2 is the causative organism of COVID-19, that is spreading and infecting significantly higher compared to other coronavirus, due to its constant mutation characteristics. At present although several extensive clinical trials are ongoing, neither approved drug therapy nor any vaccine are available to safely fight SARS-CoV-2. However, a progressive race among numerous research groups to discover a radical cure for the COVID-19 is under way. This review aims to provide an updated insight of the current research, development and trials on repurposing existing drugs and preventive intervention for COVID-19, along with the related issues, complexities and challenges, especially after the observed high transmissibility lately.",2020-12-15
IgM-enriched immunoglobulin in COVID-19: Case series of 15 severely ill SARS-CoV-2-infected patients.,"The healthcare system in Iran, like most around the world, is managing thousands of patients hospitalised with COVID-19. In Iran, in-hospital mortality is in the region of 25%, rising to 50-60% in patients admitted to intensive care. Hyperinflammation, characterised by cytokine storm, appears to be a hallmark of severe COVID-19 and to date only the anti-inflammatory drug dexamethasone has been shown to reduce mortality in those hospitalised with the disease. There is a sound scientific rationale behind the use of IgM-enriched immunoglobulin in the management of patients with severe COVID-19. It has been used successfully in the management of hyperinflammation in patients with sepsis and has led to improved radiographic scores in patients with severe cases of severe acute respiratory syndrome coronavirus (SARS-CoV) infection. Recently the successful treatment of a patient with COVID-19 with IgM-enriched immunoglobulin was reported. Here we report the outcome of a further 15 patients hospitalised with COVID-19 treated with IgM-enriched immunoglobulin. Improvements in computed tomography (CT) score were observed in nine patients, indicating that further clinical studies into the use of IgM-enriched immunoglobulin in the treatment of severe COVID-19 are warranted.",2021-07-23
A single centered study reveals association between liver injury and COVID-19 infection.,"<h4>Background and aim</h4>Despite the fact that it has been over a year with the pandemic COVID-19 infection, ongoing research and analysis reveal many complications and comorbidities associated with COVID-19. In this study, we aimed at investigating the clinical and laboratory assessments in COVID-19 patients with and without liver injury.<h4>Methods</h4>Symptomatic 541 COVID-19 positive patients, who were admitted to Al Kuwait Hospital, Dubai, United Arab Emirates (UAE), were recruited in this study. Their data was collected retrospectively, including demographic data, blood tests, symptoms, radiographical assessments, and clinical outcomes of COVID-19.<h4>Results</h4>Around 19% of the recruited COVID-19 patients displayed signs of acute liver injury. Also, there was an increase in the percentage of critical, ICU-admitted and mortality rates in COVID-19 cases with liver injury, as well as a higher percentage of septic shock and acute respiratory distress syndrome (ARDS). COVID-19 patients with liver injury had more pronounced bilateral consolidation, lymphopenia and neutrophilia. Additionally, these patients had higher levels of CRP, LDH, procalcitonin, ferritin and D dimer levels. Finally, there was a higher percentage of patients taking various COVID-19 therapies in the COVID-19 patients with liver injury group.<h4>Conclusion</h4>COVID-19 patients with acute liver injury are at a higher risk for serious outcomes including death.",2021-06-25
"Prescription profile in patients with SARS-CoV-2 infection hospitalised in Aragon, Spain.","<h4>Introduction</h4>On 14 March 2020, a state of alarm was declared in Spain because of the pandemic of coronavirus disease (COVID-19). After 12 weeks from the beginning of the pandemic, the number of confirmed cases stoods at 5781 in Aragon: 46% hospitalised, 5% admitted to intensive care unit, and 15% died. The absence of controlled trials in SARS-CoV-2 infection and the fast progression of the disease has promoted the use of treatments with unproven potential benefit. The objective of this study is to define the prescription profile in patients with SARS-CoV-2 infection hospitalised in Aragon, Spain during the pandemic and its adaptation to the official recommendations.<h4>Patients and methods</h4>Descriptive retrospective study of the consumption and inpatient dispensation of drugs in a sample of COVID-19 infected inpatients (with positive PCR test result) admitted to hospitals of Aragon, between 1 March and 8 May 2020. Data were collected by an inpatient dispensation software program.<h4>Results</h4>1482 positive COVID-19 patients were analysed: 54.9% male, median age 75 years (IQR 62-85); 12% were admitted to the intensive care unit. Median prescription: 13 active ingredients per patient (IQR 9-19). 73% (1093 patients) received hydroxychloroquine, lopinavir/ritonavir, or azithromycin, 81% as combination therapy. 4.3% (52) received other antivirals. 46% received corticosteroids (84% methylprednisolone, 8.7% dexamethasone) and 2.2% tocilizumab.<h4>Discussion</h4>At the time of the study period there was not enough quality evidence to issue a recommendation on any treatment. There are several clinical trials ongoing to clarify what is the best treatment for patient with SARS-CoV-2 infection.",2020-11-20
COVID-19: The therapeutic landscape.,"Therapeutics for hospitalized COVID-19 patients were identified through a robust research response with several lessons learned: clinical trial data should guide therapeutic use, results should not be extrapolated between disease stages, and robust studies should be designed to give clinically relevant data. These lessons should be applied to the outpatient research response.",2021-04-20
Addressing COVID-19 Drug Development with Artificial Intelligence.,"The emergence of severe acute respiratory syndrome coronavirus 2 (SARS-CoV-2), the virus that led to the COVID-19 (Coronavirus Disease 2019) pandemic, has resulted in substantial overburdening of healthcare systems as well as an economic crisis on a global scale. This has in turn resulted in widespread efforts to identify suitable therapies to address this aggressive pathogen. Therapeutic antibody and vaccine development are being actively explored, and a phase I clinical trial of mRNA-1273 which is developed in collaboration between the National Institute of Allergy and Infectious Diseases and Moderna, Inc. is currently underway. Timelines for the broad deployment of a vaccine and antibody therapies have been estimated to be 12-18 months or longer. These are promising approaches that may lead to sustained efficacy in treating COVID-19. However, its emergence has also led to a large number of clinical trials evaluating drug combinations composed of repurposed therapies. As study results of these combinations continue to be evaluated, there is a need to move beyond traditional drug screening and repurposing by harnessing artificial intelligence (AI) to optimize combination therapy design. This may lead to the rapid identification of regimens that mediate unexpected and markedly enhanced treatment outcomes.",2020-04-27
Impact of repurposed drugs on the symptomatic COVID-19 patients.,"An outbreak of severe acute respiratory syndrome coronavirus 2 (SARS-CoV-2), a novel coronavirus capable of causing coronavirus disease 2019 (COVID-19), was declared as a global public health emergency on January 30, 2020, by the World Health Organization. In this devastating situation, precautionary measures, early diagnosis, and repurposed drugs appear to be timely and decisive factors by which to handle this problem until the discovery of an effective, dedicated vaccine or medicine is made. Currently, some researchers and clinicians have claimed evidence exists in favor of the use of some antimalarial drugs (chloroquine, hydroxychloroquine) antiviral drugs (remdesivir, favipiravir, lopinavir, ritonavir, umifenovir) vitamins, traditional Chinese medicines, and herbal medicines against SARS-CoV-2 infection. Based on the available literature, this review article sought to highlight the current understanding of the origin, transmission, diagnosis, precautionary measures, infection and drug action mechanisms, therapeutic role, and toxicities of targeted drugs for the prevention and cure of COVID-19. This review may be useful for developing further strategies as a blueprint and understanding the mentioned drugs' mechanisms to elucidate the possible target of action by which to successfully freeze the replication of the SARS-CoV-2 virus.",2020-12-07
"Tocilizumab, Remdesivir and Favipiravir repurposed for COVID-19: The  Good, The Bad and The Ugly.","In this manuscript, we compare the expectations versus the real word results and handling of three repurposed COVID-19 drugs; tocilizumab, remdesivir and favipiravir providing a personal perspective to affiliate a well-known metaphor to describe their outcomes; the good, the bad and the ugly, respectively and encouraging those colleagues who consider these drugs in their COVID-19 management to consider the risk benefit ratio accordingly.",2020-11-30
Clinical effectiveness of drugs in hospitalized patients with COVID-19: a systematic review and meta-analysis.,"The aim was to assess the clinical effectiveness of drugs used in hospitalized patients with COVID-19 infection. We conducted a systematic review of randomized clinical trials assessing treatment with remdesivir, chloroquine, hydroxychloroquine, lopinavir, ritonavir, dexamethasone, and convalescent plasma, for hospitalized patients with a diagnosis of SARS-CoV-2 infection. The outcomes were mortality, clinical improvement, duration of ventilation, duration of oxygen support, duration of hospitalization, virological clearance, and severe adverse events. A total of 48 studies were retrieved from the databases. Eleven articles were finally included in the data extraction and qualitative synthesis of results. The meta-analysis suggests a benefit of dexamethasone <i>versus</i> standard care in the reduction of risk of mortality at day 28; and the clinical improvement at days 14 and 28 in patients treated with remdesivir. We can conclude that dexamethasone would have a better result in hospitalized patients, especially in low-resources settings. The analysis of the main treatments proposed for hospitalized patients is of vital importance to reduce mortality in low-income countries, since the COVID-19 pandemic had an economic impact worldwide with the loss of jobs and economic decline in countries with scarce resources.<i>The reviews of this paper are available via the supplemental material section.</i>",2021-01-01
Current pharmacological treatments for COVID-19: What's next?,"Since December 2019 SARS-Cov-2 was found responsible for the disease COVID-19, which has spread worldwide. No specific therapies/vaccines are yet available for the treatment of COVID-19. Drug repositioning may offer a strategy and a number of drugs have been repurposed, including lopinavir/ritonavir, remdesivir, favipiravir and tocilizumab. This paper describes the main pharmacological properties of such drugs administered to patients with COVID-19, focusing on their antiviral, immune-modulatory and/or anti-inflammatory actions. Where available, data from clinical trials involving patients with COVID-19 are reported. Preliminary clinical trials seem to support their benefit. However, such drugs in COVID-19 patients have peculiar safety profiles. Thus, adequate clinical trials are necessary for these compounds. Nevertheless, while waiting for effective preventive measures i.e. vaccines, many clinical trials on drugs belonging to different therapeutic classes are currently underway. Their results will help us in defining the best way to treat COVID-19 and reducing its symptoms and complications. LINKED ARTICLES: This article is part of a themed issue on The Pharmacology of COVID-19. To view the other articles in this section visit http://onlinelibrary.wiley.com/doi/10.1111/bph.v177.21/issuetoc.",2020-05-15
COVID-19 in China: From epidemiology to treatment (Review).,"Coronavirus disease 2019 (COVID-19) is a newly emerging infectious disease caused by the novel coronavirus SARS-CoV-2. It first became prevalent in Wuhan, Hubei, China in December 2019. COVID-19 was initially characterized by pneumonia of unknown etiology, accompanied by fever, dry cough and fatigue. Due to its highly infectious nature it rapidly led to widespread human infection, causing 80,924 confirmed cases and 3,140 mortalities in mainland China as of March 9, 2020. The present review highlights the prevalence of COVID-19 in China, the etiology, pathology, clinical presentation, laboratory and chest imaging tests, and treatment of this disease.",2020-10-15
What to expect from different drugs used in the treatment of COVID-19: A study on applications and in vivo and in vitro results.,"The end of 2019 was marked by the emergence of a new type of coronavirus (SARS-CoV-2), which has killed more than 240,000 people around the world so far. Several clinical studies are being performed to test possible drugs in response to the COVID-19 outbreak; however, there is still no treatment that is completely effective. Our goal in this paper is to bring together the results of main studies carried out with different drugs in order to help spread the knowledge about possible treatments for COVID-19 that have been suggested so far.",2020-08-08
Therapeutic strategies against COVID-19.,"Severe acute respiratory syndrome coronavirus 2 (SARS-CoV-2) is a novel coronavirus that mainly affects the upper and lower respiratory tract and is responsible for extremely different degrees of disease, ranging from flu-like symptoms to atypical pneumonia that may evolve to acute respiratory distress syndrome and, ultimately, death. No specific therapy for SARS-CoV-2 has yet been identified, but since the beginning of the outbreak, several pre-existing therapeutics have been reconsidered for the treatment of infected patients. The aim of this article is to discuss current therapeutics against SARS-CoV-2. A literature review was performed using PubMed, collecting data from English-language articles published until June 20th, 2020. Literature analysis showed that with the acquisition of more in-depth knowledge on the characteristics of SARS-CoV-2 and the pathogenesis of the different clinical manifestations, a more rationale use of available drugs has become possible. However, the road to defining which drugs are effective and which schedules of administration must be used to maximize efficacy and minimize adverse events is still very long. To date, it is only clear that no drug can alone cope with all the problems posed by SARS-CoV-2 infection and effective antivirals and inflammatory drugs must be given together to reduce COVID-19 clinical manifestations. Moreover, choice of therapy must always be tailored on clinical manifestations and, when they occur, drugs able to fight coagulopathy and venous thromboembolism that may contribute to respiratory deterioration must be prescribed.",2020-09-07
Contemporary narrative review of treatment options for COVID-19.,"The coronavirus disease 2019 (COVID-19) pandemic is ongoing and many drugs have been studied in clinical trials. From a pathophysiological perspective, anti-viral drugs may be more effective in the early stage while immunomodulators may be more effective in severe patients in later stages of infection. While drugs such as lopinavir-ritonavir, hydroxychloroquine and azithromycin have proved to be ineffective in randomized controlled trials, corticosteroids, neutralizing monoclonal antibodies, remdesivir, tocilizumab and baricitinib have been reported to benefit certain groups of patients with COVID-19. In this review, we will present the key clinical evidence and progress in promising COVID-19 therapeutics, as well as summarize the experience and lessons learned from the development of the current therapeutics.",2021-07-08
Antiviral treatment in COVID-19: which is the most promising?-a narrative review.,"The whole world is battling through coronavirus disease 2019 (COVID-19) which is a fatal pandemic. In the early 2020, the World Health Organization (WHO) declared it as a global health emergency without definitive treatments and preventive approaches. In the absence of definitive therapeutic agents, this thorough review summarizes and outlines the potency and safety of all molecules and therapeutics which may have potential antiviral effects. A number of molecules and therapeutics licensed or being tested for some other conditions were found effective in different in vitro studies as well as in many small sample-sized clinical trials and independent case studies. However, in those clinical trials, there were some limitations which need to be overcome to find the most promising antiviral against severe acute respiratory syndrome coronavirus 2 (SARS-CoV-2). In conclusion, many of above-mentioned antivirals seems to have some therapeutic effects but none of them have been shown to have a strong evidence for their proper recommendation and approval in the treatment of COVID-19. Constantly evolving new evidences, exclusive adult data, language barrier, and type of study (observational, retrospective, small-sized clinical trials, or independent case series) resulted to the several limitations of this review. The need for multicentered, large sample-sized, randomized, placebo-controlled trials on COVID-19 patients to reach a proper conclusion on the most promising antiviral agent is warranted.",2021-01-11
"Drug Repurposing Approach, Potential Drugs, and Novel Drug Targets for COVID-19 Treatment.","Novel coronavirus first appeared in Wuhan, China, in December 2019, and it speedily expanded globally. Some medications which are used to treat other diseases seem to be effective in treating COVID-19 even without explicit support. The existing drugs that are summarized in this review primarily focused on therapeutic agents that possessed activity against other RNA viruses such as MERS-CoV and SARS-CoV. Drug repurposing or repositioning is a promising field in drug discovery that identifies new therapeutic opportunities for existing drugs such as corticosteroids, RNA-dependent RNA polymerase inhibitors, interferons, protease inhibitors, ivermectin, melatonin, teicoplanin, and some others. A search for new drug/drug targets is underway. Thus, blocking coronavirus structural protein, targeting viral enzyme, dipeptidyl peptidase 4, and membrane fusion blocker (angiotensin-converting enzyme 2 and CD147 inhibitor) are major sites based on molecular targets for the management of COVID-19 infection. The possible impact of biologics for the management of COVID19 is promising and includes a wide variety of options such as cytokines, nucleic acid-based therapies targeting virus gene expression, bioengineered and vectored antibodies, and various types of vaccines. This review demonstrates that the available data are not sufficient to suggest any treatment for the eradication of COVID-19 to be used at the clinical level. This article aims to review the roles of existing drugs and drug targets for COVID-19 treatment.",2021-04-22
COVID-19 in Grade 4-5 Chronic Kidney Disease Patients.,"<h4>Introduction</h4>Chronic kidney disease (CKD) increases the risk of mortality during coronavirus disease 2019 (COVID-19) episodes, and some reports have underlined the high incidence and severity of this infection in dialysis patients. Information on COVID-19 in nondialysis CKD patients is not available yet.<h4>Case reports</h4>Here we present 7 patients with grade 4-5 CKD who developed symptomatic COVID-19; they comprise 2.6% of our 267 advanced CKD patients. The estimated GFR was between 12 and 20 mL/min during the month prior to COVID-19. The 3 major symptoms were fever, cough, and dyspnea, and 5 patients showed bilateral pneumonia. Hydroxychloroquine, azithromycin, ceftriaxone, and steroids were the most frequently prescribed drugs. Two patients needed noninvasive mechanical ventilation. All patients showed minimal to moderate kidney function deterioration during admission, with an eGFR decline below 5 mL/min in 6 cases. No patient required acute dialysis. Six patients were discharged alive and remained dialysis free athe t the time of reporting, and one 76-year-old patient died.<h4>Conclusions</h4>COVID-19 affects grade 4-5 CKD patients, but prognosis may be acceptable if prompt supportive measures are applied. These findings should be confirmed in larger cohorts, and further observations will be needed to understand the full spectrum of clinical features and the optimal approach to COVID-19 in patients with advanced CKD.",2020-09-08
Fatal SARS-CoV-2 infection in a renal transplant recipient.,"The severe acute respiratory syndrome coronavirus 2 (SARS-CoV 2) caused a pandemic that first discovered in Wuhan, China. While 10% of the patients have asymptomatic infection, 15-20% have lung involvement, 5-10% have multiple organ failure, and macrophage activation syndrome. Chronic respiratory diseases, diabetes mellitus, hypertension, and cancer are risk factors for mortality. Prognosis or optimal treatment strategy for renal transplant recipients in SARS-CoV-2 infection is still unknown. Besides fatal cases, there were also milder case reports. In addition, COVID-19 treatment and the maintenance immunosuppression strategy is still under debate. Antiviral therapies and drug interactions are special topics for these patients. To the best of our knowledge, favipiravir and anti-cytokine treatments have not been previously reported in a kidney transplant recipient with SARS-CoV-2 infection before. We report a case of SARS-CoV-2 infection in a kidney transplant recipient with fatal outcomes.",2020-06-20
Pharmacotherapy Management for COVID-19 and Cardiac Safety: A Data Mining Approach for Pharmacovigilance Evidence from the FDA Adverse Event Reporting System (FAERS).,"<h4>Background</h4>Several pharmacological agents, such as chloroquine/hydroxychloroquine, have been promoted for COVID-19 treatment or pre-exposure prophylaxis. However, no comprehensive evaluation of the safety of these possible agents is available, and is urgently needed.<h4>Objective</h4>The purpose of this study was to investigate the risks of cardiac adverse events associated with the possible pharmacotherapies for COVID-19, including certain antimalarial, antiviral, and antibiotic drugs.<h4>Patients and methods</h4>We conduced retrospective pharmacovigilance analyses of the US Food and Drug Administration Adverse Event Reporting System database. The reporting odds ratio (ROR), a data mining algorithm commonly used in pharmacovigilance assessment, was generated to quantify the detection signal of adverse events.<h4>Results</h4>Among individuals without coronavirus infection from 2015 Q1 to 2020 Q1, increased risks for cardiac disorders were found for antiviral agents such as chloroquine/hydroxychloroquine (ROR: 1.68; 95% confidence interval [CI] 1.66-1.70), lopinavir/ritonavir (ROR: 1.52; 95% CI 1.39-1.66), and antibiotics such as azithromycin (ROR: 1.37; 95% CI 1.30-1.44) and ceftriaxone (ROR: 1.92; 95% CI 1.80-2.05). Increased serious cardiac adverse events, including myocardial infarction, arrhythmia, and cardiac arrest, were also reported for these drugs. Further analyses of individuals with coronavirus infections revealed that 40% of individuals receiving chloroquine/hydroxychloroquine reported serious cardiac adverse events. Two cases resulted in QT prolongations and one case resulted in cardiac arrest. Chloroquine/hydroxychloroquine and azithromycin contributed to all the QT prolongation and cardiac arrest cases.<h4>Conclusions</h4>The current pharmacotherapies for COVID-19 are associated with increased risks of cardiac adverse events. Variations in the cardiac safety profiles of these pharmacotherapies were also observed. Clinicians should closely monitor patients with COVID-19, especially those at high risk, using chloroquine/hydroxychloroquine and azithromycin.",2021-02-10
"Potential therapeutic agents to COVID-19: An update review on antiviral therapy, immunotherapy, and cell therapy.","Severe acute respiratory syndrome coronavirus 2 (SARS-CoV-2) emerged in Wuhan, China, in December 2020 and coronavirus disease 19 (COVID-19) was later announced as pandemic by the World Health Organization (WHO). Since then, several studies have been conducted on the prevention and treatment of COVID-19 by potential vaccines and drugs. Although, the governments and global population have been attracted by some vaccine production projects, the presence of SARS-CoV-2-specific antiviral drugs would be an urge necessity in parallel with the efficient preventive vaccines. Various nonspecific drugs produced previously against other bacterial, viral, and parasite infections were recently evaluated for treating patients with COVID-19. In addition to therapeutic properties of these anti-COVID-19 compounds, some adverse effects were observed in different human organs as well. Not only several attentions were paid to antiviral therapy and treatment of COVID-19, but also nanomedicine, immunotherapy, and cell therapy were conducted against this viral infection. In this review study, we planned to introduce the present and potential future treatment strategies against COVID-19 and define the advantages and disadvantages of each treatment strategy.",2021-03-16
"Major Neurologic Adverse Drug Reactions, Potential Drug-Drug Interactions and Pharmacokinetic Aspects of Drugs Used in COVID-19 Patients with Stroke: A Narrative Review.","Stroke has been considered as one of the underlying diseases that increases the probability of severe infection and mortality. Meanwhile, there are ongoing reports of stroke subsequent to COVID-19 infection. In this narrative paper, we reviewed major neurologic adverse drug reactions (ADRs) and pharmacokinetics of drugs which are routinely used for COVID-19 infection and their potential drug-drug interactions (PDDIs) with common drugs used for the treatment of stroke. It is highly recommended to monitor patients on chloroquine (CQ), hydroxychloroquine (HCQ), antiviral drugs, and/or corticosteroids about initiation or progression of cardiac arrhythmias, delirium, seizure, myopathy, and/or neuropathy. In addition, PDDIs of anti-COVID-19 drugs with tissue plasminogen activator (tPA), anticoagulants, antiaggregants, statins, antihypertensive agents, and iodine-contrast agents should be considered. The most dangerous PDDIs were interaction of lopinavir/ritonavir or atazanavir with clopidogrel, prasugrel, and new oral anticoagulants (NOACs).",2020-06-30
SARS-CoV-2 and COVID-19: From the Bench to the Bedside.,"First isolated in China in early 2020, Severe Acute Respiratory Syndrome Coronavirus-2 (SARS-CoV-2) is the novel coronavirus responsible for the ongoing pandemic of Coronavirus Disease 2019 (COVID-19). The disease has been spreading rapidly across the globe, with the largest burden falling on China, Europe, and the United States. COVID-19 is a new clinical syndrome, characterized by respiratory symptoms with varying degrees of severity, from mild upper respiratory illness to severe interstitial pneumonia and acute respiratory distress syndrome, aggravated by thrombosis in the pulmonary microcirculation. Three main phases of disease progression have been proposed for COVID-19: an early infection phase, a pulmonary phase, and a hyperinflammation phase. Although current understanding of COVID-19 treatment is mainly derived from small uncontrolled trials that are affected by a number of biases, strong background noise, and a litany of confounding factors, emerging awareness suggests that drugs currently used to treat COVID-19 (antiviral drugs, antimalarial drugs, immunomodulators, anticoagulants, and antibodies) should be evaluated in relation to the pathophysiology of disease progression. Drawing upon the dramatic experiences taking place in Italy and around the world, here we review the changes in the evolution of the disease and focus on current treatment uncertainties and promising new therapies.",2020-06-04
Predictive medicinal metabolites from <i>Momordica dioica</i> against comorbidity related proteins of SARS-CoV-2 infections.,"<i>Momordica dioica</i> have proven medicinal potential of antidiabetic, antiviral and immune stimulating properties. Flavonoids and triterpenoids from <i>M. dioica</i> were more extensively investigated for antiviral, antidiabetic and immunomodulatory activities. In this present study, we have predicted the reported bioactive flavonoids and triterpenoids of the plant against the SARS-CoV-2 main protease, RNA-dependent RNA polymerase (RdRp), spike protein, angiotensin converting enzyme (ACE-2) receptor and dipeptidyl peptidase (DPP4) receptor through molecular docking and <i>in silico</i> ADME predictions methods. According to the binding affinities, the two triterpenoids, hederagenin and oleanolic acid exhibited the best docking scores with these proteins than the catechin and quercetin with compared to standard remdesivir, favipiravir and hydroxychloroquine. The <i>in vitro</i> protein-drug studies have also showed significant interaction of catechin and quercetin compounds than standard drugs. The <i>in silico</i> binding studies correlated with the <i>in silico</i> binding studies. Further, <i>M. dioica</i> being used as antidiabetic and its metabolite had significant interaction with DDP4, a comorbidity protein involved in aiding the viral entry. Out of all the natural ligands, quercetin was reported relatively good and safe for humans with high gastrointestinal tract permeability and poor blood brain barrier crossing abilities. Hence, <i>M. dioica</i> phytocompounds reflects promising therapeutic properties against SARS-CoV-2 infections under comorbid conditions such as diabetes, cardiovascular disease and kidney disorders.Communicated by Ramaswamy H. Sarma.",2021-01-11
"Treatment Options for Severe Acute Respiratory Syndrome, Middle East Respiratory Syndrome, and Coronavirus Disease 2019: a Review of Clinical Evidence.","Coronaviruses have caused serious Severe Acute Respiratory Syndrome (SARS), Middle East Respiratory Syndrome (MERS), and Coronavirus Disease 2019 (COVID-19) outbreaks, and only remdesivir has been recently indicated for the treatment of COVID-19. In the line of therapeutic options for SARS and MERS, this study aims to summarize the current clinical evidence of treatment options for COVID-19. In general, the combination of antibiotics, ribavirin, and corticosteroids was considered as a standard treatment for patients with SARS. The addition of this conventional treatment with lopinavir/ritonavir, interferon, and convalescent plasma showed potential clinical improvement. For patients with MERS, ribavirin, lopinavir/ritonavir, interferon, and convalescent plasma were continuously recommended. However, a high-dose of corticosteroid was suggested for severe cases only. The use of lopinavir/ritonavir and convalescent plasma was commonly reported. There was limited evidence for the effect of corticosteroids, other antiviral drugs like ribavirin, and favipiravir. Monoclonal antibody of tocilizumab and antimalarial agents of chloroquine and hydroxychloroquine were also introduced. Among antibiotics for infection therapy, azithromycin was suggested. In conclusion, this study showed the up-to-date evidence of treatment options for COVID-19 that is helpful for the therapy selection and the development of further guidelines and recommendations. Updates of on-going clinical trials and observational studies may confirm the current findings.",2020-09-16
An overview of viruses discovered over the last decades and drug development for the current pandemic.,"Since the discovery of the yellow fever virus in 1901, thus far, two hundred nineteen viral species are recognized as human pathogens. Each year, the number of viruses causing infections in humans increases, triggering epidemics and pandemics, such as the current COVID-19 pandemic. Pointing to bats as the natural host, in 2019, a genome highly identical to a bat coronavirus (COVID-19) spread all over the world, and the World Health Organization (WHO) officially confirmed it as a pandemic. The virus mainly spreads through the respiratory tract, uses angiotensin-converting enzyme 2 (ACE2) as a receptor, and is characterized by symptoms of fever, cough, and fatigue. Antivirals and vaccines have provided improvements in some cases, but the discovery of a new and diverse variety of viruses with outbreaks has posed a challenge in timely treatments for medical scientists. Currently, few specific antiviral strategies are being used, and many of the effective antiviral drugs and reported active molecules are under vital exploration. In this review, with the details of viral diseases, we summarize the current attempts in drug development, epidemiology, and the latest treatments and scientific advancements to combat the COVID-19 epidemic. Moreover, we discuss ways to reduce epidemics and pandemics in the near future.",2020-11-19
Pharmacological agents under investigation in the treatment of coronavirus disease 2019 and the importance of melatonin.,"Coronavirus disease 2019 (COVID-19) is a life-threatening infectious respiratory disease caused by severe acute respiratory syndrome coronavirus 2 (SARS-CoV-2). COVID-19 pandemic causing morbidities and even deaths worldwide revealed that there is urgent need to find pharmacological agents or vaccines. Although there are a lot of agents under investigation, there is no approved agent for the prevention or treatment of the COVID-19 yet. Treatment of patients remains mainly supportive as well as compassionate use of the agents under investigation. It is well established that excessive inflammatory and immune response and oxidative injury play a critical role in the pathogenesis of COVID-19. In this review, we aimed to update knowledge about pathogenesis, clinical features, and pharmacological treatment of COVID-19 and review the potential beneficial effects of ancient antioxidant, anti-inflammatory, and immunomodulatory molecule melatonin for prevention and treatment of COVID-19.",2020-10-14
COVID-19 Therapeutics Outcome: Systematic Review and Data Analysis,"<title>Abstract</title>  <p><bold>Background:</bold> Several medications already placed in the world therapeutic guidelines for coronavirus disease 2019 (COVID-19) were given to affected patients and produced positive and negative outcomes.<bold>Aims of the study:</bold> This review evaluated therapeutic outcomes (recovery and mortality) used for COVID-19 patient management in clinical settings since the emergence of SARS-CoV-2 the causative agent of (COVID-19).<bold>Method:</bold> The PRISMA-P and PRISMA statements were used to facilitate the development and reporting of this systematic review. Included articles were full-text articles, written in English and published in peer-reviewed journals from March 26, 2020. Recent eligible systematic review articles were also included for interpretation and analysis. Data were reported as percentage changes compared to the total number of patients in each study. For each drug, the proportion of positive outcomes were compared to the proportion of negative outcomes using a z-test (p < 0.05) to determine statistical significance.<bold>Results: </bold>The total number of eligible studies included in this review was 69, and 48 different therapeutics were reported. The data analysis showed positive outcomes for COVID-19 patient treatments using hydroxychloroquine (66.6%), azithromycin (55.5%), lopinavir/ritonavir (54.9%), systemic corticosteroids (52%), umifenovir (51.2%), interferon (50%), remdesivir (45.9%), Ribavirin (43.5%), moxifloxacin (35.3%) and oseltamivir (33.6%). Negative outcomes were related mainly to systemic corticosteroids (21.3%), followed by remdesivir (16.9%), moxifloxacin (13.4%) and oseltamivir (12.5%). However, when comparing the proportions of positive outcomes to negative outcomes for reported drugs, the only statistically significant outcomes were observed among the hydroxychloroquine (p < 0.05) treatment group.<bold>Conclusion:</bold> This study systematically reviewed 69 research articles linking therapies to clinical outcomes for COVID-19 patients. This review has provided insight into recovery and mortality outcomes associated with available COVID-19 therapeutic options. Data analysis showed positive outcomes for COVID-19 patient treatments primarily with hydroxychloroquine, azithromycin and lopinavir/ritonavir.</p>",2020-06-05
"Treatment of SARS-CoV-2 pneumonia with favipiravir: early results from the Ege University cohort, Turkey","<h4>Background/aim</h4>The aim of this descriptive article is to share the experience in Ege University, Turkey with favipiravir in the treatment of severe SARS-CoV-2 pneumonia.<h4>Materials and methods</h4>This retrospective descriptive study included patients diagnosed with COVID-19 who presented with or developed severe pneumonia.<h4>Results</h4>Forty patients who completed a full course (at least 5 days) of favipiravir were included in the study. At baseline, 30 (75%) patients required treatment for respiratory distress. Thirty-three patients (82.5%) were discharged from the hospital with full recovery, 6 patients (15%) died and 1 case (2.5%) was still at the intensive care unit (ICU) when this paper was written.<h4>Conclusion</h4>This study provides relevant information for the treatment of COVID-19, suggesting that favipiravir was associated with significant clinical and laboratory improvements in the majority of the patients, is a safe drug with no serious side effects and would merit further investigation.",2021-06-28
The Emergency Use Authorization of Pharmaceuticals: History and Utility During the COVID-19 Pandemic.,"The Emergency Use Authorization (EUA) originated in 2004 because of the need for emergency medical countermeasures (MCMs) against potential bioterrorist attacks. The EUA also proved useful in dealing with subsequent pandemics and has emerged as a critical regulatory pathway for therapeutics and vaccines throughout the Coronavirus Disease 2019 (COVID-19) pandemic. With the EUA process in the USA, we witnessed emergency authorizations, their expansions, as well as withdrawal of previously authorized products, which exemplifies the dynamic nature of scientific review of EUA products. EUAs proved vital for the first group of COVID-19 vaccines, including the temporary pause of one vaccine while emergency safety issues were evaluated. Although this review on the EUA is primarily focused on the USA, distinctions were made with other jurisdictions such as Europe and Canada with respect to the emergency authorizations of the vaccines. Finally, we discuss some important differences following EUA and formal new drug/vaccine application (NDA/BLA) approvals.",2021-07-01
Does COVID-19 pneumonia signify secondary organizing pneumonia?: A narrative review comparing the similarities between these two distinct entities.,"Multiple observational studies have described the similarities between COVID-19 pneumonia and organizing pneumonia (OP). These two entities clinically manifest with mild and subacute respiratory symptoms, often with a delayed diagnosis due to the atypical ARDS and silent hypoxemia presentation. Radiological features are often indistinguishable between the two. With the increase in antemortem lung biopsies and autopsies being performed, more histopathological findings of OP and its variant, acute fibrinous and organizing pneumonia (AFOP), are being diagnosed. These entities are known complications of viral infections as a delayed immunological process, explaining the favorable response to corticosteroids. Clinicians should be vigilant to diagnose this under-recognized entity of secondary OP in people with COVID-19 when clinical deterioration occurs, especially with compatible radiologic findings and recent cessation of corticosteroids. Despite the proven benefits of corticosteroids in treating COVID-19, treatment approaches can be more effective as OP often requires higher doses and a more prolonged therapy duration for remission and preventing relapses. The purpose of our narrative review is to compare the similarities between COVID-19 pneumonia and OP, emphasizing the clinical, radiological, and histopathological features based on the evidence available in the literature.",2021-05-29
Perioperative pain management in COVID-19 patients: Considerations and recommendations by the Saudi Anesthesia Society (SAS) and Saudi Society of Pain Medicine (SSPM).,"The COVID-19 pandemic has swept across the world over the past few months. Many articles have been published on the safety of anesthetic medications and procedures used in COVID-19 positive patients presenting for surgery. Several other articles covered the chronic pain management aspect during the pandemic. Our review aimed to focus on perioperative pain management for COVID-19 patients. We conducted a literature search for pertinent recent articles that cover considerations and recommendations concerning perioperative pain management in COVID-19 patients. We also searched the literature for the relevant adverse effects of the commonly used medications in the treatment of COVID-19, and their potential drug-drug interactions with the common medications used in perioperative pain management. Professional societies recommend prioritizing regional anesthesia techniques, which have many benefits over other perioperative pain management options. When neuraxial and continuous peripheral nerve block catheters are not an option, patient-controlled analgesia (PCA) should be considered if applicable. Many of the medications used for the treatment of COVID-19 and its symptoms can interfere with the metabolism of medications used in perioperative pain management. We formulated an up-to-date guide for anesthesia providers to help them manage perioperative pain in COVID-19 patients presenting for surgery.",2021-01-05
Spontaneous Pneumomediastinum in Patients Diagnosed with COVID-19: A Case Series with Review of Literature.,"<h4>Background</h4>Spontaneous pneumomediastinum (SPM) is a rare condition defined by the presence of air in the mediastinum in the absence of traumatic or iatrogenic injury. Although the imaging findings and complications of SARS-CoV-2 infection have been reported many times, there are few reports of the prevalence and outcomes of patients with SPM.<h4>Purpose</h4>In this paper, we aimed to illustrate the different manifestations, management, and outcome of three cases of SPM in COVID-19 patients and provide an extensive review available literature.<h4>Materials and methods</h4>Detailed report of patients' demographics, clinical presentation, management, and outcome of three cases of COVID-19 induced SPM seen in our institution was provided. Additionally, literature search was employed through March 2021 using Pubmed and Google scholar databases where a total of 22 articles consisting of 35 patients were included.<h4>Results</h4>Statistical analysis of the reviewed articles showed that SPM in COVID-19 occurs in patients with a mean age of 55.6 ± 16.7 years. Furthermore, 80% of the 35 patients are males and almost 60% have comorbidities. Intriguingly, SPM in COVID-19 is associated with a 28.5% mortality rate. These findings are consistent with our case series and are different from previous reports of SPM in non-COVID-19 cases where it most commonly occurs in younger individuals and has a self-limiting course with a good outcome.<h4>Conclusion</h4>Therefore, SPM in COVID-19 patients occurs in older patients and is potentially associated with a higher mortality rate. Further studies are necessary to assess its role as a prognostic marker of poor outcome.",2021-07-31
"Characteristics, therapeutic modalities and outcomes of COVID-19 ventilated patients in a tertiary care hospital in counter-insurgency zone: Our experience.","<h4>Background</h4>Coronavirus disease 2019 (COVID-19) can result in severe life-threatening course requiring ventilatory support. This study highlights data pertaining to ventilated patients to enhance our understanding of COVID-19 as it evolves.<h4>Methods</h4>A descriptive, retrospective analysis was carried out on 50 COVID-19 RT-PCR positive patients who received mechanical ventilation at a tertiary care hospital in counter-insurgency (CI) zone, from June to December 2020. Data pertaining to patient characteristics, treatment, ventilator support and outcomes was analysed.<h4>Results</h4>Out of 50 patients, 74% were aged 50 years and above with 60% patients having comorbidities. 39 patients received non-invasive ventilation (NIV) and 04 patients received invasive mechanical ventilation (IMV) while 07 patients were converted from NIV to IMV during the hospital stay. Out of the 50 patients who received ventilator support 25 (50%) survived to discharge. The overall survival was 47.3% amongst the males while it was 58.3% for the females. The majority of survivors were in the NIV category (61.5%) while only 9.0% survived amongst those who received IMV. Average length of stay on NIV for patients was 5.3 days and for IMV was 7.5 days. All 50 patients received therapy in the form of steroids, anticoagulants, broad spectrum antibiotics and antivirals. Remdesivir was given to 40 of these patients out of which 20 survived (50%). Interleukin-6 therapy (Tocilizumab) was given to five patients of which four survived (80%).<h4>Conclusion</h4>This study helps us to gain insights into the outcomes of COVID-19 patients managed in a tertiary care hospital in CI zone.",2021-07-26
Cutaneous sıde-effects of the potential COVID-19 drugs.,"COVID-19 disease is a highly contagious and particularly popular problem in all countries. A variety of repurposed drugs and investigational drugs such as remdesivir, chloroquine, hydroxychloroquine, ritonavir, lopinavir, interferon-beta, and other potential drugs have been studied for COVID19 treatment. We reviewed the potential dermatological side-effects of these drugs.",2020-05-22
Interactions of Potential Anti-COVID-19 Compounds with Multispecific ABC and OATP Drug Transporters.,"During the COVID-19 pandemic, several repurposed drugs have been proposed to alleviate the major health effects of the disease. These drugs are often applied with analgesics or non-steroid anti-inflammatory compounds, and co-morbid patients may also be treated with anticancer, cholesterol-lowering, or antidiabetic agents. Since drug ADME-tox properties may be significantly affected by multispecific transporters, in this study, we examined the interactions of the repurposed drugs with the key human multidrug transporters present in the major tissue barriers and strongly affecting the pharmacokinetics. Our in vitro studies, using a variety of model systems, explored the interactions of the antimalarial agents chloroquine and hydroxychloroquine; the antihelmintic ivermectin; and the proposed antiviral compounds ritonavir, lopinavir, favipiravir, and remdesivir with the ABCB1/Pgp, ABCG2/BCRP, and ABCC1/MRP1 exporters, as well as the organic anion-transporting polypeptide (OATP)2B1 and OATP1A2 uptake transporters. The results presented here show numerous pharmacologically relevant transporter interactions and may provide a warning on the potential toxicities of these repurposed drugs, especially in drug combinations at the clinic.",2021-01-09
Therapeutic approaches for SARS-CoV-2 infection.,"Therapeutic approaches to COVID-19 treatment require appropriate inhibitors to target crucial proteins of SARS-CoV-2 replication machinery. It's been approximately 12 months since the pandemic started, yet no known specific drugs are available. However, research progresses with time in terms of high throughput virtual screening (HTVS) and rational design of repurposed, novel synthetic and natural products discovery by understanding the viral life cycle, immuno-pathological and clinical outcomes in patients based on host's nutritional, metabolic, and lifestyle status. Further, complementary and alternative medicine (CAM) approaches have also improved resiliency and immune responses. In this article, we summarize all the therapeutic antiviral strategies for COVID-19 drug discovery including computer aided virtual screening, repurposed drugs, immunomodulators, vaccines, plasma therapy, various adjunct therapies, and phage technology to unravel insightful mechanistic pathways of targeting SARS-CoV-2 and host's intrinsic, innate immunity at multiple checkpoints that aid in the containment of the disease.",2021-05-05
"Palestinian strategies, guidelines, and challenges in the treatment and management of coronavirus disease-2019 (COVID-19).","<h4>Background</h4>Coronavirus disease-2019 (COVID-19) outbreak is a global concern and the World Health Organization (WHO) has declared it as a Public Health Emergency of International Concern. The Palestinian Authority (PA) has quickly and effectively responded to the outbreak of COVID-19, using an internationally and nationally coordinated, to contain the spread of the virus within the borders. The PA approaches are containment and suppression, which is designed to protect the citizens from infection while also mitigating the stress on the health care system. The PA immediately declared a State of Emergency when the first cases in Palestine were diagnosed on 5 March 2020 and launched robust national containment measures to encourage the citizens to protect themselves and follow the guidance.<h4>Objectives</h4>There is currently no vaccine or effective treatment for COVID-19, the treatment is either supportive and/ or the treatment of symptoms. Several strategies in the treatment of the disease were applied including medications. This review aims to summarize the different strategies, guidelines, challenges, and treatments used against COVID-19 worldwide and in Palestine.<h4>Materials and methods</h4>Different literature and guidelines among different databases were searched. Literature reviewing was conducted using the following search engines, Google Scholar, Medline, Pub Med, EMBASE, Web of Science, and Science Direct. Data also obtained from WHO and PA reports, and the published peer-reviewed articles of 2019-nCoV. The review focuses on the strategies, guidelines, therapeutics, challenges, and different approaches used in the treatment and management of the disease in Palestine and globally.<h4>Conclusion</h4>The Palestinian Ministry of Health (MoH) strategies to end the COVID-19 pandemic were; slow and stop transmission; provide optimized care for patients; and minimize the impact of the epidemic on health systems, social services, and economic activity. Thus, proper management, right actions, and effective treatment of the disease should be considered to achieve these strategies. The biggest problem for PA to control and stop the outbreak of the disease is the different challenges which include; the Israeli military and economic control, uncontrol the borders, shortage of medical and financial resources, crowded cities and refugee camps, poverty, food insecurity, and the financial crisis. To date, there are no specific vaccines or medicines for COVID-19; and treatments are under investigation through clinical trials. However, an array of drugs approved for other indications, as well as multiple investigational agents, are being studied for the treatment of COVID-19; in several hundred clinical trials around the World. Treatment is essentially supportive and symptomatic.",2020-10-13
"A single-center retrospective cohort study of Covid-19 medications: Remdesivir, Favipiravir, Methylprednisolone, Dexamethasone, and Interferon β1a and their combinations","Many drugs have been suggested to be used for Covid-19. A suitable and efficient choice of drug would make the course of Covid-19 easier. we have investigated the efficacy of different treatment regimen in reducing hospitalization period (HP) and mortality of 324 confirmed Covid-19 patients. Received drugs included single therapy or combinations of Methylprednisolone, Remdesivir, Favipiravir, Interferon β1a, and Dexamethasone. HP and mortality were compared between different treatment groups to evaluate efficacy of each drug. HP and mortality were also calculated for patients in each treatment group based on their underlying diseases and age. we suggest that using IFN-β1a, RDV and corticosteroids might not have a significant effect on the HP or mortality of the Covid-19 patients as it was thought before.",2021-03-08
"COVID-19: An Update on the Epidemiological, Clinical, Preventive, and Therapeutic Management of 2019 Novel Coronavirus Disease.","The COVID-19 pandemic caused by severe acute respiratory syndrome coronavirus (SARS-CoV-2) remains a serious issue for global health, given widespread infectivity and a high contagion rate. A tremendous amount of data has been generated since it was first identified in December 2019. It is vital to keep up with these data from across the world at a time of uncertainty and continuously evolving guidelines and clinical practice. This review provides an update on recent developments concerning epidemiology, clinical presentation, treatment options, and scientific advancements to combat the COVID-19 pandemic.",2021-01-01
"Efficacy and safety of hydroxychloroquine as pre-and post-exposure prophylaxis and treatment of COVID-19. Systematic review and meta-analysis of blinded, placebo-controlled, randomized clinical trials","<h4>ABSTRACT</h4> <h4>BACKGROUND</h4> Hydroxychloroquine (HCQ) is an anti-malarial and immunomodulatory drug considered a potential candidate for drug repurposing in COVID-19 due to their in vitro antiviral activity against SARS-CoV-2. Despite the potential antiviral effects and anti-inflammatory profile, the results based on clinical studies are contradictory and the quality of the decision-making process from meta-analyses summarizing the available evidence selecting studies with different designs and unblinded trials is limited. The aim of this study was to synthesize the best evidence on the efficacy and safety of HCQ as pre-and post-exposure prophylaxis and treatment of non-hospitalized and hospitalized patients with COVID-19. <h4>METHODS</h4> Searches for studies were performed in PubMed, Web of Science, Embase, Lilacs, the website ClinicalTrials.gov and the preprint server medRxiv from January 1, 2020 to May 17, 2021. The following elements were used to define eligibility criteria: (1) Population, individuals at high-risk of exposure to SARS-CoV-2 (pre-exposure), individuals who had close contact with a positive or probable case of COVID-19 (post-exposure), non-hospitalized patients with COVID-19 and hospitalized patients with COVID-19; (2) Intervention, HCQ; (3) Comparison, placebo; (4) Outcomes: incidence of SARS-CoV-2 infection, need for hospitalization, length of hospital stay, need for invasive mechanical ventilation (MV), death, and adverse events; and (5) Study type, blinded, placebo-controlled, randomized clinical trials (RCTs). Risk of bias was judged according to the Cochrane guidelines for RCTs. Treatment effects were reported as relative risk (RR) for dichotomous variables and mean difference (MD) for continuous variables with 95% confidence intervals (CI). We used either a fixed or random-effects model to pool the results of individual studies depending on the presence of heterogeneity. The GRADE system was used to evaluate the strength of evidence between use of HCQ and the outcomes of interest. <h4>RESULTS</h4> Fourteen blinded, placebo-controlled RCTs were included in the meta-analysis. Four trials used HCQ as a prophylactic medication pre-exposure to COVID-19, two as a prophylactic medication post-exposure to COVID-19, three as treatment for non-hospitalized patients, and five as treatment for hospitalized patients with COVID-19. We found no decreased risk of SARS-CoV-2 infection among individuals receiving HCQ as pre-exposure (RR = 0.90; 95% CI 0.46 to 1.77) or post-exposure (RR = 0.96; 95% CI 0.72 to 1.29) prophylaxis to prevent COVID-19. There is no decreased risk of hospitalization for outpatients with SARS-CoV-2 infection (RR = 0.64; 95% CI 0.33 to 1.23) and no decreased risk of MV (RR = 0.81; 95% CI 0.49 to 1.34) and death (RR = 1.05; 95% CI 0.62 to 1.78) among hospitalized patients with COVID-19 receiving HCQ. The certainty of the results on the lack of clinical benefit for HCQ was rated as moderate. Moreover, our results demonstrated an increased risk for any adverse events and gastrointestinal symptoms among those using HCQ. <h4>CONCLUSION</h4> Available evidence based on the results of blinded, placebo-controlled RCTs showed no clinical benefits of HCQ as pre-and post-exposure prophylaxis and treatment of non-hospitalized and hospitalized patients with COVID-19.",2021-06-15
COVID19 inhibitors: A prospective therapeutics.,"The inhibition of viral targets might provide new therapies for coronavirus disease abbreviated as COVID-19. The rational drug design identified as much of the recent discoveries of potent drugs molecule against any targets. This results in an improvement in bindings for better potency and selectivity. The drugs containing ethanolamine/propylamine fragments along with heterocycles have shown potential antiviral results. Similarly, there is the possibility of controlling the COVID-19 infection by nucleotide analogues. Here we also highlight drugs ACEIs/ARBs inhibitory discussing both their advantages and disadvantages. The class of compounds/antibodies inhibiting interleukin-6 works in antirheumatoid drugs are found useful in alleviating overactive inflammatory responses in the lungs of the patient. These inclusion based approaches counter some of the side-effects associated with the heterocycles and also potentiate the efficacy of the molecules. In this review article, design strategies for some of the drugs effective against SARS-CoV-2 are represented. The review also focuses on the listing of drugs that are currently testing under clinical trials for the COVID-19 virus with their mechanism of action. This conversation undertakes the opportunity to do a bit for the newer researchers working in this arena.",2020-06-17
Randomized controlled open label trial on the use of favipiravir combined with inhaled interferon beta-1b in hospitalized patients with moderate to severe COVID-19 pneumonia.,"<h4>Objective</h4>To evaluate the therapeutic effectiveness of favipiravir combined with inhaled interferon beta-1b in adult patients hospitalized with moderate to severe COVID-19 pneumonia.<h4>Methods</h4>A randomized, open-label controlled trial of oral favipiravir in adults hospitalized with moderate to severe COVID-19 pneumonia from June 22nd 2020 to August 13th 2020 was conducted. Patients were randomly assigned to receive either a combination of favipiravir with interferon beta-1b by inhalation aerosol or hydroxychloroquine (HCQ). The outcome endpoints included improvement in inflammatory markers, lower length of hospital stay (LOS), discharges and lower overall 14-day mortality.<h4>Results</h4>A total of 89 patients underwent randomization with 49% (n = 44) assigned to favipiravir and 51% (n = 45) assigned HCQ. The overall mean age was 55 ± 14 years and 58% (n = 52) were males. There were no significant differences in the inflammatory biomarkers at hospital discharge between the two groups; C-reactive protein (p = 0.413), ferritin (p = 0.968), lactate dehydrogenase (p = 0.259) and interleukin 6 (p = 0.410). There were also no significant differences between the two groups with regards to the overall LOS (7 vs 7 days; p = 0.948), transfers to the ICU (18.2% vs 17.8%; p = 0.960), discharges (65.9% vs 68.9%; p = 0.764) and overall mortality (11.4% vs 13.3%; p = 0.778).<h4>Conclusions</h4>No differences in clinical outcomes were found between favipiravir plus inhaled interferon beta-1b and hydroxychloroquine in adults hospitalized with moderate to severe COVID-19 pneumonia.",2020-11-09
Rheumatologists' perspective on coronavirus disease 19 (COVID-19) and potential therapeutic targets.,"The ongoing pandemic coronavirus disease 19 (COVID-19) caused by the severe acute respiratory syndrome coronavirus 2 (SARS-CoV-2) is a matter of global concern. Environmental factors such as air pollution and smoking and comorbid conditions (hypertension, diabetes mellitus and underlying cardio-respiratory illness) likely increase the severity of COVID-19. Rheumatic manifestations such as arthralgias and arthritis may be prevalent in about a seventh of individuals. COVID-19 can result in acute interstitial pneumonia, myocarditis, leucopenia (with lymphopenia) and thrombocytopenia, also seen in rheumatic diseases like lupus and Sjogren's syndrome. Severe disease in a subset of patients may be driven by cytokine storm, possibly due to secondary hemophagocytic lymphohistiocytosis (HLH), akin to that in systemic onset juvenile idiopathic arthritis or adult-onset Still's disease. In the absence of high-quality evidence in this emerging disease, understanding of pathogenesis may help postulate potential therapies. Angiotensin converting enzyme 2 (ACE2) appears important for viral entry into pneumocytes; dysbalance in ACE2 as caused by ACE inhibitors or ibuprofen may predispose to severe disease. Preliminary evidence suggests potential benefit with chloroquine or hydroxychloroquine. Antiviral drugs like lopinavir/ritonavir, favipiravir and remdesivir are also being explored. Cytokine storm and secondary HLH might require heightened immunosuppressive regimens. Current international society recommendations suggest that patients with rheumatic diseases on immunosuppressive therapy should not stop glucocorticoids during COVID-19 infection, although minimum possible doses may be used. Disease-modifying drugs should be continued; cessation may be considered during infection episodes as per standard practices. Development of a vaccine may be the only effective long-term protection against this disease.Key Points• Patients with coronavirus disease 19 (COVID-19) may have features mimicking rheumatic diseases, such as arthralgias, acute interstitial pneumonia, myocarditis, leucopenia, lymphopenia, thrombocytopenia and cytokine storm with features akin to secondary hemophagocytic lymphohistiocytosis.• Although preliminary results may be encouraging, high-quality clinical trials are needed to better understand the role of drugs commonly used in rheumatology like hydroxychloroquine and tocilizumab in COVID-19.• Until further evidence emerges, it may be cautiously recommended to continue glucocorticoids and other disease-modifying antirheumatic drugs (DMARDs) in patients receiving these therapies, with discontinuation of DMARDs during infections as per standard practice.",2020-04-10
Tocilizumab treatment in critically ill patients with COVID-19: A retrospective observational study.,"<h4>Objective</h4>Elevated levels of pro-inflammatory cytokines are observed in severe COVID-19 infections, and cytokine storm is associated with disease severity. Tocilizumab, an interleukin-6 receptor antagonist, is used to treat chimeric antigen receptor T cell-induced cytokine release syndrome and may attenuate the dysregulated immune response in COVID-19. We compared outcomes among tocilizumab-treated and non-tocilizumab-treated critically ill COVID-19 patients.<h4>Design, setting, and participants</h4>This was a retrospective observational study conducted at a tertiary referral center investigating all patients admitted to the intensive care unit for COVID-19 who had a disposition from the hospital because of death or hospital discharge between March 1 and May 18, 2020 (n = 96). The percentages of death and secondary infections were compared between patients treated with tocilizumab (n = 55) and those who were not (n = 41).<h4>Measurements and main results</h4>More tocilizumab-treated patients required mechanical ventilation (44/55, 80%) compared to non-treated patients (15/41, 37%; P < 0.001). Of 55 patients treated with tocilizumab, 32 (58%) were on mechanical ventilation at the time of administration, and 12 (22%) progressed to mechanical ventilation after treatment. Of patients treated with tocilizumab requiring mechanical ventilation, 30/44 (68%) were intubated within 1 day of administration. Fewer deaths were observed among tocilizumab-treated patients, both in the overall population (15% vs 37%; P = 0.02) and among the subgroup of patients requiring mechanical ventilation (14% vs 60%; P = 0.001). Secondary infections were not different between the 2 groups (tocilizumab: 31%, non-tocilizumab: 17%; P = 0.16) and were predominantly related to invasive devices, such as urinary and central venous catheters.<h4>Conclusions</h4>Tocilizumab treatment was associated with fewer deaths compared to non-treatment despite predominantly being used in patients with more advanced respiratory disease.",2021-02-17
Plasma IL-6 levels following corticosteroid therapy as an indicator of ICU length of stay in critically ill COVID-19 patients.,"Intensive care unit (ICU) admissions and mortality in severe COVID-19 patients are driven by ""cytokine storms"" and acute respiratory distress syndrome (ARDS). Interim clinical trial results suggest that the corticosteroid dexamethasone displays better 28-day survival in severe COVID-19 patients requiring ventilation or oxygen. In this study, 10 out of 16 patients (62.5%) that had an average plasma IL-6 value over 10 pg/mL post administration of corticosteroids also had worse outcomes (i.e., ICU stay >15 days or death), compared to 8 out of 41 patients (19.5%) who did not receive corticosteroids (p-value = 0.0024). Given this potential association between post-corticosteroid IL-6 levels and COVID-19 severity, we hypothesized that the glucocorticoid receptor (GR or NR3C1) may be coupled to IL-6 expression in specific cell types that govern cytokine release syndrome (CRS). Examining single-cell RNA-seq data from BALF of severe COVID-19 patients and nearly 2 million cells from a pan-tissue scan shows that alveolar macrophages, smooth muscle cells, and endothelial cells co-express NR3C1 and IL-6, motivating future studies on the links between the regulation of NR3C1 function and IL-6 levels.",2021-03-15
Update on Antiviral Strategies Against COVID-19: Unmet Needs and Prospects.,"By December 2020, the COVID-19 pandemic had caused more than 74 million confirmed cases and 1.6 million related deaths around the world. However, only a few drugs have been approved in certain areas and for use in conditional patients, and the vaccine candidates were only recently approved or authorized for emergency use without being fully implemented worldwide, suggesting that we are yet to reach effective control of the current outbreak as its uninhibited transmission continues precariously. Over the past few months, several therapeutic candidates have been proven ineffective in large clinical trials, while some other agents exhibited promising preliminary results. Meanwhile, the investigation of SARS-CoV-2-specific antivirals is underway. Despite still being preclinical, these agents could be beneficial for the long-term control of COVID-19 and deserve more research focus. In this article, we update the current status of therapeutic candidates that have been examined for COVID-19 management, including the virus-targeting inhibitors and host-targeting agents, with their antiviral efficacy <i>in vitro</i>, <i>in vivo</i>, and in clinical studies. Finally, we highlight the current challenges and future prospect of developing potent therapeutic agents against COVID-19.",2021-02-05
Considerations for interactions of drugs used for the treatment of COVID-19 with anti-cancer treatments.,"SARS-CoV2 infection is an emerging issue worldwide. Cancer patient are at increased risk of infection compared to general population. On the other hand, these patients are at major risk of drug interactions caused by renal and hepatic impairment background. Because of the long-term use of chemotherapy drugs, drug interactions are important in these patients especially with SARS-CoV2 treatments now. This paper is review of reported drug interactions of current treatments for COVID-19 and anticancer agents.",2020-05-12
Clinical effectiveness of drugs in hospitalized patients with COVID-19: a systematic review and meta-analysis,"<h4>Summary</h4> <h4>Objective</h4> The aim was to assess the clinical effectiveness of drugs used in hospitalized patients with COVID-19 infection. <h4>Method</h4> We conducted a systematic review of randomized clinical trials assessing treatment with remdesivir, chloroquine, hydroxychloroquine, lopinavir, ritonavir, dexamethasone, and convalescent plasma, for hospitalized patients with a diagnosis of SARS-CoV-2 infection. The outcomes were mortality, clinical improvement, duration of ventilation, duration of oxygen support, duration of hospitalization), virological clearance, and severe adverse events. <h4>Results</h4> A total of 48 studies were retrieved from the databases. Ten articles were finally included in the data extraction and qualitative synthesis of results. The meta-analysis suggests a benefit of dexamethasone versus standard care in the reduction of risk of mortality at day 28; and the clinical improvement at days 14 and 28 in patients treated with remdesivir. <h4>Conclusions</h4> Dexamethasone would have a better result in hospitalized patients, especially in low-resources settings. <h4>Significance of results</h4> The analysis of the main treatments proposed for hospitalized patients is of vital importance to reduce mortality in low-income countries; since the COVID-19 pandemic had an economic impact worldwide with the loss of jobs and economic decline in countries with scarce resources.",2020-09-13
"COVID-19: pathogenesis, advances in treatment and vaccine development and environmental impact-an updated review.","Diseases negatively impact the environment, causing many health risks and the spread of pollution and hazards. A novel coronavirus, severe acute respiratory syndrome coronavirus type 2 (SARS-CoV-2) has led to a recent respiratory syndrome epidemic in humans. In December 2019, the sudden emergence of this new coronavirus and the subsequent severe disease it causes created a serious global health threat and hazards. This is in contrast to the two aforementioned coronaviruses, SARS-CoV-2 (in 2002) and middle east respiratory syndrome coronavirus MERS-CoV (in 2012), which were much more easily contained. The World Health Organization (WHO) dubbed this contagious respiratory disease an ""epidemic outbreak"" in March 2020. More than 80 companies and research institutions worldwide are working together, in cooperation with many governmental agencies, to develop an effective vaccine. To date, six authorized vaccines have been registered. Up till now, no approved drugs and drug scientists are racing from development to clinical trials to find new drugs for COVID-19. Wild animals, such as snakes, bats, and pangolins are the main sources of coronaviruses, as determined by the sequence homology between MERS-CoV and viruses in these animals. Human infection is caused by inhalation of respiratory droplets. To date, the only available treatment protocol for COVID-19 is based on the prevalent clinical signs. This review aims to summarize the current information regarding the origin, evolution, genomic organization, epidemiology, and molecular and cellular characteristics of SARS-CoV-2 as well as the diagnostic and treatment approaches for COVID-19 and its impact on global health, environment, and economy.",2021-03-18
"COVID-19, a tale of two peaks: patients' characteristics, treatments, and clinical outcomes.","Coronavirus 2019 disease (COVID-19) continues to challenge healthcare systems globally as many countries are currently experiencing an increase in the morbidity and mortality. Compare baseline characteristics, clinical presentation, treatments, and clinical outcomes of patients admitted during the second peak to those admitted during the first peak. Retrospective analysis of 258 COVID-19 patients consecutively admitted to the Tel Aviv Medical Center, of which, 131 during the first peak (March 21-May 30, 2020) and 127 during the second peak (May 31-July 16, 2020). First and second peak patients did not differ in baseline characteristics and clinical presentation at admission. Treatment with dexamethasone, full-dose anticoagulation, tocilizumab, remdesivir, and convalescent plasma transfusion were significantly more frequent during the second peak, as well as regimens combining 3-4 COVID-19-directed drugs. Compared to the first peak, 30-day mortality and invasive mechanical ventilation rates as well as adjusted risk were significantly lower during the second peak (10.2%, vs 19.8% vs p = 0.028, adjusted HR 0.39, 95% CI 0.19-0.79, p = 0.009 and 8.8% vs 19.3%, p = 0.002, adjusted HR 0.29, 95% CI 0.13-0.64, p = 0.002; respectively). Rates of 30-day mortality and invasive mechanical ventilation, as well as adjusted risks, were lower in the second peak of the COVID-19 pandemic among hospitalized patients. The change in treatment strategy and the experienced gained during the first peak may have contributed to the improved outcomes.",2021-04-01
Treatment options for COVID-19: The reality and challenges.,"An outbreak related to the severe acute respiratory syndrome coronavirus 2 (SARS-CoV-2) was first reported in Wuhan, China in December 2019. An extremely high potential for dissemination resulted in the global coronavirus disease 2019 (COVID-19) pandemic in 2020. Despite the worsening trends of COVID-19, no drugs are validated to have significant efficacy in clinical treatment of COVID-19 patients in large-scale studies. Remdesivir is considered the most promising antiviral agent; it works by inhibiting the activity of RNA-dependent RNA polymerase (RdRp). A large-scale study investigating the clinical efficacy of remdesivir (200 mg on day 1, followed by 100 mg once daily) is on-going. The other excellent anti-influenza RdRp inhibitor favipiravir is also being clinically evaluated for its efficacy in COVID-19 patients. The protease inhibitor lopinavir/ritonavir (LPV/RTV) alone is not shown to provide better antiviral efficacy than standard care. However, the regimen of LPV/RTV plus ribavirin was shown to be effective against SARS-CoV in vitro. Another promising alternative is hydroxychloroquine (200 mg thrice daily) plus azithromycin (500 mg on day 1, followed by 250 mg once daily on day 2-5), which showed excellent clinical efficacy on Chinese COVID-19 patients and anti-SARS-CoV-2 potency in vitro. The roles of teicoplanin (which inhibits the viral genome exposure in cytoplasm) and monoclonal and polyclonal antibodies in the treatment of SARS-CoV-2 are under investigation. Avoiding the prescription of non-steroidal anti-inflammatory drugs, angiotensin converting enzyme inhibitors, or angiotensin II type I receptor blockers is advised for COVID-19 patients.",2020-04-04
Immunomodulation for the management of severe SARS-CoV2 infections. State of the art and review of the literature.,"This Mini Review of the literature aimed to assess the role of tocilizumab for the treatment of severe coronavirus disease 2019 (COVID-19). Based on the available scientific evidence, it is not clear to date what is the best therapeutic strategy for the treatment of COVID-19. Since SARS-CoV-2 infection stimulates a vigorous proinflammatory response and may cause the so-called ""cytokine storm"", immunomodulator drugs have been investigated as potential treatment for severe COVID-19 pneumonia. Among immunomodulators, tocilizumab, a recombinant humanized monoclonal antibody directed against IL-6 receptor, seems to be promising. An increasing number of clinical trials are exploring the role of tocilizumab in COVID-19, focusing on outcomes like mortality, risk of intensive care unit admission and the need for mechanical ventilation. At the moment, there is no conclusive evidence that tocilizumab would be proper outright in all patients with COVID-19 pneumonia, but some studies suggest that its use may be beneficial in selected categories of patients.",2020-11-28
[COVID-19: diagnosis and treatment].,"The guidelines provide evidence-based recommendations for the management of COVID-19. The clinical manifestations of the disease are described and indication criteria for hospital admission of patients with COVID-19 are listed. Polymerase chain reaction and antigen testing are used in direct diagnostics. Indirect detection of infection by antibodies is currently of limited value. There are a number of hematological and biochemical laboratory test used to diagnose COVID-19. Pathological values of some laboratory parameters are associated with severity of COVID-19. Of the imaging studies, chest X-ray, chest computer tomography and lung ultrasound are used. COVID-19 therapy includes symptomatic and specific therapy (antivirals, immunotherapeutics and anticoagulants) and intensive care in the severe and critical forms of the disease. Remdesivir and favipiravir are available as antiviral agents. Immunotherapeutics include monoclonal antibodies (casirivimab/imdevimab, bamlanivimab/etesevimab), dexamethas one, baricitinib and tocilizumab. Low-molecular-weight heparin is a dominant form of anticoagulant therapy. The guidelines provide specific therapeutic recommendations for each stage of the disease. Antibiotics are recommended only if bacterial superinfection is suspected or demonstrated, which is not common in the early stages of the disease.",2021-06-01
Interactions of anti-COVID-19 drug candidates with multispecific ABC and OATP drug transporters,"In the COVID-19 epidemic, several repurposed drugs have been proposed to alleviate the major health effects of the disease. These drugs are often applied together with analgesics or non-steroid anti-inflammatory compounds, and co-morbid patients may also be treated with anticancer, cholesterol-lowering or antidiabetic agents. Since drug ADME-tox properties may be significantly affected by multispecific transporters, here we examined the interactions of the repurposed drugs with the key human multidrug transporters, present in the major tissue barriers and strongly affecting pharmacokinetics. Our in vitro studies, using a variety of model systems, explored the interactions of the antimalarial agents chloroquine and hydroxychloroquine, the antihelmintic ivermectin, and the proposed antiviral compounds, ritonavir, lopinavir, favipiravir and remdesivir with the ABCB1/Pgp, ABCG2/BCRP and ABCC1/MRP1 exporters, as well as the OATP2B1 and OATP1A2 uptake transporters. The results presented here show numerous pharmacologically relevant transporter interactions and may provide a warning for the potential toxicities of these repurposed drugs, especially in drug combinations at the clinic.",2020-11-23
Are herbal drugs effective in COVID management? A review to demystify the current facts and claims,"Amid the SARS‐CoV‐2 pandemic, herbal medicines have received much attention in its evidence-based therapeutics. Scientists across the globe are integrating new research at an unprecedented fast pace for the discovery of novel molecules against this deadly viral disease. Ever since ancient times, phytochemicals have long been used traditionally for the cure of many viral diseases and lately many are being tested for their potential against the viral replications/transcriptions. The unmatched structural diversity of phytoconstituents may prove to be a gold mine for antiviral drug discovery. Many plants like Heteromorpha spp ., Bupleurum spp , Scrophularia scorodonia , Artemisia annua , Pyrrosia lingua , Lycoris radiate , and Lindera agregata have also been reported to have antiviral potential against SARS-CoV. Recently many synthetic molecules like remdesivir, tocilizumab, favipirapir, dexamethasone, glucocorticoid, and hydroxychloroquine etc. have been extensively investigated for their potential against the SARS‐CoV‐2, likewise, various plant-based molecules such as scutellarein, silvestrol, tryptanthrin, saikosaponin B2, quercetin, myricetin, caffeic acid, psoralidin, isobavachalcone, and lectins-griffiths in were also found to be equally effective. Needless to mention that, the herbal medicines are a valuable and powerful source of chemical compounds which need further chemical modifications and appropriate in-vitro and in-vivo testings for establishing their safety and efficacy as potential drugs against the battle with coronavirus pandemic. In this review, we will try to highlight the potential phytochemicals candidates with their possible molecular targets against the SARS‐CoV‐2and demystify the myths behind the purported remedies such as herbal therapies, teas, essential oils, tinctures, and silver products such as colloidal silver that have no scientific evidence to prevent or cure COVID-19. Apart from that, this review will also de-fabricate the surgency of objectionable claims that are continuously reckoning towards the treatment of COVID-19 with hundred per cent surety and are propagated by several herbal firms.",2020-11-19
Pharmacogenetics Approach for the Improvement of COVID-19 Treatment.,"The treatment of coronavirus disease 2019 (COVID-19) has been a challenge. The efficacy of several drugs has been evaluated and variability in drug response has been observed. Pharmacogenetics could explain this variation and improve patients' outcomes with this complex disease; nevertheless, several disease-related issues must be carefully reviewed in the pharmacogenetic study of COVID-19 treatment. We aimed to describe the pharmacogenetic variants reported for drugs used for COVID-19 treatment (remdesivir, oseltamivir, lopinavir, ritonavir, azithromycin, chloroquine, hydroxychloroquine, ivermectin, and dexamethasone). In addition, other factors relevant to the design of pharmacogenetic studies were mentioned. Variants in <i>CYP3A4</i>, <i>CYP3A5</i>, <i>CYP2C8</i>, <i>CY2D6</i>, <i>ABCB1</i>, <i>ABCC2</i>, and <i>SLCO1B1</i>, among other variants, could be included in pharmacogenetic studies of COVID-19 treatment. Besides, nongenetic factors such as drug-drug interactions and inflammation should be considered in the search for personalized therapy of COVID-19.",2021-03-05
Antiviral Agent Therapy Optimization in Special Populations of COVID-19 Patients.,"Coronavirus disease 2019 (COVID-19) caused by severe acute respiratory syndrome coronavirus 2 (SARS-CoV-2) is now a global outbreak of disease. The antiviral treatment acts as one of the most important means of SARS-CoV-2 infection. Alteration of physiological characteristics in special populations may lead to the change in drug pharmacokinetics, which may result in treatment failure or increased adverse drug reactions. Some potential drugs have shown antiviral effects on SARS-CoV-2 infections, such as chloroquine, hydroxychloroquine, favipiravir, lopinavir/ritonavir, arbidol, interferon alpha, and remedsivir. Here, we reviewed the literature on clinical effects in COVID-19 patients of these antiviral agents and provided the potential antiviral agent options for pregnant women, elderly patients, liver or renal dysfunction patients, and severe or critically ill patients receiving renal replacement therapy or ECMO after SARS-CoV-2 infection.",2020-07-28
A novel method of literature mining to identify candidate COVID-19 drugs.,"<h4>Summary</h4>COVID-19 is a serious infectious disease that has recently emerged and continues to spread worldwide. Its spreading rate is too high to expect that new specific drugs will be developed in sufficient time. As an alternative, drugs already developed for other diseases have been tested for use in the treatment of COVID-19 (drug repositioning). However, to select candidate drugs from a large number of compounds, numerous inhibition assays involving viral infection of cultured cells are required. For efficiency, it would be useful to narrow the list of candidates down using logical considerations prior to performing these assays. We have developed a powerful tool to predict candidate drugs for the treatment of COVID-19 and other diseases. This tool is based on the concatenation of events/substances, each of which is linked to a KEGG (Kyoto Encyclopedia of Genes and Genomes) code based on a relationship obtained from text mining of the vast literature in the PubMed database. By analyzing 21 589 326 records with abstracts from PubMed, 98 556 KEGG codes with NAME/DEFINITION fields were connected. Among them, 9799 KEGG drug codes were connected to COVID-19, of which 7492 codes had no direct connection to COVID-19. Although this report focuses on COVID-19, the program developed here can be applied to other infectious diseases and used to quickly identify drug candidates when new infectious diseases appear in the future.<h4>Availability and implementation</h4>The programs and data underlying this article will be shared on reasonable request to the corresponding authors.<h4>Contact</h4>atmuramatsu@g.ecc.u-tokyo.ac.jp, amtanok@mail.ecc.u-tokyo.ac.jp.<h4>Supplementary information</h4>Supplementary data are available at <i>Bioinformatics Advances</i> online.",2021-07-22
Oral Curcumin With Piperine as Adjuvant Therapy for the Treatment of COVID-19: A Randomized Clinical Trial.,"<b>Background:</b> Coronavirus disease-2019 (COVID-19) has a wide range of pathophysiological effects. Curcumin, an active constituent of Curcuma longa (turmeric), has several properties, including anti-inflammatory, antioxidant, antiviral, anti-thrombotic, and anti-proliferative effects, which make it a promising candidate for the symptomatic treatment of COVID-19. <b>Objective:</b> We aimed to determine the effects of curcumin administered with piperine (to optimize absorption) on symptoms in patients with COVID-19 in a double-blind, randomized, controlled trial at a 30-bed dedicated COVID Health Center (DCHC) in Maharashtra, India. <b>Methods:</b> In addition to conventional COVID-19 treatment, patients in the control group received a dose of probiotics twice a day, and patients in the study group received curcumin (525 mg) with piperine (2.5 mg) in tablet form twice a day. The effects of curcumin/piperine treatment on primary and secondary outcomes were assessed for the duration of hospitalization. <b>Results:</b> Patients with mild, moderate, and severe symptoms who received curcumin/piperine treatment showed early symptomatic recovery (fever, cough, sore throat, and breathlessness), less deterioration, fewer red flag signs, better ability to maintain oxygen saturation above 94% on room air, and better clinical outcomes compared to patients of the control group. Furthermore, curcumin/piperine treatment appeared to reduce the duration of hospitalization in patients with moderate to severe symptoms, and fewer deaths were observed in the curcumin/piperine treatment group. <b>Conclusions:</b> Administration of oral curcumin with piperine as an adjuvant symptomatic therapy in COVID-19 treatment could substantially reduce morbidity and mortality, and ease the logistical and supply-related burdens on the healthcare system. Curcumin could be a safe and natural therapeutic option to prevent Post-Covid thromboembolic events. <b>Clinicaltrials.gov identifier:</b> CTRI/2020/05/025482.",2021-05-28
Combating COVID-19: The role of drug repurposing and medicinal plants.,"<h4>Background</h4>A novel corona virus-2 disease has spread to 213 countries and territories across the globe. The corona pandemic has claimed more than 548,934 deaths worldwide till the evening of 8th of July 2020 and the number of confirmed cases is increasing at an alarming rate. Therefore, there is an urgent need to find a treatment or a vaccine for COVID-19 at the earliest. The aim of this mini-review is to give an overview of identified repurposed anti-COVID-19 drugs which are currently under clinical trials.<h4>Methods</h4>A thorough literature survey was done to retrieve relevant information using various web based search engines such as Google, Google scholar, and various other electronic research databases such as PubMed, Medline, MeSh etc. The findings of the recently published articles, clinical trials, COVID-19 update by World Health Organization etc., and the opinion of the authors is summarized in this brief review. The antiviral medicinal plants were identified based on their use in Chinese/Indian indigenous systems of medicine, traditional use, published scientific phytochemical studies and/or their effectiveness against upper respiratory infections, severe acute respiratory syndrome (SARS) or Middle East respiratory syndrome (MERS).<h4>Results</h4>The disease is just over six months old and effective prophylactic or therapeutic agents are yet to be developed for COVID-19. Thus, in the absence of an effective therapy, scientific community has rationally considered the drug repurposing approach for the development of anti COVID-19 drugs. Various studies and clinical trials involving antimalarial drugs, anti-HIV drugs, anti-hepatitis drugs, anti-parasitic drug, anti-inflammatory drugs, the combination of antimalarial and macrolide antibiotic and few other molecules identified through drug repurposing are currently underway to combat COVID-19. Due emphasis is also given to develop novel corona vaccines for the prophylaxis and to identify drugs for adjunct/supportive therapy. Several medicinal plants along with their major phytochemicals exhibiting antiviral activity are identified for further exploration. It is anticipated that these natural products might also play an important role in combating COVID-19.<h4>Conclusions</h4>Use of drug repurposing strategy to develop anti COVID-19 drugs and exploring antiviral medicinal plants as adjunct or supportive therapy appears to be a viable option. Therefore, it is the need of the hour to work in parallel on different strategies such as genetic engineering, in silico approach, herbal remedies and drug repositioning to achieve the common goal of finding a safe and effective treatment for COVID-19 at the earliest.",2020-10-27
Coronavirus Disease 2019 (COVID-19) Pharmacologic Treatments for Children: Research Priorities and Approach to Pediatric Studies.,"Clinical trials of pharmacologic treatments of coronavirus disease 2019 (COVID-19) are being rapidly designed and implemented in adults. Children are often not considered during development of novel treatments for infectious diseases until very late. Although children appear to have a lower risk compared with adults of severe COVID-19 disease, a substantial number of children globally will benefit from pharmacologic treatments. It will be reasonable to extrapolate efficacy of most treatments from adult trials to children. Pediatric trials should focus on characterizing a treatment's pharmacokinetics, optimal dose, and safety across the age spectrum. These trials should use an adaptive design to efficiently add or remove arms in what will be a rapidly evolving treatment landscape, and should involve a large number of sites across the globe in a collaborative effort to facilitate efficient implementation. All stakeholders must commit to equitable access to any effective, safe treatment for children everywhere.",2021-03-01
"Remdesivir, a remedy or a ripple in severe COVID-19?","<h4>Introduction</h4>In clinical trial for the Ebola virus, the broad-spectrum anti-viral agent remdesivir was shown to have a good safety profile. Remdesivir is now being tested in severe COVID-19.<h4>Areas covered</h4>The Gilead Sciences SIMPLE trial suggests that the short-term use of remdesivir probably does not increase mortality dramatically or have serious short-term toxicity when used to treat severe COVID-19. The Adaptive COVID-19 treatment trials (ACTT1) trial showed that remdesivir may shorten recovery and decrease mortality in severe COVID-19 without increasing adverse effects.<h4>Expert opinion</h4>It seems to me that we have learnt very little from the SIMPLE trial, and this would be predicted from a trial that has no control or placebo group. The results of ACTT1 were reported early after an interim analysis showed that a higher than expected number of recoveries had occurred. There was an indication that remdesivir may be reducing mortality, but this was no statistical significance. The trial is continuing, and the final data are eagerly awaited to determine whether remdesivir is a game-changing remedy or a ripple in the ongoing search for a medicine for the treatment of COVID-19.",2020-09-20
"Development and validation of a sensitive, fast and simple LC-MS / MS method for the quantitation of favipiravir in human serum.","Favipiravir is a broad-spectrum inhibitor of viral RNA polymerase. It is currently used as a possible treatment for coronavirus disease 2019 (COVID-19). Pre-clinical or clinical trials of favipiravir require robust, sensitive, and accurate bioanalytical methods for quantitation of favipiravir levels. Recently, several studies have been reported about developing a validated liquid chromatography-tandem mass spectrometry (LC-MS/MS) method for measuring favipiravir levels. However, these methods were validated predominantly for plasma samples, electrospray ionization was operated only in negative or positive mode, and clinical application of these methods has not been applied for patients with COVID-19. This study aimed was to develop a validated LC-MS/MS method for the measurement of favipiravir levels in positive and negative electrospray ionization mode and to perform a pilot study in patients with COVID-19 receiving favipiravir to demonstrate the applicability of this method in biological samples. Simple protein precipitation was used for the extraction of favipiravir from the desired matrix. Favipiravir levels were quantitated using MS / MS with an electrospray ionization source in positive and negative multiple reaction monitoring (MRM) mode. The chromatographic detection was performed on a reverse-phase Phenomenex C18 column (50 mm × 4.6 mm, 5 µm, 100 Å) with gradient elution using 0.1% formic acid in water and 0.1% formic acid in methanol as mobile phase. The method was linear over the concentration ranges of 0.048-50 µg/mL (in negative ionization mode) and 0.062-50 µg/mL (in positive ionization mode) with a correlation coefficient (r<sup>2</sup>) better than 0.998. The total run time was 3.5 min. The intra-assay and inter-assay %CV values were less than 7.2% and 8.0%, respectively. A simple, rapid and robust LC-MS / MS method was developed for the measurement of favipiravir and validation studies were performed. The validated method was successfully applied for drug level measurement in COVID-19 patients receiving favipiravir.",2021-05-20
Recent Developments on Therapeutic and Diagnostic Approaches for COVID-19.,"The ongoing pandemic of coronavirus disease 2019 (COVID-19) caused by the severe acute respiratory syndrome coronavirus 2 (SARS-CoV-2) has made a serious public health threat worldwide with millions of people at risk in a growing number of countries. Though there are no clinically approved antiviral drugs and vaccines for COVID-19, attempts are ongoing for clinical trials of several known antiviral drugs, their combination, as well as development of vaccines in patients with confirmed COVID-19. This review focuses on the latest approaches to diagnostics and therapy of COVID-19. We have summarized recent progress on the conventional therapeutics such as antiviral drugs, vaccines, anti-SARS-CoV-2 antibody treatments, and convalescent plasma therapy which are currently under extensive research and clinical trials for the treatment of COVID-19. The developments of nanoparticle-based therapeutic and diagnostic approaches have been also discussed for COVID-19. We have assessed recent literature data on this topic and made a summary of current development and future perspectives.",2021-01-05
Recovery From COVID-19 Pneumonia in a Heart Transplant Recipient: A Case Report.,"Solid-organ transplant patients have a high risk of severe infection related to acute respiratory syndrome coronavirus-2 (SARS-Cov-2). This case represents a 54-year-old woman known as a diabetic, hypothyroidism, and a recent heart transplant recipient who presented with a 1-week history of cough and fatigue. She was hypoxic on presentation to the hospital and progressively declined and required invasive mechanical ventilation. She had respiratory distress and hypoxia and chest x-ray showed progressive bilateral chest infiltrates. She had leukopenia of 3.5 cells *10<sup>9</sup>/L and lymphopenia of 0.2 cells *10<sup>9</sup>/L. The inflammatory markers were increased: C-reactive protein, 25 mg/L; ferritin, 1106 ng/mL; lactate dehydrogenase, 632 U/L; and interleukin-6, 87 pg/mL. She was treated for severe coronavirus disease 2019 (COVID-19) pneumonia. Her treatment involved supportive care with mechanical ventilation, convalescent plasma transfusion, antiviral therapy with favipiravir, intravenous dexamethasone, and reduction of immune suppression medication. This case had a successful recovery through multidisciplinary team management. Solid-organ transplant recipients are a high-risk population who need an individualized care plan for the optimization of immunosuppressive medication and treatment of the COVID-19 infection.",2021-03-08
Potential Anti-Coronavirus Agents and the Pharmacologic Mechanisms.,"Severe acute respiratory syndrome coronavirus clade 2 (SARS-CoV-2) is an emerging pathogen, which is similar to previous SARS-CoV and Middle East respiratory syndrome coronavirus (MERS-CoV) occurrences. However, we only get few understandings about the pathogenesis of SARS-CoV-2, which need to further be studied. The discovery of an agent that has a treatment efficacy against SARS-CoV-2 is very urgent. In this review, we briefly discuss the virology of this pathogen and focus on the available understanding of the pathogenesis and treatments of this pathogen including the uses of nucleoside analogues, protease inhibitors, interferons, and other small-molecule drugs, on the basis previous comprehensions of SARS and MERS. These reviewed concepts may be beneficial in providing new insights and potential treatments for COVID-19.",2021-03-17
COVID-19 infection in a kidney transplant recipient-special emphasis on pharmacokinetic interactions: A case report.,"<h4>Background</h4>Solid organ transplant recipients are considered to be at high-risk of developing coronavirus disease 2019 (COVID-19)-related complications. The optimal treatment for this patient group is unknown. Consequently, the treatment of COVID-19 in kidney transplant recipients should be determined individually, considering patient age and comorbidities, as well as graft function, time of transplant, and immunosuppressive treatment. Immunosuppressive treatments may give rise to severe COVID-19. On the contrary, they may also lead to a milder and atypical presentation by diminishing the immune system overdrive.<h4>Case summary</h4>A 50-year old female kidney transplant recipient presented to the transplant clinic with a progressive dry cough and fever that started three days ago. Although the COVID-19 test was found to be negative, chest computed tomography images showed consolidation typical of the disease; thus, following hospital admission, anti-bacterial and COVID-19 treatments were initiated. However, despite clinical improvement of the lung consolidation, her creatinine levels continued to increase. Ultrasound of the graft showed no pathology. The tacrolimus blood level was determined and the elevation in creatinine was found to be related to an interaction between tacrolimus and azithromycin.<h4>Conclusion</h4>During the COVID-19 pandemic, various single or combination drugs have been utilized to find an effective treatment regimen. This has increased the possibility of drug interactions. A limited number of studies published in the literature have highlighted some of these pharmacokinetic interactions. Treatments used for COVID-19 therapy; azithromycin, atazanavir, lopinavir/ritonavir, remdesivir, favipiravir, chloroquine, hydroxychloroquine, nitazoxanide, ribavirin, and tocilizumab, interact with immunosuppressive treatments, most importantly with calcineurin inhibitors. Thus, their levels should be frequently monitored to prevent toxicity.",2020-11-01
Psychiatric Adverse Drug Reactions and Potential Anti-COVID-19 Drug Interactions with Psychotropic Medications.,"<i>Coronavirus</i> disease 2019 (COVID-19) management in patients with predisposing psychiatric disorders would be challenging due to potential drug-drug interactions (PDDIs) and precipitation of their disease severity. Furthermore, COVID-19 itself might precipitate or induce unpredicted psychiatry and neuropsychiatry complications in these patients. In this literature review study, the psychological impacts of COVID-19 and major psychiatric adverse drug reactions (ADRs) of COVID-19 treatment options have been discussed. A detailed Table has been provided to assess potential drug-drug interactions of COVID-19 treatment options with psychotropic medications to avoid unwanted major drug-drug interactions. Finally, potential mechanisms of these major drug-drug interactions and possible management of them have been summarized. The most common type of major PDDIs is pharmacokinetics. Hydroxychloroquine/chloroquine and lopinavir/ritonavir were the most involved anti-COVID-19 agents in these major PDDIs.",2021-01-01
Developing Treatment Guidelines During a Pandemic Health Crisis: Lessons Learned From COVID-19.,"The development of the National Institutes of Health (NIH) COVID-19 Treatment Guidelines began in March 2020 in response to a request from the White House Coronavirus Task Force. Within 4 days of the request, the NIH COVID-19 Treatment Guidelines Panel was established and the first meeting took place (virtually-as did subsequent meetings). The Panel comprises 57 individuals representing 6 governmental agencies, 11 professional societies, and 33 medical centers, plus 2 community members, who have worked together to create and frequently update the guidelines on the basis of evidence from the most recent clinical studies available. The initial version of the guidelines was completed within 2 weeks and posted online on 21 April 2020. Initially, sparse evidence was available to guide COVID-19 treatment recommendations. However, treatment data rapidly accrued based on results from clinical studies that used various study designs and evaluated different therapeutic agents and approaches. Data have continued to evolve at a rapid pace, leading to 24 revisions and updates of the guidelines in the first year. This process has provided important lessons for responding to an unprecedented public health emergency: Providers and stakeholders are eager to access credible, current treatment guidelines; governmental agencies, professional societies, and health care leaders can work together effectively and expeditiously; panelists from various disciplines, including biostatistics, are important for quickly developing well-informed recommendations; well-powered randomized clinical trials continue to provide the most compelling evidence to guide treatment recommendations; treatment recommendations need to be developed in a confidential setting free from external pressures; development of a user-friendly, web-based format for communicating with health care providers requires substantial administrative support; and frequent updates are necessary as clinical evidence rapidly emerges.",2021-06-15
An update review of emerging small-molecule therapeutic options for COVID-19.,"The SARS-CoV-2 outbreak and pandemic that began near the end of 2019 has posed a challenge to global health. At present, many candidate small-molecule therapeutics have been developed that can inhibit both the infection and replication of SARS-CoV-2 and even potentially relieve cytokine storms and other related complications. Meanwhile, host-targeted drugs that inhibit cellular transmembrane serine protease (TMPRSS2) can prevent SARS-CoV-2 from entering cells, and its combination with chloroquine and dihydroorotate dehydrogenase (DHODH) inhibitors can limit the spread of SARS-CoV-2 and reduce the morbidity and mortality of patients with COVID-19. The present article provides an overview of these small-molecule therapeutics based on insights from medicinal chemistry research and focuses on RNA-dependent RNA polymerase (RdRp) inhibitors, such as the nucleoside analogues remdesivir, favipiravir and ribavirin. This review also covers inhibitors of 3C-like protease (3CL<sup>pro</sup>), papain-like protease (PL<sup>pro</sup>) and other potentially innovative active ingredient molecules, describing their potential targets, activities, clinical status and side effects.",2021-02-03
Understanding the clinical utility of favipiravir (T-705) in coronavirus disease of 2019: a review.,"The coronavirus disease of 2019 (COVID-19) has caused significant morbidity and mortality among infected individuals across the world. High transmissibility rate of the causative virus - Severe Acute Respiratory Syndrome Coronavirus 2 (SARS-CoV-2) - has led to immense strain and bottlenecking of the health care system. While noteworthy advances in vaccine development have been made amid the current global pandemic, most therapeutic agents are repurposed from use in other viral infections and are being evaluated for efficacy in COVID-19. Favipiravir, an orally administered drug originally developed in Japan against emerging influenza viral strains, has been shown to have widespread application and safety across multiple ribonucleic acid (RNA) viral infections. With a strong affinity toward the viral RNA-dependent RNA polymerase (RdRp), favipiravir could be a promising therapy against SARS-CoV-2, by targeting downstream viral RNA replication. Initial trials for usage in COVID-19 have suggested that favipiravir administration during initial infection stages, in individuals with mild to moderate infection, has a strong potential to improve clinical outcomes. However, additional well-designed clinical trials are required to closely examine ideal timing of drug administration, dosage, and duration, to assess the role of favipiravir in COVID-19 therapy. This review provides evidence-based insights and throws light on the current clinical trials examining the efficacy of favipiravir in tackling COVID-19, including its mechanism, pharmacodynamics, and pharmacokinetics.",2021-01-01
Missing clinical trial data: the evidence gap in the safety of potential COVID-19 drugs,"<h4>Background</h4> Several drugs are being repurposed for the treatment of the coronavirus disease 2019 (COVID-19) pandemic based on in vitro or early clinical findings. As these drugs are being used in varied regimens and dosages, it is important to enable synthesis of existing safety data from clinical trials. However, availability of safety information is limited by a lack of timely reporting of clinical trial results on public registries or through academic publication. We aimed to analyse the evidence gap in safety data by quantifying the number of missing clinical trial results for drugs potentially being repurposed for COVID-19 by conducting a rapid review of results posting on ClinicalTrials.gov and in academic publications. <h4>Methods</h4> ClinicalTrials.gov was searched for 19 drugs that have been identified as potential treatments for COVID-19. Relevant clinical trials for any prior indication were listed by identifier (NCT number) and checked for results and for timely result reporting (within 395 days of the primary completion date). Additionally, PubMed and Google Scholar were searched to identify publications of results not listed on the registry. A second, blinded search of 10% of trials was conducted to assess reviewer concordance. <h4>Results</h4> Of 3754 completed trials, 1516 (40.4%) did not post results on ClinicalTrials.gov or in the academic literature. 1172 (31.2%) completed trials had tabular results on ClinicalTrials.gov. A further 1066 (28.4%) completed trials had results from the literature search, but did not report results on ClinicalTrials.gov. Key drugs missing clinical trial results include hydroxychloroquine (37.0% completed trials unreported), favipiravir (77.8%) and lopinavir (40.5%). <h4>Conclusions</h4> There is an important evidence gap for the safety of drugs being repurposed for COVID-19. This uncertainty could cause a large burden of additional morbidity and mortality during the pandemic. We recommend caution in experimental drug use for non-severe disease and urge clinical trial sponsors to report missing results retrospectively.",2020-06-03
Clinical effectiveness of drugs in hospitalized patients with COVID-19: a systematic review and meta-analysis,"<h4>Objective: </h4> The aim was to assess the clinical effectiveness of drugs used in hospitalized patients with COVID-19 infection. <h4>Method: </h4> We conducted a systematic review of randomized clinical trials assessing treatment with remdesivir, chloroquine, hydroxychloroquine, lopinavir, ritonavir, dexamethasone, and convalescent plasma, for hospitalized patients with a diagnosis of SARS-CoV-2 infection. The outcomes were mortality, clinical improvement, duration of ventilation, duration of oxygen support, duration of hospitalization), virological clearance, and severe adverse events. <h4>Results: </h4>: A total of 48 studies were retrieved from the databases. Ten articles were finally included in the data extraction and qualitative synthesis of results. The meta-analysis suggests a benefit of dexamethasone versus standard care in the reduction of risk of mortality at day 28; and the clinical improvement at days 14 and 28 in patients treated with remdesivir. <h4>Conclusions: </h4>: Dexamethasone would have a better result in hospitalized patients, especially in low-resources settings. Significance of results: The analysis of the main treatments proposed for hospitalized patients is of vital importance to reduce mortality in low-income countries; since the COVID-19 pandemic had an economic impact worldwide with the loss of jobs and economic decline in countries with scarce resources.",2020-09-16
Comparison of clinically approved molecules on SARS-CoV-2 drug target proteins: a molecular docking study.,"The new type of coronavirus, SARS-CoV-2 has affected more than 22.6 million people worldwide. Since the first day the virus was spotted in Wuhan, China, numerous drug design studies have been conducted all over the globe. Most of these studies target the receptor-binding domain of spike protein of SARS-CoV-2, which is known to bind to the human ACE2 receptor and SARS-CoV-2 main protease, vital for the virus' replication. However, there might be a third target, human furin protease, which cleaves the virus' S1-S2 domains playing an active role in its entry into the host cell. In this study, we docked five clinically used drug molecules, favipiravir, hydroxychloroquine, remdesivir, lopinavir, and ritonavir onto three target proteins, the receptor-binding domain of SARS-CoV-2 spike protein, SARS-CoV-2 main protease, and human furin protease. Results of molecular docking simulations revealed that human furin protease might be targeted by COVID-19. Remdesivir, a nucleic acid derivative, strongly bound to the active site of this protease, suggesting that this molecule can be used as a template for designing novel furin protease inhibitors to fight against the disease. Protein-drug interactions revealed in this study at the molecular level, can pave the way for better drug design for each specific target.",2021-02-17
Pipeline Pharmacological Therapies in Clinical Trial for COVID-19 Pandemic: a Recent Update.,"The emergence of the severe acute respiratory syndrome coronavirus-2 (SARS-CoV-2), responsible for causing coronavirus disease 2019 (COVID-19), marked the third time in the twenty-first century when a new, highly pathogenic human coronavirus outbreak has led to an epidemic. The COVID-19 epidemic has emerged in late December 2019 in Wuhan city of China and spread rapidly to other parts of the world. This quick spread of SARS-CoV-2 infection to many states across the globe affecting many people has led WHO to declare it a pandemic on March 12, 2020. As of July 4, 2020, more than 523,011 people lost their lives worldwide because of this deadly SARS-CoV-2. The current situation becomes more frightening as no FDA-approved drugs or vaccines are available to treat or prevent SARS-CoV-2 infection. The current therapeutic options for COVID-19 are limited only to supportive measures and non-specific interventions. So, the need of the hour is to search for SARS-CoV-2-specific antiviral treatments and to develop vaccines for SARS-CoV-2. Also, it is equally important to maintain our immunity, and natural products and Ayurvedic medicines are indispensable in this regard. In this review, we discuss recent updates regarding various therapeutic approaches to combat COVID-19 pandemic and enlist the major pipeline drugs and traditional medicines that are under trial for COVID-19. Also, possible mechanisms involved in viral pathogenesis are discussed, which further allow us to understand various drug targets and helps in discovering novel therapeutic approaches for COVID-19. Altogether, the information provided in this review will work as an intellectual groundwork and provides an insight into the ongoing development of various therapeutic agents.",2020-07-18
The efficacy and safety of Favipiravir in treatment of COVID-19: A systematic review and meta-analysis of clinical trials,"The novel coronavirus outbreak began in late December 2019 and rapidly spread worldwide, critically impacting public health systems. A number of already approved and marketed drugs are being tested for repurposing, including Favipiravir. We aim to investigate the efficacy and safety of Favipiravir in treatment of COVID-19 patients through a systematic review and meta-analysis. This systematic review and meta-analysis were reported in accordance with the PRISMA statement. We registered the protocol in the PROSPERO (CRD42020180032). All clinical trials which addressed the safety and efficacy of Favipiravir in comparison to other control groups for treatment of patients with confirmed infection with SARS-CoV2 were included. We searched electronic databases including LitCovid hub/PubMed, Scopus, ISI web of Sciences, Cochrane, and Scientific Information Database up to 31 December 2020. We assessed the risk of bias of the included studies using Cochrane Collaboration criteria. All analyses were performed using the Comprehensive Meta-Analysis software version 2, and the risk ratio index was calculated. Egger and Begg test was used for assessing publication bias. Nine studies were included in our meta-analysis. The results of the meta-analysis revealed a significant clinical improvement in the Favipiravir group versus the control group during seven days after hospitalization (RR=1.24, 95% CI: 1.09-1.41; P=0.001). Viral clearance was more in 14 days after hospitalization in Favipiravir group than control group, but this finding marginally not significant (RR=1.11, 95% CI: 0.98-1.25; P=0.094). Requiring supplemental oxygen therapy in the Favipiravir group was 7% less than the control group, (RR=0.93, 95% CI: 0.67-1.28; P=0.664). Transferred to ICU and adverse events were not statistically different between two groups. The mortality rate in the Favipiravir group was approximately 30% less than the control group, but this finding not statistically significant. Favipiravir possibly exerted no significant beneficial effect in the term of mortality in the general group of patients with mild to moderate COVID-19. We should consider that perhaps the use of antiviral once the patient has symptoms is too late and this would explain their low efficacy in the clinical setting.",2021-02-17
Treatment and research lines for the patient with COVID-19. What do we have and where are we going?,"Coronavirus disease 2019 (COVID-19) caused by severe acute respiratory syndrome coronavirus 2 (SARS-CoV-2) represents the most significant global public health crisis of this generation. From the beginning of the pandemic, several publications and on-line resources about different treatment lines have been done, and development effort in response to the COVID-19 pandemic to investigate potential therapies is unprecedented. Unfortunately, until now, there is not enough evidence to recommend any specific anti-COVID19 treatment. Randomized clinical trials and high-quality evidence, even in the middle of a pandemic, are needed. We provide a review of the latest published literature on the therapeutic strategies and current investigational lines for SARS-CoV-2.",2020-07-01
Novel therapeutic approaches for treatment of COVID-19.,"To date, there is no licensed treatment or approved vaccine to combat the coronavirus disease of 2019 (COVID-19), and the number of new cases and mortality multiplies every day. Therefore, it is essential to develop an effective treatment strategy to control the virus spread and prevent the disease. Here, we summarized the therapeutic approaches that are used to treat this infection. Although it seems that antiviral drugs are effective in improving clinical manifestation, there is no definite treatment protocol. Lymphocytopenia, excessive inflammation, and cytokine storm followed by acute respiratory distress syndrome are still unsolved issues causing the severity of this disease. Therefore, immune response modulation and inflammation management can be considered as an essential step. There is no doubt that more studies are required to clarify immunopathogenesis and immune response; however, new therapeutic approaches including mesenchymal stromal cell and immune cell therapy showed inspiring results.",2020-06-03
Tocilizumab and COVID-19: a meta-analysis of 2120 patients with severe disease and implications for clinical trial methodologies,"<h4>Background/aim</h4>Since the outbreak of the COVID-19, numerous therapies to counteract this severe disease have emerged. The
benefits of Tocilizumab for severely infected COVID-19 patients and the methodologies of ongoing clinical trials are explored.<h4>Materials and methods</h4>A systematic search adhering to PRISMA guidelines was conducted in PubMed, Cochrane Central, medRxiv, and bioRxiv using the following keywords: “Tocilizumab,” “Actemra,” “COVID-19.” An additional subsearch was conducted on Clinicaltrials.gov to locate ongoing tocilizumab trials.<h4>Results</h4>A total of 13 studies were included in the meta-analysis comprising 2120 patients. The treatment group had lower mortality compared to the control group (OR = 0.42, 95% CI = 0.26 to 0.69, P = 0.0005, I2 = 55%). A descriptive analysis of 50 registered trials was conducted.<h4>Conclusion</h4>This review meta-analyzed the therapeutic benefits of tocilizumab in COVID-19 patients with severe disease for mortality, mechanical ventilation, and the characteristics of COVID-19 registered trials.",2021-06-28
Informing selection of drugs for COVID-19 treatment through adverse events analysis.,"Coronavirus disease 2019 (COVID-19) is an ongoing pandemic and there is an urgent need for safe and effective drugs for COVID-19 treatment. Since developing a new drug is time consuming, many approved or investigational drugs have been repurposed for COVID-19 treatment in clinical trials. Therefore, selection of safe drugs for COVID-19 patients is vital for combating this pandemic. Our goal was to evaluate the safety concerns of drugs by analyzing adverse events reported in post-market surveillance. We collected 296 drugs that have been evaluated in clinical trials for COVID-19 and identified 28,597,464 associated adverse events at the system organ classes (SOCs) level in the FDA adverse events report systems (FAERS). We calculated Z-scores of SOCs that statistically quantify the relative frequency of adverse events of drugs in FAERS to quantitatively measure safety concerns for the drugs. Analyzing the Z-scores revealed that these drugs are associated with different significantly frequent adverse events. Our results suggest that this safety concern metric may serve as a tool to inform selection of drugs with favorable safety profiles for COVID-19 patients in clinical practices. Caution is advised when administering drugs with high Z-scores to patients who are vulnerable to associated adverse events.",2021-07-07
Just a Reflection: Does Drug Repurposing Perpetuate Sex-Gender Bias in the Safety Profile?,"Vaccines constitute a strategy to reduce the burden of COVID-19, but the treatment of COVID-19 is still a challenge. The lack of approved drugs for severe COVID-19 makes repurposing or repositioning of approved drugs a relevant approach because it occurs at lower costs and in a shorter time. Most preclinical and clinical tests, including safety and pharmacokinetic profiles, were already performed. However, infective and inflammatory diseases such as COVID-19 are linked with hypoalbuminemia and downregulation of both phase I and phase II drug-metabolizing enzymes and transporters, which can occur in modifications of pharmacokinetics and consequentially of safety profiles. This appears to occur in a sex- and gender-specific way because of the sex and gender differences present in the immune system and inflammation, which, in turn, reflect on pharmacokinetic parameters. Therefore, to make better decisions about drug dosage regimens and to increases the safety profile in patients suffering from infective and inflammatory diseases such as COVID-19, it is urgently needed to study repurposing or repositioning drugs in men and in women paying attention to pharmacokinetics, especially for those drugs that are previously scarcely evaluated in women.",2021-07-27
The systemic pro-inflammatory response: targeting the dangerous liaison between COVID-19 and cancer.,"Inflammation is an established driver of severe SARS-CoV-2 infection and a mechanism linked to the increased susceptibility to fatal COVID-19 demonstrated by patients with cancer. As patients with cancer exhibit a higher level of inflammation compared with the general patient population, patients with cancer and COVID-19 may uniquely benefit from strategies targeted at overcoming the unrestrained pro-inflammatory response. Targeted and non-targeted anti-inflammatory therapies may prevent end-organ damage in SARS-CoV-2-infected patients with cancer and decrease mortality. Here, we review the clinical role of selective inhibition of pro-inflammatory interleukins, tyrosine kinase modulation, anti-tumor necrosis factor agents, and other non-targeted approaches including corticosteroids in their roles as disease-modulating agents in patients with COVID-19 and cancer. Investigation of these therapeutics in this highly vulnerable patient group is posited to facilitate the development of tailored therapeutics for this patient population, aiding the transition of systemic inflammation from a prognostic domain to a source of therapeutic targets.",2021-04-08
COVID-19 Clinical Practice Guidelines Hadhramout Initiative Against Corona Group (HIAC Group),"Hadhramout Initiative Against Corona (HIAC ) formed a working group of clinicians relevant to the management of COVID-19 to formulate clinical practice guidelines (CPG) for clinicians caring for the patients infected with COVID-19 in Yemen. The regional guidelines on the management of COVID-19 were thoroughly reviewed and its applicability was assessed for Yemen. HIAC&rsquo;s recommendations covered (2) sections: the first one is the diagnosis, including case definition, risk stratification of the affected cases, investigations (prioritization of reverse transcription-polymerase chain reaction (RT-PCR) testing, D-dimer, chest x-ray, and chest computed tomography, while the second part covers the treatments (mainly Favipiravir, Remdesivir, Hydroxychloroquine, and Glucocorticoid, Anticoagulants, and Supportive measures). In conclusion, the adoption of cost-effective and evidence-based guidelines in Yemen will standardize the management of the patients infected with COVID-19 and protect both the patients and the health care workers from malpractice.",2021-04-26
"Confronting the threat of SARS-CoV-2: Realities, challenges and therapeutic strategies (Review).","The novel coronavirus (SARS-CoV-2) appeared in2019 in Wuhan, China, and rapidly developed into a global pandemic. The disease has affected not only health care systems and economies worldwide but has also changed the lifestyles and habits of the majority of the world's population. Among the potential targets for SARS-CoV-2 therapy, the viral spike glycoprotein has been studied most intensely, due to its key role in mediating viral entry into target cells and inducing a protective antibody response in infected individuals. In the present manuscript the molecular mechanisms that are responsible for SARS-CoV-2 infection are described and a progress report on the status of SARS-CoV-2 research is provided. A brief review of the clinical symptoms of the condition and current diagnostic methods and treatment plans for SARS-CoV-2 are also presented and the progress of preclinical research into medical intervention against SARS-CoV-2 infection are discussed.",2020-12-17
"Treatment of severe acute respiratory syndrome (SARS), Middle East respiratory syndrome (MERS), and coronavirus disease 2019 (COVID-19): a systematic review of <i>in vitro</i>, <i>in vivo</i>, and clinical trials.","<b>Rationale:</b> Coronavirus disease 2019 (COVID-19) has spread worldwide and poses a threat to humanity. However, no specific therapy has been established for this disease yet. We conducted a systematic review to highlight therapeutic agents that might be effective in treating COVID-19. <b>Methods:</b> We searched Medline, Medrxiv.org, and reference lists of relevant publications to identify articles of <i>in vitro</i>, <i>in vivo</i>, and clinical studies on treatments for severe acute respiratory syndrome (SARS), Middle East respiratory syndrome (MERS), and COVID-19 published in English until the last update on October 11, 2020. <b>Results:</b> We included 36 studies on SARS, 30 studies on MERS, and 10 meta-analyses on SARS and MERS in this study. Through 12,200 title and 830 full-text screenings for COVID-19, eight <i>in vitro</i> studies, 46 randomized controlled trials (RCTs) on 6,886 patients, and 29 meta-analyses were obtained and investigated. There was no therapeutic agent that consistently resulted in positive outcomes across SARS, MERS, and COVID-19. Remdesivir showed a therapeutic effect for COVID-19 in two RCTs involving the largest number of total participants (n = 1,461). Other therapies that showed an effect in at least two RCTs for COVID-19 were sofosbuvir/daclatasvir (n = 114), colchicine (n = 140), IFN-β1b (n = 193), and convalescent plasma therapy (n = 126). <b>Conclusions:</b> This review provides information to help establish treatment and research directions for COVID-19 based on currently available evidence. Further RCTs are required.",2021-01-01
Successful treatment of severe COVID-19 pneumonia and hyperinflammatory syndrome with tocilizumab.,"As of 28 October 2020, there are over 44 000 000 confirmed COVID-19 infections and over 1 000 000 deaths worldwide, including 945 367 infections and 45 765 deaths in the UK. Acute respiratory distress syndrome occurs in 50% of patients with secondary haemophagocytic lymphohistiocytosis, a hyperinflammatory syndrome characterised by a surge of cytokines, including interleukin 6 (IL-6). Here we describe the case of the first patient with severe COVID-19 pneumonia successfully treated with tocilizumab, a humanised monoclonal antibody against the IL-6 receptor, in the UK. Early treatment (after 7-10 days from the onset of symptoms) with tocilizumab could (1) reduce the risk of requiring non-invasive or invasive ventilation; (2) offer a chance of survival to people who are not fit for escalation or have refused to be ventilated; and (3) potentially increase the chance of survival in some patients who are already ventilated but fail to improve with supportive treatment.",2021-01-08
Perceptions of Romanian Physicians on Lockdowns for COVID-19 Prevention.,"The severe acute respiratory syndrome coronavirus 2 (SARS-CoV-2) disease (COVID-19) was declared a pandemic in March 2020, triggering important changes for the entire society and healthcare systems, as well as significant lockdown measures aimed to limit the disease spread. We herein intended to catch the dynamic of Romanian physicians' perceptions of COVID-19 impact. For this purpose, after a literature review, a 30-item questionnaire was designed. The questionnaire was twice distributed online, about 1 month apart, during which partial relaxation measures were decreed in Romania. The questionnaire was voluntarily filled in by Romanian physicians who were willing to participate in the study. A total of 214 physicians answered the questionnaire upon its first release, and 199 respondents were registered upon its second release, most of whom (94.9%) were involved in clinical work, with one-third working in units dedicated to COVID-19 patients. In parallel with the relaxation of lockdown measures, along with increased confidence in the efficiency of protective measures (46.7% vs. 31.3%), separation from household members decreased from 36.9% to 22.1%. Nevertheless, the feeling of rejection felt by doctors remained similar (22.4% vs. 24.6%). Furthermore, answers regarding the clinical picture, diagnostic approach, and treatment options are discussed. Most of therapeutic options considered for SARS-CoV-2 treatment (e.g., lopinavir/ritonavir, oseltamivir, hydroxychloroquine, azithromycin, tocilizumab, and convalescent plasma) failed to confirm significant efficiency. On the contrary, vaccines for widescale use are already available despite the initial skepticism. In the beginning of the pandemic, 25.2% (18.2% vs. 32.2%) considered that there will not be an effective COVID-19 vaccine, while 41.6% (43.0% vs. 40.2%) thought that a vaccine would be available after at least 12 months. In conclusion, initially, following only a 1 month period, Romanian physicians' intention to consider treatments such as hydroxychloroquine or lopinavir/ritonavir for COVID-19 decreased significantly. Moreover, confidence in the efficiency of available protective measures increased, and the rates of separation from household members decreased.",2021-01-18
Repurpose but also (nano)-reformulate! The potential role of nanomedicine in the battle against SARS-CoV2.,"The coronavirus disease-19 (COVID-19), caused by the severe acute respiratory syndrome coronavirus 2 (SARS-CoV2) has taken the world by surprise. To date, a worldwide approved treatment remains lacking and hence in the context of rapid viral spread and the growing need for rapid action, drug repurposing has emerged as one of the frontline strategies in the battle against SARS-CoV2. Repurposed drugs currently being evaluated against COVID-19 either tackle the replication and spread of SARS-CoV2 or they aim at controlling hyper-inflammation and the rampaged immune response in severe disease. In both cases, the target for such drugs resides in the lungs, at least during the period where treatment could still provide substantial clinical benefit to the patient. Yet, most of these drugs are administered systemically, questioning the percentage of administered drug that actually reaches the lung and as a consequence, the distribution of the remainder of the dose to off target sites. Inhalation therapy should allow higher concentrations of the drug in the lungs and lower concentrations systemically, hence providing a stronger, more localized action, with reduced adverse effects. Therefore, the nano-reformulation of the repurposed drugs for inhalation is a promising approach for targeted drug delivery to lungs. In this review, we critically analyze, what nanomedicine could and ought to do in the battle against SARS-CoV2. We start by a brief description of SARS-CoV2 structure and pathogenicity and move on to discuss the current limitations of repurposed antiviral and immune-modulating drugs that are being clinically investigated against COVID-19. This account focuses on how nanomedicine could address limitations of current therapeutics, enhancing the efficacy, specificity and safety of such drugs. With the appearance of new variants of SARS-CoV2 and the potential implication on the efficacy of vaccines and diagnostics, the presence of an effective therapeutic solution is inevitable and could be potentially achieved via nano-reformulation. The presence of an inhaled nano-platform capable of delivering antiviral or immunomodulatory drugs should be available as part of the repertoire in the fight against current and future outbreaks.",2021-07-20
Candidate drugs against SARS-CoV-2 and COVID-19.,"Outbreak and pandemic of coronavirus SARS-CoV-2 in 2019/2020 will challenge global health for the future. Because a vaccine against the virus will not be available in the near future, we herein try to offer a pharmacological strategy to combat the virus. There exists a number of candidate drugs that may inhibit infection with and replication of SARS-CoV-2. Such drugs comprise inhibitors of TMPRSS2 serine protease and inhibitors of angiotensin-converting enzyme 2 (ACE2). Blockade of ACE2, the host cell receptor for the S protein of SARS-CoV-2 and inhibition of TMPRSS2, which is required for S protein priming may prevent cell entry of SARS-CoV-2. Further, chloroquine and hydroxychloroquine, and off-label antiviral drugs, such as the nucleotide analogue remdesivir, HIV protease inhibitors lopinavir and ritonavir, broad-spectrum antiviral drugs arbidol and favipiravir as well as antiviral phytochemicals available to date may limit spread of SARS-CoV-2 and morbidity and mortality of COVID-19 pandemic.",2020-04-29
COVID-19 therapeutics for low- and middle-income countries: a review of re-purposed candidate agents with potential for near-term use and impact,"Low- and middle-income countries (LMICs) face significant challenges in the control of COVID-19, given limited resources, especially for inpatient care. In a parallel effort to that for vaccines, the identification of therapeutics that have near-term potential to be available and easily administered is critical. Using the United States, European Union, and World Health Organization clinical trial registries, we reviewed COVID-19 therapeutic agents currently under investigation. The search was limited to oral or potentially oral agents, with at least a putative anti-SARS-CoV-2 virus mechanism, and with at least 3 registered trials. We describe the available evidence regarding agents that met these criteria and additionally discuss the need for additional investment by the global scientific community in large well-coordinated trials of accessible agents and their combinations in LMICs. The search yielded 636, 175, and 930 trials, in the US, EU, and WHO trial registers, respectively. These trials covered 17 oral or potentially oral repurposed agents that are currently used as antimicrobials and immunomodulatory therapeutics and therefore have established safety. The available evidence regarding proposed mechanism of actions, clinical efficacy, and potential limitations is summarized. We also identified the need for large well-coordinated trials of accessible agents and their combinations in LMICs. Several repurposed agents have potential to be safe, available, and easily administrable to treat COVID-19. To prevent COVID-19 from becoming a neglected tropical disease, there is critical need for rapid and coordinated effort in their evaluation and the deployment of those found to be efficacious.",2021-03-24
What we learned in the past year in managing our COVID-19 patients in intensive care units?,"Coronavirus disease 2019 is a pandemic, was first recognized at Wuhan province, China in December 2019. The disease spread quickly across the globe, spreading stealthily from human to human through both symptomatic and asymptomatic individuals. A multisystem disease which appears to primarily spread <i>via</i> bio aerosols, it has exhibited a wide clinical spectrum involving multiple organ systems with the respiratory system pathology being the prime cause of morbidity and mortality. Initially unleashing a huge destructive trail at Wuhan China, Lombardy Italy and New York City, it has now spread to all parts of the globe and has actively thrived and mutated into new forms. Health care systems and Governments responded initially with panic, with containment measures giving way to mitigation strategies. The global medical and scientific community has come together and responded to this huge challenge. Professional medical societies quickly laid out ""expert"" guidelines which were conservative in their approach. Many drugs were re formulated and tested quickly with the help of national and international collaborative groups, helping carve out effective treatment strategies and help build a good scientific foundation for evidence-based medicine. Out of the darkness of chaos, we now have an orderly approach to manage this disease both from a public health preventive and therapeutic standpoint. With preventive measures such as masking and social distancing to the development of highly effective and potent vaccines, the public health success of such measures has been tempered by behavioral responses and resource mobilization. From a therapy standpoint, we now have drugs that were promising but now proven ineffective, and those that are effective when given early during viral pathogenesis or later when immune dysregulation has established, and the goal is to help reign in the destructive cascade. It has been a fascinating journey for mankind and our work here recapitulates the evolution of various aspects of critical care and other inpatient practices which continue to evolve.",2021-07-09
Oral Methioninase for Covid-19 Methionine-restriction Therapy.,"The Covid-19 pandemic is a world-wide crisis without an effective therapy. While most approaches to therapy are using repurposed drugs that were developed for other diseases, it is thought that targeting the biology of the SARS-CoV-2 virus, which causes Covid-19, can result in an effective therapeutic treatment. The coronavirus RNA cap structure is methylated by two viral methyltransferases that transfer methyl groups from S-adenosylmethionine (SAM). The proper methylation of the virus depends on the level of methionine in the host to form SAM. Herein, we propose to restrict methionine availability by treating the patient with oral recombinant methioninase, aiming to treat Covid-19. By restricting methionine we not only interdict viral replication, which depends on the viral RNA cap methyaltion, but also inhibit the proliferation of the infected cells, which have an increased requirement for methionine. Most importantly, the virally-induced T-cell- and macrophage-mediated cytokine storm, which seems to be a significant cause for Covid-19 deaths, can also be inhibited by restricting methionine, since T-cell and macrophrage activation greatly increases the methionine requirement for these cells. The evidence reviewed here suggests that oral recombinant methioninase could be a promising treatment for coronavirus patients.",2020-06-01
Covid 19-the 21st Century Pandemic: The Novel Coronavirus Outbreak and the Treatment Strategies.,"COVID -19 a global pandemic that has brought all the greater global countries to a hook. The novel coronavirus (SARS-CoV-2) outbreak was first reported in Wuhan, China which then started spreading to different countries around the world. ACE2 receptors are present in various organs but the overexpression of ACE2 at lung epithelia makes them more vulnerable to respiratory symptoms. SARS-CoV-2 binds to ACE2 receptors for entry into host cells which may serve as potential target for future therapy.Repurposing of drugs are the present strategy undertaken as the SARS-CoV-2 shows similar respiratory distress symptoms as in the case of SARS and MERS. At present the antiviral medications and vaccines are at the early stages and may take few months to years, to achieve their complete efficacy to solve the public crisis. The technological advancements have brought passive immunisation, which is an anecdotal success, but the ideal approach to future outbreaks of SARS-CoV-2 is done by vaccines that are under clinical trials. There are a large percentage of population under psychological crisis either due to the fear of infection or stress from the quarantine lives. High levels of viral loads at the initial stages cause higher chances of transmission hence immediate isolations and screening methods must be undertaken. This review mainly focuses on the treatment strategies followed with no definitive approval from authorities. This is an attempt to gather all the materialistic evidences available for now.",2021-01-30
COVID-19 Clinical trials: Quality matters more than quantity.,"Despite the ferment aroused in the scientific community by the COVID-19 outbreak and the over 11,000 papers listed in PubMed, published evidence on safe and effective drugs has not progressed yet at the same speed of the pandemic. However, clinical research is rapidly progressing, as shown by the hundreds of registered clinical trials on candidate drugs for COVID-19. Unfortunately, information on protocols of individual studies differs from registry to registry. Furthermore, study designs, criteria for stratification of patients and choice of outcomes are quite heterogeneous. All this makes data sharing and secondary analysis difficult. At last, small single centre studies and the use of drugs on a compassionate basis should be replaced by highly powered, multi-centre, multi-arm clinical trials, in order to provide the required evidence of safety and efficacy of novel or repurposed candidate drugs. Hopefully, the efforts of clinical researchers in the fight against the SARS Cov-2 will result into the identification of effective treatments. To make this possible, clinical research should be oriented by guidelines for more harmonized high-quality studies and by a united commitment of the scientific community to share personal knowledge and data. Allergists and clinical immunologists should have a leading role in this unprecedent challenge.",2020-06-19
Coronavirus Disease 2019 in Kidney Transplant Recipients: Single-Center Experience and Case-Control Study.,"<h4>Background</h4>Kidney transplant recipients (KTR) are considered high-risk for morbidity and mortality from coronavirus disease 2019 (COVID-19). However, some studies did not show worse outcomes compared to non-transplant patients and there is little data about immunosuppressant drug levels and secondary infections in KTR with COVID-19. Herein, we describe our single-center experience with COVID-19 in KTR.<h4>Methods</h4>We captured KTR diagnosed with COVID-19 between March 1, 2020 and May 18, 2020. After exclusion of KTR on hemodialysis and off immunosuppression, we compared the clinical course of COVID-19 between hospitalized KTR and non-transplant patients, matched by age and sex (controls).<h4>Results</h4>Eleven KTR were hospitalized and matched with 44 controls. One KTR and 4 controls died (case fatality rate: 9.1%). There were no significant differences in length of stay or clinical outcomes between KTR and controls. Tacrolimus or sirolimus levels were >10 ng/mL in 6 out of 9 KTR (67%). Bacterial infections were more frequent in KTR (36.3%), compared with controls (6.8%, P = .02).<h4>Conclusions</h4>In our small case series, unlike earlier reports from the pandemic epicenters, the clinical outcomes of KTR with COVID-19 were comparable to those of non-transplant patients. Calcineurin or mammalian target of rapamycin inhibitor (mTOR) levels were high. Bacterial infections were more common in KTR, compared with controls.",2021-01-13
Tocilizumab Use in a Chronic Hemodialysis Patient for the Management of COVID-19-Associated Pneumonia and Acute Respiratory Distress Syndrome.,"Novel coronavirus disease 2019 (COVID-19) is a highly infectious, rapidly spreading viral disease. As of writing this article, there are over 4.4 million people affected by COVID-19, and unfortunately, 300,000 have succumbed to the infection. In this article, we address a particularly more susceptible group of the population of end-stage renal disease (ESRD) patients on dialysis who may potentially benefit from being treated with tocilizumab. The use of tocilizumab has not been reported widely in ESRD patients on dialysis to treat COVID-19. In this case report, we describe a patient with ESRD on hemodialysis who was admitted to the intensive care unit, with severe pneumonia secondary to COVID-19 infection. This patient was treated with tocilizumab 400 mg intravenous and had a favorable outcome with no apparent adverse events.",2020-11-22
Neurological Consequences of SARS-CoV-2 Infection and Concurrence of Treatment-Induced Neuropsychiatric Adverse Events in COVID-19 Patients: Navigating the Uncharted.,"Severe acute respiratory syndrome coronavirus 2 (SARS-CoV-2) binds to the angiotensin-converting enzyme 2 (ACE2) receptor and invade the human cells to cause COVID-19-related pneumonia. Despite an emphasis on respiratory complications, the evidence of neurological manifestations of SARS-CoV-2 infection is rapidly growing, which is substantially contributing to morbidity and mortality. The neurological disorders associated with COVID-19 may have several pathophysiological underpinnings, which are yet to be explored. Hypothetically, SARS-CoV-2 may affect the central nervous system (CNS) either by direct mechanisms like neuronal retrograde dissemination and hematogenous dissemination, or via indirect pathways. CNS complications associated with COVID-19 include encephalitis, acute necrotizing encephalopathy, diffuse leukoencephalopathy, stroke (both ischemic and hemorrhagic), venous sinus thrombosis, meningitis, and neuroleptic malignant syndrome. These may result from different mechanisms, including direct virus infection of the CNS, virus-induced hyper-inflammatory states, and post-infection immune responses. On the other hand, the Guillain-Barre syndrome, hyposmia, hypogeusia, and myopathy are the outcomes of peripheral nervous system injury. Although the therapeutic potential of certain repurposed drugs has led to their off-label use against COVID-19, such as anti-retroviral drugs (remdesivir, favipiravir, and lopinavir-ritonavir combination), biologics (tocilizumab), antibiotics (azithromycin), antiparasitics (chloroquine and hydroxychloroquine), and corticosteroids (dexamethasone), unfortunately, the associated clinical neuropsychiatric adverse events remains a critical issue. Therefore, COVID-19 represents a major threat to the field of neuropsychiatry, as both the virus and the potential therapies may induce neurologic as well as psychiatric disorders. Notably, potential COVID-19 medications may also interact with the medications of pre-existing neuropsychiatric diseases, thereby further complicating the condition. From this perspective, this review will discuss the possible neurological manifestations and sequelae of SARS-CoV-2 infection with emphasis on the probable underlying neurotropic mechanisms. Additionally, we will highlight the concurrence of COVID-19 treatment-associated neuropsychiatric events and possible clinically relevant drug interactions, to provide a useful framework and help researchers, especially the neurologists in understanding the neurologic facets of the ongoing pandemic to control the morbidity and mortality.",2021-02-18
Therapeutic interventions for COVID-19: a living overview of reviews.,"<h4>Background</h4>Coronavirus disease 2019 (COVID-19) has rapidly spread worldwide, but safe and effective treatment options remain unavailable. Numerous systematic reviews of varying qualities have tried to summarize the evidence on the available therapeutic interventions for COVID-19. This overview of reviews aims to provide a succinct summary of the findings of systematic reviews on different pharmacological and non-pharmacological therapeutic interventions for COVID-19.<h4>Methods</h4>We searched PubMed, Embase, Google Scholar, Cochrane Database of Systematic Reviews, and WHO database of publications on COVID-19 from 1 December 2019 through to 11 June 2020 for peer-reviewed systematic review studies that reported on potential pharmacological or non-pharmacological therapies for COVID-19. Quality assessment was completed using A MeaSurement Tool to Assess systematic Reviews-2 (AMSTAR-2) measure.<h4>Results</h4>Out of 816 non-duplicate studies, 45 were included in the overview. Antiviral and antibiotic agents, corticosteroids, and anti-malarial agents were the most common drug classes used to treat COVID-19; however, there was no direct or strong evidence to support their efficacy. Oxygen therapy and ventilatory support was the most common non-pharmacological supportive care. The quality of most of the included reviews was rated as low or critically low.<h4>Conclusion</h4>This overview of reviews demonstrates that although some therapeutic interventions may be beneficial to specific subgroups of COVID-19 patients, the available data are insufficient to strongly recommend any particular treatment option to be used at a population level. Future systematic reviews on COVID-19 treatments should adhere to the recommended systematic review methodologies and ensure that promptness and comprehensiveness are balanced.<i>The reviews of this paper are available via the supplemental material section.</i>",2020-01-01
Coronavirus disease 2019 (COVID-19): latest developments in potential treatments.,"Many viral respiratory infections can cause severe acute respiratory symptoms leading to mortality and morbidity. In the spring of 2003, the severe acute respiratory syndrome (SARS) outbreak caused by SARS-CoV spread globally. In the summer of 2012, the Middle East respiratory syndrome (MERS) outbreak caused by MERS-CoV occurred in Saudi Arabia. In the winter of 2019, the coronavirus disease 2019 (COVID-19) outbreak caused by a novel coronavirus SARS-CoV-2 occurred in China which rapidly spread worldwide causing a global pandemic. Up until 27 May 2020, there are 5.5 million confirmed cases of COVID-19 and 347,587 COVID-19 related deaths worldwide, and there has also been an unprecedented increase in socioeconomic and psychosocial issues related to COVID-19. This overview aims to review the current developments in preventive treatments and therapies for COVID-19. The development of vaccines for SARS-CoV-2 is ongoing and various clinical trials are currently underway around the world. It is hoped that existing antivirals including remdesivir and lopinavir-ritonavir might have roles in the treatment of COVID-19, but results from trials thus far have not been promising. COVID-19 causes a mild respiratory disease in the majority of cases, but in some cases, cytokine activation causes sepsis and acute respiratory distress syndrome, leading to morbidity and mortality. Immunomodulatory treatments and biologics are also being actively explored as therapeutics for COVID-19. On the other hand, the use of steroidal and nonsteroidal anti-inflammatory drugs (NSAIDs) has been discouraged based on concerns about their adverse effects. Over the past two decades, coronaviruses have caused major epidemics and outbreaks worldwide, whilst modern medicine has been playing catch-up all along.",2020-06-29
Current status of COVID-19 treatment: An opinion review.,"The pandemic severe acute respiratory syndrome coronavirus 2 (SARS-CoV-2) infection has garnered the attention of scientists worldwide in the search for an effective treatment while also focusing on vaccine development. Several drugs have been used for the management of coronavirus disease 2019 (COVID-19), which has affected many hospitals and health centers worldwide. Statistically significant results are lacking on the effectiveness of the experimented drugs in reducing COVID-19 morbidity or mortality, as there are very few published randomized clinical trials. Despite this, the literature offers some material for study and reflection. This opinion review attempts to address three burning questions on COVID-19 treatment options. (1) What kind of studies are currently published or ongoing in the treatment of patients with COVID-19? (2) What drugs are currently described in the literature as options of treatment for patients affected by the infection? And (3) Are there specific clinical manifestations related to COVID-19 that can be treated with a customized and targeted therapy? By answering these questions, we wish to create a summary of current COVID-19 treatments and the anti-COVID-19 treatments proposed in the recent clinical trials developed in the last 3 mo, and to describe examples of clinical manifestations of the SARS-CoV-2 infection with a cause-related treatment.",2020-09-01
Pharmacological strategies to prevent SARS-CoV-2 infection and treat the early phases of COVID-19.,"A novel coronavirus, severe acute respiratory syndrome coronavirus-2 (SARS-CoV-2), is the cause of coronavirus disease 2019 (COVID-19). It emerged in China in 2019 and has since spread worldwide. COVID-19 has a wide spectrum of clinical scenarios, ranging from totally asymptomatic to death. Prevention remains the best approach against SARS-CoV-2 infection and a number of strategies have been adopted, including social and medical interventions. Some vaccines have been proposed and several pharmacological approaches, mainly based on repurposing drugs, are currently under investigation and require validation. This review summarizes the ongoing clinical trials using pharmacological strategies, including vaccines, as prophylaxis to avoid SARS-CoV-2 infection or limit its transmission, and as early treatment of COVID-19 to prevent severe clinical outcomes.",2021-01-18
Evaluation of the Effect of Sofosbuvir and Daclatasvir in Hospitalised COVID-19 Patients: A Randomized Double-Blind Clinical Trial (DISCOVER),"Background:  The combination of sofosbuvir (SOF) and daclatasvir (DCV) has shown preliminary efficacy for patients with COVID-19 in five open-label studies with small sample sizes. This larger trial aimed to assess if the addition of sofosbuvir and daclatasvir to standard care improved clinical endpoints in hospitalized patients with moderate or severe COVID-19. <br><br>Methods:  This was a placebo-controlled, randomized clinical trial in adults with moderate or severe COVID-19 admitted to 19 hospitals in Iran. Patients were randomized to SOF/DCV 400/60mg once-daily or placebo in addition to standard of care. Patients were included if they had positive PCR or diagnostic chest CT, O  2  saturation <95%, and compatible symptoms. The primary endpoint was discharge from hospital within 10 days of first treatment.  The trial is registered on Iran Registry of Clinical Trials under IRCT20200624047908N1 available at  https://www.irct.ir/trial/49198.<br><br>Results:  Between July and October 2020, 1083 patients were allocated to either the SOF/DCV treatment arm (n=541) or matching placebo (n=542). The primary endpoint was achieved by 358  /  541 (66%) in the SOF/DCV arm and 370 /542 (68%) in controls (relative risk = 0.97, 95% CI = 0.89-1.05). The in-hospital death rates were 58/541 (11%) in the SOF/DCV group versus 53/542 (10%) in the placebo group (relative risk = 1.1, 95% CI = 0.77 to 1.56). <br><br>Conclusions:  We observed no significant effect of SOF/DCV versus placebo on the rate of hospital discharge or survival in hospitalized COVID-19 patients. However, the patient population was generally severe cases that may have been too advanced for antiviral drugs to be effective. <br><br>Trial Registration:  Iran Registry of Clinical Trials under IRCT20200624047908N1 available at  https://www.irct.ir/trial/49198.<br><br>Funding:  This trial was sponsored by Abadan University of Medical Sciences and funded by the International Treatment Preparedness Coalition (grant number ITPC-2020)<br><br>Declaration of Interests: S.Merat has received travel grants from and is a stockholder of Fanavaran Rojan Mohaghegh Daru Co. ANB and HNB are stockholders of Fanavaran Rojan Mohaghegh Daru Co. All other authors: none to declare.<br><br>Ethics Approval Statement: The study protocol has been approved by the Abadan Faculty of Medicine Sciences Institutional Review Board and the Iranian Registry of Clinical Trials (IRCT) registry team.",2021-02-25
Ten things you need to know about intensive care unit management of mechanically ventilated patients with COVID-19.,"<b>Introduction:</b> The ongoing pandemic caused by severe acute respiratory syndrome coronavirus-2 (SARS-CoV-2) has posed important challenges for clinicians and health-care systems worldwide.<b>Areas covered:</b> The aim of this manuscript is to provide brief guidance for intensive care unit management of mechanically ventilated patients with COVID-19 based on the literature and our direct experience with this population. PubMed, EBSCO, and the Cochrane Library were searched up until 15th of January 2021 for relevant literature.<b>Expert opinion:</b> Initially, the respiratory management of COVID-19 relied on the general therapeutic principles for acute respiratory distress syndrome; however, recent findings have suggested that the pathophysiology of hypoxemia in patients with COVID-19 presents specific features and changes over time. Several therapies, including antiviral and anti-inflammatory agents, have been proposed recently. The optimal intensive care unit management of patients with COVID-19 remains unclear; therefore, ongoing and future clinical trials are warranted to clarify the optimal strategies to adopt in this cohort of patients.",2021-04-06
